rating_band,rows,return_count,return_rate,avg_amount,return_rate_pct,lift_vs_average
<=3.8,7291,2495,0.3422027156768619,1923.2665615141955,34.22,1.17
3.8-4.2,14986,4508,0.30081409315361,1890.3330108100895,30.08,1.029
>4.6,10168,2944,0.2895357985837923,2874.770407159717,28.95,0.99
4.2-4.6,17555,4672,0.2661350042722871,1762.7429792082028,26.61,0.91
