channel_type,rows,return_count,return_rate,avg_amount,return_rate_pct,lift_vs_average
TikTok,12729,3780,0.29695969832665564,2042.0547175740435,29.7,1.016
Mobile_App,12246,3585,0.2927486526212641,2067.4546382492244,29.27,1.001
TV_Show,12438,3615,0.29064158224794984,2058.7621402154687,29.06,0.994
Shopee,12587,3639,0.2891078096448717,2034.5148168745532,28.91,0.989
