discount_band,rows,return_count,return_rate,avg_amount,return_rate_pct,lift_vs_average
>25%,359,132,0.36768802228412256,1452.0612813370474,36.77,1.258
15-25%,4173,1523,0.3649652528157201,1773.83345315121,36.5,1.248
10-15%,8755,3160,0.36093660765276986,1933.1223300970873,36.09,1.234
<=5%,20753,5659,0.2726834674504891,2160.4514287091024,27.27,0.933
5-10%,15960,4145,0.25971177944862156,2057.822932330827,25.97,0.888
