history_band,rows,return_count,return_rate,avg_amount,return_rate_pct,lift_vs_average
75-100%,3156,1558,0.49366286438529783,2003.8970215462612,49.37,1.688
50-75%,3950,1600,0.4050632911392405,2005.7582278481013,40.51,1.385
25-50%,12583,4214,0.33489628864340776,2087.1825478820633,33.49,1.145
0-25%,9448,2471,0.26153683319221,2078.452370872142,26.15,0.895
0,20863,4776,0.228922015050568,2031.3188659349087,22.89,0.783
