payment_method,rows,return_count,return_rate,avg_amount,return_rate_pct,lift_vs_average
COD,16991,5472,0.32205285150962276,2046.7310046495204,32.21,1.101
Bank_Transfer,16810,4701,0.2796549672813801,2061.4884592504463,27.97,0.956
Credit_Card,16199,4446,0.27446138650533985,2043.154392246435,27.45,0.939
