membership_tier,rows,return_count,return_rate,avg_amount,return_rate_pct,lift_vs_average
Platinum,2214,839,0.37895212285456187,1772.2314814814815,37.9,1.296
Gold,8301,3059,0.3685098180942055,1916.970365016263,36.85,1.26
Bronze,22689,6265,0.27612499449072236,2139.0621226144826,27.61,0.944
Silver,16796,4456,0.265301262205287,2033.639765420338,26.53,0.907
