province,rows,return_count,return_rate,avg_amount,return_rate_pct,lift_vs_average
Remote_Area,8003,2972,0.371360739722604,2020.456516306385,37.14,1.27
Songkhla,6198,1824,0.2942884801548887,2039.503146176186,29.43,1.007
Chonburi,6310,1836,0.29096671949286845,2062.67852614897,29.1,0.995
Phuket,6678,1915,0.2867625037436358,2075.5935160227614,28.68,0.981
Khon Kaen,6309,1753,0.27785702964019654,2049.3409415121255,27.79,0.95
Nonthaburi,5548,1515,0.27307137707281903,2034.5109949531363,27.31,0.934
Chiang Mai,6013,1553,0.2582737402295027,2040.8307833028439,25.83,0.883
Bangkok,4941,1251,0.25318761384335153,2095.029751062538,25.32,0.866
