category,rows,return_count,return_rate,avg_amount,return_rate_pct,lift_vs_average
Electronics,9828,3086,0.314000814000814,1982.9004375254376,31.4,1.074
Fashion,9609,2962,0.3082526797793735,1871.8338536788428,30.83,1.054
Home_Appliance,9895,2942,0.29732187973724106,3149.723597776655,29.73,1.017
Cosmetics,10523,2988,0.2839494440748836,1722.645633374513,28.39,0.971
Supplement,10145,2641,0.26032528339083294,1553.3142927550518,26.03,0.89
