order_id,customer_id,order_date,gender,age,membership_tier,preferred_channel,province,customer_age_days,category,brand,is_fragile,product_rating,promo_type,promo_discount_rate,channel_type,payment_method,quantity,unit_price,total_discount_pct,discount_applied_amount,total_amount,delivery_time_expected_days,order_hour,order_month,order_dayofweek,is_weekend,is_returned
LGS1ORD0000001,C001196,2025-01-01 00:00:00,Male,26,Bronze,TV,Bangkok,195,Electronics,ShieldCase,True,3.79,Clearance,0.25,TV_Show,COD,2,6852.69,0.28,3837.51,9867.87,5,0,1,2,0,0
LGS1ORD0000002,C000770,2025-01-01 02:00:00,Male,45,Gold,Shopee,Nakhon Ratchasima,480,Fashion,UrbanWear,False,3.45,Campaign,0.1,Web,Credit_Card,1,955.17,0.18,171.93,783.24,4,2,1,2,0,0
LGS1ORD0000003,C000501,2025-01-01 04:00:00,Male,40,Silver,Shopee,Nakhon Ratchasima,558,Kitchen,ChefHome,False,3.83,Clearance,0.2,Web,Credit_Card,1,2275.17,0.25,568.79,1706.38,1,4,1,2,0,1
LGS1ORD0000004,C000672,2025-01-01 06:00:00,Male,47,Silver,CallCenter,Phuket,774,Home_Appliance,PureAir,False,4.16,Clearance,0.25,Web,Bank_Transfer,3,10350.57,0.3,9315.51,21736.19,1,6,1,2,0,0
LGS1ORD0000005,C001034,2025-01-01 08:00:00,Male,33,Platinum,CallCenter,Khon Kaen,1378,Home_Appliance,CleanMate,True,4.08,Campaign,0.05,Web,COD,4,12555.1,0.15,7533.06,42687.35,4,8,1,2,0,0
LGS1ORD0000006,C001191,2025-01-01 10:00:00,Female,33,Gold,CallCenter,Chonburi,436,Health,VitaLife,True,4.31,Campaign,0.15,Lazada,Credit_Card,2,2969.86,0.2299999999999999,1366.14,4573.59,1,10,1,2,0,0
LGS1ORD0000007,C000089,2025-01-01 11:00:00,Male,39,Bronze,TV,Khon Kaen,1183,Home_Appliance,CleanMate,False,3.81,Clearance,0.25,Web,COD,1,11452.38,0.28,3206.67,8245.71,4,11,1,2,0,0
LGS1ORD0000008,C000996,2025-01-01 13:00:00,Male,42,Gold,Shopee,Nakhon Ratchasima,1382,Electronics,ShieldCase,False,3.97,Campaign,0.05,TV_Show,Credit_Card,2,2887.99,0.13,750.88,5025.11,3,13,1,2,0,0
LGS1ORD0000009,C000182,2025-01-01 15:00:00,Male,53,Bronze,Web,Khon Kaen,979,Electronics,ShieldCase,False,3.63,Campaign,0.15,TV_Show,Credit_Card,2,5172.55,0.18,1862.12,8482.99,3,15,1,2,0,0
LGS1ORD0000010,C000873,2025-01-01 17:00:00,Male,49,Gold,Lazada,Khon Kaen,514,Health,MediCare,False,4.37,No Promotion,0.0,Shopee,Credit_Card,2,3562.54,0.08,570.01,6555.07,4,17,1,2,0,0
LGS1ORD0000011,C000552,2025-01-01 19:00:00,Female,34,Silver,TV,Khon Kaen,1294,Kitchen,ChefHome,False,3.91,Campaign,0.05,CallCenter,COD,1,4276.42,0.1,427.64,3848.78,1,19,1,2,0,1
LGS1ORD0000012,C001021,2025-01-01 21:00:00,Female,29,Gold,Lazada,Phuket,252,Kitchen,ChefHome,False,3.68,Clearance,0.2,Web,COD,2,3466.63,0.28,1941.32,4991.95,3,21,1,2,0,1
LGS1ORD0000013,C000374,2025-01-01 23:00:00,Male,39,Gold,TV,Chiang Mai,1315,Electronics,ShieldCase,False,3.61,Clearance,0.25,CallCenter,COD,4,8543.81,0.33,11277.82,22897.4,3,23,1,2,0,1
LGS1ORD0000014,C000464,2025-01-02 01:00:00,Female,28,Platinum,Lazada,Chonburi,1330,Electronics,ShieldCase,False,3.69,No Promotion,0.0,TV_Show,Credit_Card,1,6816.33,0.1,681.63,6134.7,3,1,1,3,0,0
LGS1ORD0000015,C000243,2025-01-02 03:00:00,Female,35,Bronze,Lazada,Bangkok,1047,Fashion,SilkTouch,True,3.72,Clearance,0.2,Web,Bank_Transfer,3,910.63,0.23,628.34,2103.57,3,3,1,3,0,0
LGS1ORD0000016,C000684,2025-01-02 05:00:00,Female,48,Platinum,Lazada,Chonburi,1134,Health,MediCare,False,4.35,Campaign,0.1,Shopee,COD,1,4018.53,0.2,803.71,3214.83,3,5,1,3,0,0
LGS1ORD0000017,C000939,2025-01-02 06:00:00,Male,42,Gold,Web,Khon Kaen,587,Cosmetics,FreshLook,False,4.13,Campaign,0.05,Web,Bank_Transfer,1,818.45,0.13,106.4,712.06,3,6,1,3,0,0
LGS1ORD0000018,C001056,2025-01-02 08:00:00,Female,42,Silver,TV,Bangkok,792,Electronics,NovaTech,False,4.12,Campaign,0.1,Web,Bank_Transfer,2,10745.48,0.15,3223.64,18267.32,3,8,1,3,0,0
LGS1ORD0000019,C000860,2025-01-02 10:00:00,Female,45,Silver,Lazada,Bangkok,19,Health,WellPlus,False,4.29,Campaign,0.15,TV_Show,COD,1,2544.55,0.2,508.91,2035.64,4,10,1,3,0,0
LGS1ORD0000020,C000178,2025-01-02 12:00:00,Female,42,Gold,TV,Chonburi,985,Electronics,NovaTech,True,3.64,Clearance,0.25,TV_Show,Credit_Card,1,1481.93,0.33,489.04,992.9,3,12,1,3,0,0
LGS1ORD0000021,C000970,2025-01-02 14:00:00,Male,28,Gold,Lazada,Chiang Mai,800,Kitchen,CookEasy,True,4.25,No Promotion,0.0,Shopee,Bank_Transfer,2,1997.75,0.08,319.64,3675.85,1,14,1,3,0,0
LGS1ORD0000022,C000516,2025-01-02 16:00:00,Male,50,Bronze,Lazada,Chonburi,52,Home_Appliance,CleanMate,False,3.89,Campaign,0.1,Lazada,COD,1,10621.63,0.13,1380.81,9240.82,4,16,1,3,0,0
LGS1ORD0000023,C000839,2025-01-02 18:00:00,Male,21,Bronze,Web,Khon Kaen,294,Electronics,GadgetWorld,True,3.92,No Promotion,0.0,TV_Show,Credit_Card,2,6554.12,0.03,393.25,12715.0,3,18,1,3,0,0
LGS1ORD0000024,C001075,2025-01-02 20:00:00,Male,33,Silver,Shopee,Nakhon Ratchasima,555,Cosmetics,FreshLook,True,3.82,Clearance,0.2,Shopee,COD,1,1612.53,0.25,403.13,1209.4,4,20,1,3,0,0
LGS1ORD0000025,C001097,2025-01-02 22:00:00,Female,47,Silver,TV,Chiang Mai,1076,Cosmetics,Beauty Lab,False,3.82,Clearance,0.2,CallCenter,PromptPay,1,1783.57,0.25,445.89,1337.68,4,22,1,3,0,0
LGS1ORD0000026,C000447,2025-01-03 00:00:00,Female,54,Platinum,TV,Bangkok,857,Cosmetics,SunSafe,False,4.09,Campaign,0.15,TV_Show,PromptPay,1,2158.27,0.25,539.57,1618.7,3,0,1,4,0,0
LGS1ORD0000027,C000243,2025-01-03 01:00:00,Female,35,Bronze,Lazada,Bangkok,1048,Fashion,SilkTouch,False,3.77,Clearance,0.25,Web,COD,4,1011.7,0.28,1133.11,2913.7,5,1,1,4,0,1
LGS1ORD0000028,C000494,2025-01-03 03:00:00,Female,65,Bronze,Lazada,Bangkok,398,Kitchen,KitchenMax,True,3.76,Campaign,0.15,Web,COD,1,3202.27,0.18,576.41,2625.86,3,3,1,4,0,0
LGS1ORD0000029,C000743,2025-01-03 05:00:00,Male,48,Bronze,Lazada,Khon Kaen,719,Cosmetics,FreshLook,False,4.13,No Promotion,0.0,CallCenter,Bank_Transfer,4,877.68,0.03,105.32,3405.4,4,5,1,4,0,0
LGS1ORD0000030,C000660,2025-01-03 07:00:00,Female,24,Platinum,Shopee,Bangkok,700,Kitchen,ChefHome,True,4.23,Clearance,0.25,TV_Show,COD,2,2009.51,0.35,1406.66,2612.37,3,7,1,4,0,0
LGS1ORD0000031,C000630,2025-01-03 09:00:00,Male,62,Gold,CallCenter,Chonburi,364,Fashion,UrbanWear,True,3.78,Clearance,0.2,CallCenter,COD,1,1647.72,0.28,461.36,1186.36,5,9,1,4,0,1
LGS1ORD0000032,C000479,2025-01-03 11:00:00,Male,55,Silver,Web,Bangkok,1404,Health,MediCare,False,4.55,Campaign,0.1,Lazada,COD,3,815.41,0.15,366.93,2079.29,1,11,1,4,0,0
LGS1ORD0000033,C000099,2025-01-03 13:00:00,Female,37,Silver,TV,Chonburi,237,Home_Appliance,PureAir,True,3.62,Campaign,0.1,CallCenter,Credit_Card,1,10389.25,0.15,1558.39,8830.86,5,13,1,4,0,0
LGS1ORD0000034,C000216,2025-01-03 15:00:00,Male,43,Bronze,CallCenter,Nakhon Ratchasima,626,Cosmetics,SunSafe,True,3.66,No Promotion,0.0,TV_Show,COD,1,1205.07,0.03,36.15,1168.92,1,15,1,4,0,1
LGS1ORD0000035,C000086,2025-01-03 17:00:00,Male,63,Bronze,TV,Phuket,1359,Kitchen,CookEasy,False,4.01,Clearance,0.2,CallCenter,Bank_Transfer,2,1771.84,0.23,815.05,2728.64,3,17,1,4,0,0
LGS1ORD0000036,C001106,2025-01-03 19:00:00,Female,47,Bronze,Shopee,Bangkok,887,Home_Appliance,PureAir,False,4.42,No Promotion,0.0,Web,COD,2,9370.27,0.03,562.22,18178.33,5,19,1,4,0,0
LGS1ORD0000037,C000097,2025-01-03 20:00:00,Female,31,Bronze,TV,Chiang Mai,731,Kitchen,KitchenMax,True,3.98,No Promotion,0.0,Shopee,PromptPay,1,2655.45,0.03,79.66,2575.79,3,20,1,4,0,0
LGS1ORD0000038,C000809,2025-01-03 22:00:00,Male,49,Bronze,TV,Chonburi,1123,Home_Appliance,PureAir,False,4.16,Clearance,0.25,Lazada,COD,2,9700.97,0.28,5432.54,13969.39,3,22,1,4,0,1
LGS1ORD0000039,C000902,2025-01-04 00:00:00,Female,62,Silver,Lazada,Bangkok,888,Home_Appliance,PureAir,True,4.2,Campaign,0.05,CallCenter,Bank_Transfer,1,12050.68,0.1,1205.07,10845.61,3,0,1,5,1,0
LGS1ORD0000040,C001196,2025-01-04 02:00:00,Male,26,Bronze,TV,Bangkok,198,Electronics,GadgetWorld,False,3.78,Campaign,0.15,TV_Show,PromptPay,1,5849.82,0.18,1052.97,4796.85,1,2,1,5,1,1
LGS1ORD0000041,C000329,2025-01-04 04:00:00,Male,52,Bronze,Web,Bangkok,118,Kitchen,ChefHome,False,4.15,No Promotion,0.0,CallCenter,PromptPay,2,4384.17,0.03,263.05,8505.28,3,4,1,5,1,0
LGS1ORD0000042,C000391,2025-01-04 06:00:00,Female,49,Bronze,Lazada,Bangkok,308,Electronics,NovaTech,False,3.92,Campaign,0.15,Web,COD,1,9072.25,0.18,1633.01,7439.25,5,6,1,5,1,0
LGS1ORD0000043,C000118,2025-01-04 08:00:00,Female,23,Silver,Lazada,Nakhon Ratchasima,1451,Kitchen,ChefHome,False,4.32,Campaign,0.15,TV_Show,COD,1,4484.85,0.2,896.97,3587.88,5,8,1,5,1,0
LGS1ORD0000044,C001111,2025-01-04 10:00:00,Male,29,Silver,TV,Bangkok,389,Home_Appliance,CleanMate,False,3.81,Campaign,0.15,Web,COD,1,6126.82,0.2,1225.36,4901.46,1,10,1,5,1,1
LGS1ORD0000045,C000399,2025-01-04 12:00:00,Female,50,Gold,TV,Nakhon Ratchasima,784,Fashion,FitStyle,False,3.75,Campaign,0.05,Lazada,COD,1,1930.4,0.13,250.95,1679.45,5,12,1,5,1,0
LGS1ORD0000046,C000692,2025-01-04 14:00:00,Female,58,Bronze,TV,Chonburi,741,Cosmetics,FreshLook,False,4.0,Campaign,0.05,TV_Show,COD,1,2290.27,0.08,183.22,2107.05,1,14,1,5,1,0
LGS1ORD0000047,C000932,2025-01-04 15:00:00,Other,54,Bronze,Lazada,Chiang Mai,1010,Fashion,FitStyle,False,3.91,Campaign,0.05,TV_Show,COD,1,1381.08,0.08,110.49,1270.59,3,15,1,5,1,1
LGS1ORD0000048,C000879,2025-01-04 17:00:00,Male,30,Bronze,TV,Phuket,539,Fashion,UrbanWear,False,3.69,Campaign,0.1,Shopee,COD,1,507.24,0.13,65.94,441.3,3,17,1,5,1,0
LGS1ORD0000049,C001120,2025-01-04 19:00:00,Female,18,Bronze,TV,Khon Kaen,98,Kitchen,ChefHome,False,4.22,Clearance,0.2,Shopee,COD,3,1216.39,0.23,839.31,2809.85,3,19,1,5,1,0
LGS1ORD0000050,C000956,2025-01-04 21:00:00,Female,48,Bronze,TV,Nakhon Ratchasima,34,Kitchen,CookEasy,True,4.09,Clearance,0.2,TV_Show,Credit_Card,1,4060.65,0.23,933.95,3126.7,5,21,1,5,1,0
LGS1ORD0000051,C000084,2025-01-04 23:00:00,Male,52,Silver,Shopee,Bangkok,1275,Home_Appliance,PureAir,True,4.06,Campaign,0.15,Lazada,PromptPay,2,4311.98,0.2,1724.79,6899.17,5,23,1,5,1,0
LGS1ORD0000052,C000937,2025-01-05 01:00:00,Female,51,Silver,CallCenter,Bangkok,331,Electronics,GadgetWorld,False,3.89,Campaign,0.15,Lazada,Credit_Card,1,3111.09,0.2,622.22,2488.87,1,1,1,6,1,0
LGS1ORD0000053,C000192,2025-01-05 03:00:00,Female,47,Bronze,TV,Bangkok,853,Electronics,NovaTech,False,3.81,No Promotion,0.0,Shopee,COD,1,9697.11,0.03,290.91,9406.2,4,3,1,6,1,0
LGS1ORD0000054,C000211,2025-01-05 05:00:00,Male,46,Bronze,Lazada,Chonburi,1036,Fashion,UrbanWear,True,3.61,Campaign,0.1,Lazada,Bank_Transfer,2,1107.63,0.13,287.98,1927.27,4,5,1,6,1,0
LGS1ORD0000055,C000168,2025-01-05 07:00:00,Female,32,Gold,Web,Chiang Mai,306,Electronics,GadgetWorld,False,3.74,No Promotion,0.0,Shopee,Credit_Card,2,1413.69,0.08,226.19,2601.18,1,7,1,6,1,1
LGS1ORD0000056,C000654,2025-01-05 09:00:00,Female,57,Gold,TV,Chonburi,361,Fashion,FitStyle,False,3.75,Clearance,0.25,Shopee,PromptPay,2,2063.83,0.33,1362.13,2765.54,4,9,1,6,1,0
LGS1ORD0000057,C000652,2025-01-05 10:00:00,Female,28,Gold,Shopee,Phuket,1244,Kitchen,ChefHome,False,4.02,No Promotion,0.0,Shopee,Credit_Card,1,639.62,0.08,51.17,588.45,3,10,1,6,1,0
LGS1ORD0000058,C000880,2025-01-05 12:00:00,Female,26,Gold,Shopee,Chonburi,445,Home_Appliance,PureAir,True,4.21,Clearance,0.2,TV_Show,Bank_Transfer,1,13497.0,0.28,3779.16,9717.84,3,12,1,6,1,0
LGS1ORD0000059,C001104,2025-01-05 14:00:00,Female,30,Silver,Web,Chiang Mai,922,Health,WellPlus,False,4.15,Clearance,0.2,TV_Show,COD,1,2433.01,0.25,608.25,1824.75,5,14,1,6,1,0
LGS1ORD0000060,C000727,2025-01-05 16:00:00,Other,43,Silver,Lazada,Songkhla,1011,Cosmetics,FreshLook,False,4.0,No Promotion,0.0,CallCenter,Credit_Card,1,334.12,0.05,16.71,317.41,4,16,1,6,1,1
LGS1ORD0000061,C000503,2025-01-05 18:00:00,Male,42,Gold,Lazada,Bangkok,1321,Cosmetics,SunSafe,False,3.9,No Promotion,0.0,Lazada,COD,1,2058.37,0.08,164.67,1893.7,5,18,1,6,1,0
LGS1ORD0000062,C000731,2025-01-05 20:00:00,Male,40,Silver,Web,Bangkok,163,Cosmetics,Beauty Lab,False,4.18,No Promotion,0.0,Lazada,COD,3,544.05,0.05,81.61,1550.55,1,20,1,6,1,0
LGS1ORD0000063,C000769,2025-01-05 22:00:00,Male,32,Bronze,Shopee,Chiang Mai,674,Home_Appliance,PureAir,True,4.2,Clearance,0.2,Web,COD,1,6415.78,0.23,1475.63,4940.15,4,22,1,6,1,1
LGS1ORD0000064,C000789,2025-01-06 00:00:00,Other,22,Bronze,Shopee,Chonburi,126,Health,WellPlus,True,4.28,Clearance,0.2,TV_Show,Credit_Card,3,1353.12,0.23,933.65,3125.71,4,0,1,0,0,0
LGS1ORD0000065,C000081,2025-01-06 02:00:00,Male,45,Bronze,CallCenter,Remote_Area,206,Electronics,GadgetWorld,False,4.07,Clearance,0.2,Shopee,PromptPay,1,1200.03,0.23,276.01,924.03,1,2,1,0,0,1
LGS1ORD0000066,C000973,2025-01-06 04:00:00,Female,50,Bronze,TV,Bangkok,907,Home_Appliance,CleanMate,False,4.05,Campaign,0.1,TV_Show,Credit_Card,2,9913.17,0.13,2577.42,17248.92,3,4,1,0,0,0
LGS1ORD0000067,C000608,2025-01-06 05:00:00,Female,62,Bronze,Web,Remote_Area,1214,Electronics,GadgetWorld,False,3.78,Campaign,0.05,Shopee,Credit_Card,1,5549.36,0.08,443.95,5105.41,5,5,1,0,0,1
LGS1ORD0000068,C000047,2025-01-06 07:00:00,Male,30,Silver,Web,Songkhla,1277,Fashion,FitStyle,False,3.44,Campaign,0.05,TV_Show,COD,3,837.36,0.1,251.21,2260.86,1,7,1,0,0,0
LGS1ORD0000069,C000803,2025-01-06 09:00:00,Female,26,Gold,TV,Bangkok,1063,Kitchen,CookEasy,False,3.92,Campaign,0.15,Lazada,PromptPay,1,2774.42,0.2299999999999999,638.12,2136.3,3,9,1,0,0,0
LGS1ORD0000070,C000859,2025-01-06 11:00:00,Male,43,Gold,Web,Nakhon Ratchasima,552,Home_Appliance,CleanMate,False,4.14,No Promotion,0.0,Web,Credit_Card,1,13690.26,0.08,1095.22,12595.04,3,11,1,0,0,0
LGS1ORD0000071,C001198,2025-01-06 13:00:00,Female,18,Silver,TV,Bangkok,699,Cosmetics,SunSafe,True,4.7,No Promotion,0.0,Shopee,Credit_Card,1,1751.76,0.05,87.59,1664.18,5,13,1,0,0,0
LGS1ORD0000072,C000986,2025-01-06 15:00:00,Male,27,Bronze,TV,Remote_Area,501,Fashion,UrbanWear,False,3.69,Campaign,0.05,TV_Show,Credit_Card,1,2432.34,0.08,194.59,2237.76,1,15,1,0,0,0
LGS1ORD0000073,C000207,2025-01-06 17:00:00,Female,49,Silver,CallCenter,Remote_Area,884,Kitchen,KitchenMax,True,3.89,Clearance,0.25,Web,COD,2,3194.62,0.3,1916.77,4472.47,4,17,1,0,0,0
LGS1ORD0000074,C001153,2025-01-06 19:00:00,Female,54,Bronze,Web,Chiang Mai,374,Home_Appliance,CleanMate,True,4.1,No Promotion,0.0,Shopee,PromptPay,1,1283.3,0.03,38.5,1244.8,3,19,1,0,0,0
LGS1ORD0000075,C000910,2025-01-06 21:00:00,Female,37,Platinum,Shopee,Khon Kaen,813,Health,MediCare,False,4.37,Campaign,0.05,Web,COD,1,3535.75,0.15,530.36,3005.39,3,21,1,0,0,0
LGS1ORD0000076,C001117,2025-01-06 23:00:00,Male,45,Bronze,TV,Nakhon Ratchasima,748,Cosmetics,Beauty Lab,False,3.9,Campaign,0.1,TV_Show,COD,1,1643.16,0.13,213.61,1429.55,4,23,1,0,0,1
LGS1ORD0000077,C000192,2025-01-07 00:00:00,Female,47,Bronze,TV,Bangkok,855,Health,VitaLife,False,4.44,No Promotion,0.0,CallCenter,COD,1,1580.82,0.03,47.42,1533.39,1,0,1,1,0,0
LGS1ORD0000078,C000155,2025-01-07 02:00:00,Male,44,Gold,CallCenter,Songkhla,793,Fashion,UrbanWear,False,3.29,Campaign,0.15,Shopee,PromptPay,1,1061.22,0.2299999999999999,244.08,817.14,3,2,1,1,0,0
LGS1ORD0000079,C000822,2025-01-07 04:00:00,Female,44,Silver,TV,Bangkok,1464,Fashion,UrbanWear,False,3.81,Campaign,0.1,Web,COD,2,1751.07,0.15,525.32,2976.83,3,4,1,1,0,0
LGS1ORD0000080,C000953,2025-01-07 06:00:00,Male,24,Bronze,Shopee,Nakhon Ratchasima,620,Electronics,NovaTech,False,4.12,Clearance,0.2,TV_Show,COD,3,11041.35,0.23,7618.53,25505.53,3,6,1,1,0,1
LGS1ORD0000081,C000345,2025-01-07 08:00:00,Female,50,Bronze,CallCenter,Nakhon Ratchasima,825,Cosmetics,SunSafe,False,4.53,Campaign,0.05,Web,COD,4,836.74,0.08,267.76,3079.2,4,8,1,1,0,0
LGS1ORD0000082,C000073,2025-01-07 10:00:00,Female,54,Silver,CallCenter,Chiang Mai,69,Home_Appliance,PureAir,False,4.25,Campaign,0.05,TV_Show,COD,1,8065.18,0.1,806.52,7258.66,1,10,1,1,0,0
LGS1ORD0000083,C000111,2025-01-07 12:00:00,Male,43,Silver,TV,Chonburi,813,Electronics,ShieldCase,False,3.97,Campaign,0.15,Web,COD,2,2812.57,0.2,1125.03,4500.1,4,12,1,1,0,0
LGS1ORD0000084,C000585,2025-01-07 14:00:00,Male,18,Bronze,TV,Chonburi,486,Home_Appliance,CleanMate,False,3.82,Campaign,0.1,Shopee,COD,2,2244.07,0.13,583.46,3904.68,1,14,1,1,0,1
LGS1ORD0000085,C000022,2025-01-07 16:00:00,Male,45,Silver,Web,Phuket,1425,Kitchen,ChefHome,False,4.0,No Promotion,0.0,Web,Bank_Transfer,3,3571.29,0.05,535.69,10178.18,5,16,1,1,0,0
LGS1ORD0000086,C000857,2025-01-07 18:00:00,Female,56,Bronze,Shopee,Songkhla,1168,Kitchen,ChefHome,False,4.0,Campaign,0.05,CallCenter,COD,2,3142.31,0.08,502.77,5781.86,3,18,1,1,0,0
LGS1ORD0000087,C000741,2025-01-07 19:00:00,Female,69,Bronze,TV,Chiang Mai,353,Fashion,FitStyle,False,3.75,Clearance,0.25,CallCenter,COD,1,2140.29,0.28,599.28,1541.01,1,19,1,1,0,0
LGS1ORD0000088,C000342,2025-01-07 21:00:00,Female,45,Gold,Lazada,Bangkok,438,Cosmetics,SunSafe,True,3.96,Campaign,0.15,Lazada,COD,1,275.4,0.2299999999999999,63.34,212.06,4,21,1,1,0,0
LGS1ORD0000089,C001099,2025-01-07 23:00:00,Female,59,Silver,Shopee,Phuket,910,Fashion,FitStyle,False,4.0,Campaign,0.15,Shopee,COD,2,2600.3,0.2,1040.12,4160.48,3,23,1,1,0,1
LGS1ORD0000090,C000144,2025-01-08 01:00:00,Female,37,Platinum,Web,Khon Kaen,697,Health,MediCare,False,4.34,No Promotion,0.0,Lazada,PromptPay,1,1760.79,0.1,176.08,1584.71,5,1,1,2,0,0
LGS1ORD0000091,C000552,2025-01-08 03:00:00,Female,34,Silver,TV,Khon Kaen,1301,Electronics,GadgetWorld,False,3.78,Campaign,0.1,Web,Credit_Card,2,5474.0,0.15,1642.2,9305.79,4,3,1,2,0,1
LGS1ORD0000092,C001024,2025-01-08 05:00:00,Female,46,Bronze,Shopee,Bangkok,256,Fashion,SilkTouch,False,3.5,Campaign,0.1,Shopee,COD,2,1958.52,0.13,509.22,3407.83,1,5,1,2,0,1
LGS1ORD0000093,C000368,2025-01-08 07:00:00,Male,54,Silver,CallCenter,Chonburi,658,Kitchen,ChefHome,False,3.68,Clearance,0.2,Lazada,COD,1,3335.53,0.25,833.88,2501.65,5,7,1,2,0,1
LGS1ORD0000094,C000080,2025-01-08 09:00:00,Female,39,Bronze,Web,Nakhon Ratchasima,220,Electronics,ShieldCase,False,3.63,Clearance,0.25,Lazada,COD,1,5839.45,0.28,1635.05,4204.4,5,9,1,2,0,0
LGS1ORD0000095,C000856,2025-01-08 11:00:00,Male,24,Bronze,Web,Songkhla,718,Kitchen,ChefHome,False,4.18,Campaign,0.05,TV_Show,COD,3,4091.58,0.08,981.98,11292.76,1,11,1,2,0,1
LGS1ORD0000096,C000439,2025-01-08 13:00:00,Male,72,Bronze,Shopee,Remote_Area,925,Kitchen,ChefHome,False,3.83,Campaign,0.15,TV_Show,PromptPay,1,2382.85,0.18,428.91,1953.94,1,13,1,2,0,0
LGS1ORD0000097,C000135,2025-01-08 14:00:00,Female,58,Bronze,Web,Remote_Area,1043,Home_Appliance,PureAir,False,4.25,Clearance,0.25,TV_Show,Bank_Transfer,1,8604.21,0.28,2409.18,6195.03,1,14,1,2,0,0
LGS1ORD0000098,C000796,2025-01-08 16:00:00,Female,52,Gold,TV,Chiang Mai,908,Cosmetics,Beauty Lab,True,4.08,Campaign,0.15,Lazada,COD,1,567.13,0.2299999999999999,130.44,436.69,3,16,1,2,0,1
LGS1ORD0000099,C000465,2025-01-08 18:00:00,Female,40,Bronze,Shopee,Chiang Mai,1090,Cosmetics,SunSafe,True,4.02,No Promotion,0.0,Web,Credit_Card,1,1048.6,0.03,31.46,1017.14,3,18,1,2,0,0
LGS1ORD0000100,C001140,2025-01-08 20:00:00,Male,30,Platinum,Shopee,Bangkok,429,Home_Appliance,HomePro,False,4.29,No Promotion,0.0,Lazada,COD,3,1468.6,0.1,440.58,3965.21,5,20,1,2,0,0
LGS1ORD0000101,C000336,2025-01-08 22:00:00,Female,18,Platinum,Lazada,Khon Kaen,1442,Fashion,FitStyle,True,3.85,Clearance,0.25,Web,Credit_Card,1,1058.14,0.35,370.35,687.79,1,22,1,2,0,0
LGS1ORD0000102,C001040,2025-01-09 00:00:00,Female,50,Silver,Web,Chiang Mai,28,Home_Appliance,PureAir,False,4.1,Campaign,0.1,TV_Show,COD,2,11940.38,0.15,3582.12,20298.65,3,0,1,3,0,0
LGS1ORD0000103,C000270,2025-01-09 02:00:00,Male,38,Bronze,Web,Songkhla,838,Electronics,GadgetWorld,False,3.89,No Promotion,0.0,TV_Show,Credit_Card,2,3171.73,0.03,190.3,6153.16,3,2,1,3,0,0
LGS1ORD0000104,C000464,2025-01-09 04:00:00,Female,28,Platinum,Lazada,Chonburi,1337,Cosmetics,SunSafe,True,4.1,Campaign,0.1,Web,COD,2,652.79,0.2,261.11,1044.46,3,4,1,3,0,0
LGS1ORD0000105,C000451,2025-01-09 06:00:00,Female,18,Bronze,TV,Phuket,881,Electronics,GadgetWorld,False,3.86,Campaign,0.15,Web,COD,1,4611.93,0.18,830.15,3781.79,3,6,1,3,0,1
LGS1ORD0000106,C000111,2025-01-09 08:00:00,Male,43,Silver,TV,Chonburi,815,Cosmetics,SunSafe,True,4.42,Campaign,0.05,Lazada,COD,1,2081.44,0.1,208.14,1873.29,5,8,1,3,0,0
LGS1ORD0000107,C000063,2025-01-09 10:00:00,Female,42,Silver,Lazada,Songkhla,1214,Cosmetics,Beauty Lab,False,4.11,No Promotion,0.0,Web,COD,2,1710.49,0.05,171.05,3249.94,3,10,1,3,0,0
LGS1ORD0000108,C000862,2025-01-09 11:00:00,Female,39,Silver,TV,Khon Kaen,1350,Kitchen,CookEasy,False,4.09,Campaign,0.15,Web,Bank_Transfer,2,1356.38,0.2,542.55,2170.21,1,11,1,3,0,0
LGS1ORD0000109,C000134,2025-01-09 13:00:00,Female,39,Bronze,Shopee,Bangkok,1228,Home_Appliance,HomePro,True,4.16,No Promotion,0.0,Lazada,PromptPay,3,8268.53,0.03,744.17,24061.42,4,13,1,3,0,0
LGS1ORD0000110,C000914,2025-01-09 15:00:00,Female,48,Silver,Shopee,Phuket,552,Electronics,GadgetWorld,False,3.98,No Promotion,0.0,CallCenter,Bank_Transfer,1,3099.02,0.05,154.95,2944.07,4,15,1,3,0,0
LGS1ORD0000111,C000895,2025-01-09 17:00:00,Other,53,Bronze,CallCenter,Chiang Mai,1314,Electronics,GadgetWorld,False,3.98,No Promotion,0.0,Shopee,Credit_Card,1,3159.06,0.03,94.77,3064.29,5,17,1,3,0,0
LGS1ORD0000112,C000880,2025-01-09 19:00:00,Female,26,Gold,Shopee,Chonburi,449,Home_Appliance,CleanMate,True,4.1,Campaign,0.1,CallCenter,Bank_Transfer,1,1419.58,0.18,255.53,1164.06,4,19,1,3,0,0
LGS1ORD0000113,C000256,2025-01-09 21:00:00,Female,62,Bronze,Shopee,Remote_Area,1243,Cosmetics,SunSafe,True,4.02,Campaign,0.1,Lazada,COD,1,1047.79,0.13,136.21,911.58,4,21,1,3,0,0
LGS1ORD0000114,C000669,2025-01-09 23:00:00,Female,18,Silver,CallCenter,Chonburi,372,Health,WellPlus,True,3.95,Campaign,0.15,Shopee,PromptPay,1,1183.94,0.2,236.79,947.15,1,23,1,3,0,0
LGS1ORD0000115,C000953,2025-01-10 01:00:00,Male,24,Bronze,Shopee,Nakhon Ratchasima,623,Fashion,FitStyle,False,3.7,No Promotion,0.0,CallCenter,PromptPay,1,593.92,0.03,17.82,576.1,5,1,1,4,0,0
LGS1ORD0000116,C000553,2025-01-10 03:00:00,Male,53,Bronze,TV,Khon Kaen,1409,Home_Appliance,PureAir,False,4.02,Clearance,0.2,TV_Show,COD,1,12462.86,0.23,2866.46,9596.4,3,3,1,4,0,1
LGS1ORD0000117,C000653,2025-01-10 05:00:00,Female,32,Gold,Lazada,Khon Kaen,53,Fashion,FitStyle,False,3.51,No Promotion,0.0,TV_Show,Credit_Card,4,848.53,0.08,271.53,3122.58,1,5,1,4,0,0
LGS1ORD0000118,C000188,2025-01-10 06:00:00,Male,57,Bronze,TV,Chonburi,1024,Kitchen,ChefHome,False,4.29,No Promotion,0.0,Shopee,COD,1,1248.47,0.03,37.45,1211.02,1,6,1,4,0,0
LGS1ORD0000119,C001024,2025-01-10 08:00:00,Female,46,Bronze,Shopee,Bangkok,258,Home_Appliance,CleanMate,True,3.73,No Promotion,0.0,TV_Show,Credit_Card,2,1918.32,0.03,115.1,3721.54,4,8,1,4,0,0
LGS1ORD0000120,C000693,2025-01-10 10:00:00,Female,18,Gold,Web,Bangkok,888,Home_Appliance,CleanMate,False,3.81,Campaign,0.15,TV_Show,COD,1,12311.45,0.2299999999999999,2831.63,9479.82,3,10,1,4,0,0
LGS1ORD0000121,C001028,2025-01-10 12:00:00,Female,41,Gold,Web,Remote_Area,1338,Fashion,SilkTouch,False,3.75,Campaign,0.15,TV_Show,COD,2,1521.6,0.2299999999999999,699.94,2343.26,4,12,1,4,0,0
LGS1ORD0000122,C000445,2025-01-10 14:00:00,Female,30,Platinum,Shopee,Songkhla,726,Electronics,NovaTech,True,3.71,Clearance,0.25,Web,Credit_Card,2,2012.22,0.35,1408.56,2615.89,3,14,1,4,0,0
LGS1ORD0000123,C000245,2025-01-10 16:00:00,Other,50,Bronze,CallCenter,Nakhon Ratchasima,110,Fashion,FitStyle,False,3.91,Clearance,0.25,Lazada,Credit_Card,2,1336.7,0.28,748.55,1924.85,5,16,1,4,0,0
LGS1ORD0000124,C000402,2025-01-10 18:00:00,Female,35,Bronze,Shopee,Bangkok,403,Fashion,SilkTouch,False,3.86,No Promotion,0.0,Lazada,COD,4,515.72,0.03,61.89,2000.99,3,18,1,4,0,0
LGS1ORD0000125,C001163,2025-01-10 20:00:00,Male,37,Bronze,TV,Phuket,88,Kitchen,ChefHome,False,4.13,Campaign,0.05,Web,COD,1,5116.22,0.08,409.3,4706.92,5,20,1,4,0,0
LGS1ORD0000126,C000010,2025-01-10 22:00:00,Female,42,Bronze,Lazada,Songkhla,1295,Electronics,NovaTech,True,3.94,Clearance,0.25,Lazada,COD,2,961.2,0.28,538.27,1384.13,5,22,1,4,0,1
LGS1ORD0000127,C000324,2025-01-11 00:00:00,Female,53,Silver,CallCenter,Chonburi,154,Fashion,UrbanWear,True,3.71,Campaign,0.05,Web,COD,1,615.55,0.1,61.55,553.99,4,0,1,5,1,0
LGS1ORD0000128,C000925,2025-01-11 01:00:00,Female,36,Platinum,Lazada,Bangkok,312,Fashion,SilkTouch,False,3.86,Clearance,0.2,Shopee,COD,3,2120.36,0.3,1908.33,4452.76,3,1,1,5,1,0
LGS1ORD0000129,C000466,2025-01-11 03:00:00,Male,41,Silver,Web,Chonburi,838,Health,MediCare,False,4.42,Clearance,0.2,CallCenter,Credit_Card,1,2408.01,0.25,602.0,1806.0,4,3,1,5,1,0
LGS1ORD0000130,C000800,2025-01-11 05:00:00,Male,31,Platinum,Lazada,Songkhla,253,Fashion,FitStyle,False,3.75,Clearance,0.2,Lazada,PromptPay,3,2159.81,0.3,1943.83,4535.61,5,5,1,5,1,0
LGS1ORD0000131,C000596,2025-01-11 07:00:00,Male,55,Silver,TV,Bangkok,980,Fashion,FitStyle,False,3.75,Campaign,0.1,Lazada,COD,1,2061.34,0.15,309.2,1752.14,5,7,1,5,1,1
LGS1ORD0000132,C000893,2025-01-11 09:00:00,Male,58,Gold,CallCenter,Bangkok,251,Electronics,NovaTech,False,3.87,No Promotion,0.0,Shopee,COD,3,1883.71,0.08,452.09,5199.05,5,9,1,5,1,0
LGS1ORD0000133,C001181,2025-01-11 11:00:00,Female,43,Silver,Web,Chiang Mai,459,Fashion,SilkTouch,False,3.75,Clearance,0.2,Web,Bank_Transfer,1,1505.07,0.25,376.27,1128.81,3,11,1,5,1,0
LGS1ORD0000134,C000297,2025-01-11 13:00:00,Male,56,Silver,TV,Chiang Mai,1029,Electronics,GadgetWorld,True,4.0,Campaign,0.05,CallCenter,Credit_Card,4,2798.53,0.1,1119.41,10074.72,3,13,1,5,1,0
LGS1ORD0000135,C000813,2025-01-11 15:00:00,Female,57,Bronze,Shopee,Chiang Mai,383,Electronics,GadgetWorld,True,3.82,Campaign,0.15,Shopee,Credit_Card,1,11180.39,0.18,2012.47,9167.92,3,15,1,5,1,0
LGS1ORD0000136,C000479,2025-01-11 17:00:00,Male,55,Silver,Web,Bangkok,1412,Cosmetics,Beauty Lab,False,4.15,No Promotion,0.0,Web,Credit_Card,2,1152.87,0.05,115.29,2190.45,5,17,1,5,1,0
LGS1ORD0000137,C000821,2025-01-11 19:00:00,Male,56,Bronze,Lazada,Remote_Area,640,Kitchen,ChefHome,False,4.02,Clearance,0.2,Web,COD,2,632.04,0.23,290.74,973.34,3,19,1,5,1,0
LGS1ORD0000138,C001186,2025-01-11 20:00:00,Female,64,Gold,CallCenter,Nakhon Ratchasima,1124,Cosmetics,Beauty Lab,False,3.9,No Promotion,0.0,TV_Show,COD,1,1796.8,0.08,143.74,1653.05,3,20,1,5,1,0
LGS1ORD0000139,C000221,2025-01-11 22:00:00,Female,42,Gold,Lazada,Chonburi,1294,Electronics,ShieldCase,False,3.97,No Promotion,0.0,Web,COD,2,2913.71,0.08,466.19,5361.22,4,22,1,5,1,0
LGS1ORD0000140,C000536,2025-01-12 00:00:00,Female,55,Silver,Web,Chonburi,164,Cosmetics,FreshLook,False,4.22,Campaign,0.05,CallCenter,Bank_Transfer,1,1466.13,0.1,146.61,1319.52,1,0,1,6,1,0
LGS1ORD0000141,C001189,2025-01-12 02:00:00,Female,40,Bronze,TV,Remote_Area,1231,Home_Appliance,PureAir,True,4.11,Campaign,0.1,TV_Show,Credit_Card,1,3685.95,0.13,479.17,3206.78,1,2,1,6,1,1
LGS1ORD0000142,C000395,2025-01-12 04:00:00,Female,47,Bronze,TV,Phuket,462,Electronics,NovaTech,True,3.64,Clearance,0.2,CallCenter,COD,2,1501.12,0.23,690.52,2311.73,5,4,1,6,1,1
LGS1ORD0000143,C000309,2025-01-12 06:00:00,Male,58,Gold,TV,Bangkok,1240,Home_Appliance,HomePro,True,4.1,Campaign,0.05,Web,PromptPay,1,3199.92,0.13,415.99,2783.93,5,6,1,6,1,0
LGS1ORD0000144,C000617,2025-01-12 08:00:00,Male,40,Bronze,TV,Khon Kaen,25,Fashion,FitStyle,False,3.55,Campaign,0.1,Web,COD,2,858.02,0.13,223.08,1492.95,4,8,1,6,1,1
LGS1ORD0000145,C000307,2025-01-12 10:00:00,Female,46,Bronze,Web,Remote_Area,321,Cosmetics,FreshLook,False,3.95,Clearance,0.2,Lazada,Credit_Card,1,1716.89,0.23,394.88,1322.0,4,10,1,6,1,0
LGS1ORD0000146,C000999,2025-01-12 12:00:00,Female,52,Bronze,TV,Phuket,908,Electronics,GadgetWorld,False,3.86,Clearance,0.2,TV_Show,Bank_Transfer,2,4346.84,0.23,1999.55,6694.13,5,12,1,6,1,0
LGS1ORD0000147,C000569,2025-01-12 14:00:00,Male,18,Bronze,TV,Remote_Area,1388,Fashion,SilkTouch,False,3.77,Clearance,0.2,Shopee,COD,2,1050.57,0.23,483.26,1617.88,1,14,1,6,1,0
LGS1ORD0000148,C000132,2025-01-12 15:00:00,Female,18,Bronze,TV,Chonburi,681,Fashion,SilkTouch,False,3.75,No Promotion,0.0,Web,PromptPay,2,1486.44,0.03,89.19,2883.69,3,15,1,6,1,0
LGS1ORD0000149,C001111,2025-01-12 17:00:00,Male,29,Silver,TV,Bangkok,397,Kitchen,KitchenMax,True,3.98,No Promotion,0.0,TV_Show,Credit_Card,1,2537.82,0.05,126.89,2410.93,3,17,1,6,1,0
LGS1ORD0000150,C000205,2025-01-12 19:00:00,Female,34,Gold,Lazada,Bangkok,428,Cosmetics,FreshLook,False,4.2,Campaign,0.05,Web,Credit_Card,1,1639.5,0.13,213.14,1426.37,4,19,1,6,1,1
LGS1ORD0000151,C000565,2025-01-12 21:00:00,Female,58,Bronze,TV,Remote_Area,1457,Electronics,ShieldCase,False,3.82,Campaign,0.15,CallCenter,COD,1,7430.59,0.18,1337.51,6093.08,4,21,1,6,1,1
LGS1ORD0000152,C000451,2025-01-12 23:00:00,Female,18,Bronze,TV,Phuket,884,Fashion,UrbanWear,False,3.48,No Promotion,0.0,CallCenter,Credit_Card,2,745.96,0.03,44.76,1447.16,1,23,1,6,1,0
LGS1ORD0000153,C000411,2025-01-13 01:00:00,Female,34,Bronze,TV,Nakhon Ratchasima,740,Electronics,ShieldCase,False,3.69,Clearance,0.25,TV_Show,COD,4,6591.46,0.28,7382.44,18983.41,4,1,1,0,0,1
LGS1ORD0000154,C000393,2025-01-13 03:00:00,Female,65,Platinum,Web,Songkhla,328,Home_Appliance,PureAir,False,4.02,Campaign,0.05,TV_Show,COD,2,12291.0,0.15,3687.3,20894.7,1,3,1,0,0,0
LGS1ORD0000155,C000866,2025-01-13 05:00:00,Female,42,Silver,TV,Chiang Mai,918,Health,MediCare,False,4.51,No Promotion,0.0,Shopee,COD,1,3420.45,0.05,171.02,3249.43,1,5,1,0,0,0
LGS1ORD0000156,C000458,2025-01-13 07:00:00,Female,56,Silver,CallCenter,Remote_Area,493,Fashion,FitStyle,False,3.36,Campaign,0.05,Web,PromptPay,2,909.28,0.1,181.86,1636.7,1,7,1,0,0,0
LGS1ORD0000157,C000825,2025-01-13 09:00:00,Male,38,Silver,Shopee,Khon Kaen,287,Fashion,UrbanWear,False,4.16,Campaign,0.1,TV_Show,Credit_Card,2,1858.46,0.15,557.54,3159.38,3,9,1,0,0,0
LGS1ORD0000158,C000103,2025-01-13 10:00:00,Male,42,Bronze,TV,Remote_Area,1089,Home_Appliance,HomePro,False,3.71,Campaign,0.15,Web,Credit_Card,1,7997.07,0.18,1439.47,6557.6,1,10,1,0,0,0
LGS1ORD0000159,C000470,2025-01-13 12:00:00,Male,33,Platinum,Lazada,Bangkok,524,Electronics,ShieldCase,True,4.04,Clearance,0.2,TV_Show,Credit_Card,1,11706.15,0.3,3511.85,8194.31,1,12,1,0,0,0
LGS1ORD0000160,C001078,2025-01-13 14:00:00,Male,57,Gold,Shopee,Chonburi,343,Cosmetics,SunSafe,True,4.02,No Promotion,0.0,TV_Show,COD,1,1052.69,0.08,84.22,968.48,1,14,1,0,0,0
LGS1ORD0000161,C000728,2025-01-13 16:00:00,Female,35,Bronze,TV,Chiang Mai,1243,Electronics,GadgetWorld,False,3.74,No Promotion,0.0,Lazada,COD,2,1389.47,0.03,83.37,2695.56,3,16,1,0,0,1
LGS1ORD0000162,C000911,2025-01-13 18:00:00,Female,55,Gold,CallCenter,Bangkok,1138,Home_Appliance,CleanMate,True,3.75,Clearance,0.2,Lazada,COD,1,5400.42,0.28,1512.12,3888.3,3,18,1,0,0,0
LGS1ORD0000163,C000296,2025-01-13 20:00:00,Female,47,Bronze,TV,Remote_Area,1068,Kitchen,ChefHome,False,4.18,Clearance,0.2,Lazada,COD,1,4463.17,0.23,1026.53,3436.64,1,20,1,0,0,0
LGS1ORD0000164,C000363,2025-01-13 22:00:00,Male,39,Bronze,TV,Bangkok,301,Cosmetics,Beauty Lab,False,4.18,No Promotion,0.0,Web,COD,2,543.16,0.03,32.59,1053.73,3,22,1,0,0,0
LGS1ORD0000165,C000358,2025-01-14 00:00:00,Female,25,Platinum,Shopee,Bangkok,819,Electronics,NovaTech,True,3.46,No Promotion,0.0,Lazada,Credit_Card,3,7474.65,0.1,2242.39,20181.55,4,0,1,1,0,0
LGS1ORD0000166,C000411,2025-01-14 02:00:00,Female,34,Bronze,TV,Nakhon Ratchasima,741,Health,VitaLife,False,4.26,No Promotion,0.0,Shopee,COD,1,410.32,0.03,12.31,398.01,3,2,1,1,0,0
LGS1ORD0000167,C001145,2025-01-14 04:00:00,Female,50,Silver,TV,Bangkok,1418,Electronics,NovaTech,False,4.03,No Promotion,0.0,CallCenter,COD,1,9043.61,0.05,452.18,8591.43,5,4,1,1,0,0
LGS1ORD0000168,C000304,2025-01-14 05:00:00,Female,44,Bronze,TV,Chonburi,927,Health,MediCare,False,4.34,Campaign,0.05,TV_Show,COD,1,1705.32,0.08,136.43,1568.89,5,5,1,1,0,1
LGS1ORD0000169,C001079,2025-01-14 07:00:00,Male,37,Bronze,TV,Nakhon Ratchasima,1404,Electronics,ShieldCase,True,3.63,Campaign,0.15,Shopee,Credit_Card,1,3626.2,0.18,652.72,2973.49,1,7,1,1,0,0
LGS1ORD0000170,C000775,2025-01-14 09:00:00,Female,24,Silver,CallCenter,Khon Kaen,37,Kitchen,ChefHome,False,4.18,No Promotion,0.0,TV_Show,COD,1,4033.66,0.05,201.68,3831.98,3,9,1,1,0,0
LGS1ORD0000171,C000578,2025-01-14 11:00:00,Male,42,Gold,TV,Songkhla,204,Health,MediCare,True,4.26,No Promotion,0.0,CallCenter,COD,2,4619.92,0.08,739.19,8500.65,4,11,1,1,0,0
LGS1ORD0000172,C000628,2025-01-14 13:00:00,Male,43,Bronze,CallCenter,Bangkok,817,Fashion,UrbanWear,False,3.68,Clearance,0.2,CallCenter,Credit_Card,3,961.33,0.23,663.32,2220.68,1,13,1,1,0,0
LGS1ORD0000173,C000822,2025-01-14 15:00:00,Female,44,Silver,TV,Bangkok,1471,Home_Appliance,PureAir,True,4.06,No Promotion,0.0,Web,PromptPay,1,4000.24,0.05,200.01,3800.23,1,15,1,1,0,0
LGS1ORD0000174,C000090,2025-01-14 17:00:00,Male,29,Bronze,Web,Bangkok,1450,Kitchen,ChefHome,False,4.27,Campaign,0.05,Shopee,COD,1,4309.17,0.08,344.73,3964.44,1,17,1,1,0,0
LGS1ORD0000175,C000633,2025-01-14 19:00:00,Female,47,Gold,Web,Bangkok,417,Fashion,UrbanWear,False,3.6,Campaign,0.15,Web,Bank_Transfer,4,2319.62,0.2299999999999999,2134.05,7144.43,5,19,1,1,0,0
LGS1ORD0000176,C001154,2025-01-14 21:00:00,Female,40,Bronze,TV,Remote_Area,816,Electronics,ShieldCase,False,3.63,No Promotion,0.0,Lazada,COD,2,5259.16,0.03,315.55,10202.76,3,21,1,1,0,1
LGS1ORD0000177,C000610,2025-01-14 23:00:00,Female,30,Gold,Shopee,Songkhla,940,Cosmetics,SunSafe,False,4.06,Campaign,0.05,Shopee,COD,1,594.81,0.13,77.33,517.48,1,23,1,1,0,0
LGS1ORD0000178,C000699,2025-01-15 00:00:00,Male,47,Bronze,Lazada,Songkhla,1200,Fashion,FitStyle,False,3.62,No Promotion,0.0,TV_Show,COD,1,2344.92,0.03,70.35,2274.58,3,0,1,2,0,0
LGS1ORD0000179,C000128,2025-01-15 02:00:00,Female,33,Gold,TV,Chonburi,1307,Health,MediCare,False,4.62,No Promotion,0.0,Shopee,Credit_Card,4,2978.19,0.08,953.02,10959.75,1,2,1,2,0,0
LGS1ORD0000180,C001077,2025-01-15 04:00:00,Male,37,Silver,Web,Khon Kaen,481,Electronics,GadgetWorld,True,4.17,Clearance,0.2,Lazada,COD,2,3066.35,0.25,1533.17,4599.52,1,4,1,2,0,0
LGS1ORD0000181,C000685,2025-01-15 06:00:00,Female,36,Bronze,Shopee,Remote_Area,26,Kitchen,CookEasy,False,4.01,Campaign,0.1,Lazada,PromptPay,3,1718.9,0.13,670.37,4486.34,1,6,1,2,0,0
LGS1ORD0000182,C000348,2025-01-15 08:00:00,Male,59,Bronze,TV,Khon Kaen,446,Cosmetics,SunSafe,False,4.47,Campaign,0.15,CallCenter,Credit_Card,1,1214.69,0.18,218.64,996.05,5,8,1,2,0,0
LGS1ORD0000183,C000530,2025-01-15 10:00:00,Female,72,Bronze,TV,Songkhla,1032,Home_Appliance,CleanMate,False,3.82,No Promotion,0.0,Lazada,COD,2,2320.64,0.03,139.24,4502.03,1,10,1,2,0,1
LGS1ORD0000184,C000532,2025-01-15 12:00:00,Female,65,Bronze,TV,Remote_Area,799,Electronics,GadgetWorld,True,4.0,No Promotion,0.0,CallCenter,COD,2,2615.51,0.03,156.93,5074.09,5,12,1,2,0,0
LGS1ORD0000185,C000851,2025-01-15 14:00:00,Male,18,Bronze,Lazada,Chiang Mai,1015,Home_Appliance,CleanMate,True,3.73,Clearance,0.2,Web,Bank_Transfer,1,2055.9,0.23,472.86,1583.04,5,14,1,2,0,0
LGS1ORD0000186,C000087,2025-01-15 16:00:00,Female,68,Platinum,TV,Nakhon Ratchasima,1064,Kitchen,ChefHome,False,3.91,Clearance,0.2,Web,Credit_Card,2,4135.59,0.3,2481.36,5789.83,1,16,1,2,0,0
LGS1ORD0000187,C000724,2025-01-15 18:00:00,Female,72,Silver,Lazada,Nakhon Ratchasima,631,Health,VitaLife,False,4.47,Clearance,0.2,Web,COD,1,938.85,0.25,234.71,704.14,1,18,1,2,0,0
LGS1ORD0000188,C000457,2025-01-15 19:00:00,Other,34,Bronze,Shopee,Nakhon Ratchasima,1000,Electronics,NovaTech,False,3.75,Campaign,0.05,Lazada,Credit_Card,3,10186.39,0.08,2444.73,28114.43,4,19,1,2,0,0
LGS1ORD0000189,C000636,2025-01-15 21:00:00,Male,56,Bronze,TV,Remote_Area,214,Health,MediCare,True,4.26,Campaign,0.15,TV_Show,COD,2,4552.17,0.18,1638.78,7465.56,4,21,1,2,0,0
LGS1ORD0000190,C000126,2025-01-15 23:00:00,Male,28,Bronze,CallCenter,Khon Kaen,910,Cosmetics,SunSafe,False,4.36,Campaign,0.1,Web,COD,1,633.91,0.13,82.41,551.5,4,23,1,2,0,0
LGS1ORD0000191,C000570,2025-01-16 01:00:00,Other,49,Bronze,Shopee,Chonburi,918,Home_Appliance,CleanMate,False,3.81,No Promotion,0.0,TV_Show,COD,1,12756.07,0.03,382.68,12373.39,3,1,1,3,0,0
LGS1ORD0000192,C000493,2025-01-16 03:00:00,Female,37,Bronze,Shopee,Chiang Mai,416,Home_Appliance,CleanMate,True,4.1,Clearance,0.2,Shopee,COD,3,1268.79,0.23,875.46,2930.9,1,3,1,3,0,1
LGS1ORD0000193,C000316,2025-01-16 05:00:00,Female,27,Silver,TV,Chiang Mai,320,Fashion,FitStyle,False,3.59,Campaign,0.15,CallCenter,Bank_Transfer,3,462.4,0.2,277.44,1109.75,5,5,1,3,0,0
LGS1ORD0000194,C000210,2025-01-16 07:00:00,Female,39,Bronze,Shopee,Chonburi,766,Health,VitaLife,False,4.36,Campaign,0.15,Shopee,COD,1,372.69,0.18,67.08,305.6,3,7,1,3,0,0
LGS1ORD0000195,C000143,2025-01-16 09:00:00,Female,29,Bronze,TV,Nakhon Ratchasima,184,Home_Appliance,PureAir,False,4.2,Campaign,0.15,Web,COD,3,14983.02,0.18,8090.83,36858.24,5,9,1,3,0,1
LGS1ORD0000196,C000501,2025-01-16 11:00:00,Male,40,Silver,Shopee,Nakhon Ratchasima,573,Health,VitaLife,True,4.05,No Promotion,0.0,Web,COD,1,3676.89,0.05,183.84,3493.05,5,11,1,3,0,0
LGS1ORD0000197,C000281,2025-01-16 13:00:00,Female,32,Bronze,Web,Chiang Mai,207,Home_Appliance,CleanMate,True,4.11,No Promotion,0.0,Shopee,Bank_Transfer,1,7379.22,0.03,221.38,7157.84,3,13,1,3,0,0
LGS1ORD0000198,C001083,2025-01-16 14:00:00,Female,51,Bronze,Lazada,Bangkok,327,Home_Appliance,PureAir,True,3.7,No Promotion,0.0,Shopee,PromptPay,1,3067.88,0.03,92.04,2975.84,3,14,1,3,0,1
LGS1ORD0000199,C000304,2025-01-16 16:00:00,Female,44,Bronze,TV,Chonburi,929,Fashion,SilkTouch,False,3.43,Clearance,0.2,Shopee,COD,1,1265.76,0.23,291.12,974.63,1,16,1,3,0,1
LGS1ORD0000200,C000454,2025-01-16 18:00:00,Female,60,Bronze,TV,Remote_Area,775,Fashion,UrbanWear,False,3.72,Campaign,0.1,Shopee,Credit_Card,1,2316.49,0.13,301.14,2015.34,1,18,1,3,0,0
LGS1ORD0000201,C001038,2025-01-16 20:00:00,Female,26,Bronze,Web,Chonburi,44,Kitchen,KitchenMax,True,3.76,No Promotion,0.0,CallCenter,COD,1,3171.55,0.03,95.15,3076.4,3,20,1,3,0,0
LGS1ORD0000202,C001009,2025-01-16 22:00:00,Male,25,Gold,Web,Bangkok,90,Home_Appliance,CleanMate,True,4.32,Campaign,0.05,Lazada,PromptPay,1,3758.66,0.13,488.63,3270.03,1,22,1,3,0,0
LGS1ORD0000203,C000447,2025-01-17 00:00:00,Female,54,Platinum,TV,Bangkok,871,Fashion,FitStyle,False,3.75,Clearance,0.2,Web,COD,1,2022.69,0.3,606.81,1415.88,1,0,1,4,0,1
LGS1ORD0000204,C000898,2025-01-17 02:00:00,Female,49,Silver,Shopee,Bangkok,931,Kitchen,KitchenMax,True,3.89,Clearance,0.2,CallCenter,Bank_Transfer,2,3260.9,0.25,1630.45,4891.34,5,2,1,4,0,0
LGS1ORD0000205,C001127,2025-01-17 04:00:00,Female,44,Gold,Web,Bangkok,791,Fashion,UrbanWear,False,3.45,No Promotion,0.0,TV_Show,PromptPay,1,1259.29,0.08,100.74,1158.55,3,4,1,4,0,0
LGS1ORD0000206,C000836,2025-01-17 06:00:00,Male,31,Bronze,TV,Bangkok,976,Kitchen,ChefHome,False,4.13,No Promotion,0.0,CallCenter,COD,1,4837.92,0.03,145.14,4692.78,3,6,1,4,0,0
LGS1ORD0000207,C000667,2025-01-17 08:00:00,Male,48,Bronze,TV,Phuket,1068,Electronics,NovaTech,True,3.64,No Promotion,0.0,Web,COD,1,1423.41,0.03,42.7,1380.71,1,8,1,4,0,1
LGS1ORD0000208,C001109,2025-01-17 10:00:00,Male,31,Bronze,Shopee,Chiang Mai,231,Kitchen,ChefHome,False,3.68,Clearance,0.2,CallCenter,COD,1,3199.18,0.23,735.81,2463.37,1,10,1,4,0,0
LGS1ORD0000209,C000348,2025-01-17 11:00:00,Male,59,Bronze,TV,Khon Kaen,448,Home_Appliance,CleanMate,False,4.07,Clearance,0.2,CallCenter,COD,1,8403.6,0.23,1932.83,6470.77,4,11,1,4,0,0
LGS1ORD0000210,C001051,2025-01-17 13:00:00,Female,53,Silver,TV,Nakhon Ratchasima,731,Fashion,UrbanWear,False,3.6,Clearance,0.25,Shopee,Credit_Card,1,790.98,0.3,237.29,553.69,3,13,1,4,0,0
LGS1ORD0000211,C001029,2025-01-17 15:00:00,Male,19,Bronze,Shopee,Bangkok,393,Home_Appliance,CleanMate,False,3.81,Clearance,0.2,CallCenter,COD,2,12861.88,0.23,5916.46,19807.29,1,15,1,4,0,1
LGS1ORD0000212,C000379,2025-01-17 17:00:00,Female,33,Bronze,TV,Phuket,708,Cosmetics,SunSafe,False,4.28,Campaign,0.1,Shopee,COD,2,1355.24,0.13,352.36,2358.11,4,17,1,4,0,0
LGS1ORD0000213,C001133,2025-01-17 19:00:00,Female,29,Silver,TV,Bangkok,1381,Home_Appliance,CleanMate,True,4.08,Campaign,0.1,Lazada,Bank_Transfer,2,13388.54,0.15,4016.56,22760.51,5,19,1,4,0,0
LGS1ORD0000214,C000564,2025-01-17 21:00:00,Male,50,Silver,Shopee,Chonburi,981,Kitchen,ChefHome,True,3.95,No Promotion,0.0,Web,Credit_Card,1,1285.21,0.05,64.26,1220.95,3,21,1,4,0,0
LGS1ORD0000215,C000237,2025-01-17 23:00:00,Male,59,Gold,Shopee,Nakhon Ratchasima,1357,Fashion,SilkTouch,False,3.77,No Promotion,0.0,Shopee,Bank_Transfer,1,1018.37,0.08,81.47,936.9,1,23,1,4,0,1
LGS1ORD0000216,C000036,2025-01-18 01:00:00,Male,47,Bronze,Shopee,Chiang Mai,443,Kitchen,CookEasy,True,3.86,Clearance,0.25,CallCenter,PromptPay,2,1592.9,0.28,892.02,2293.77,1,1,1,5,1,0
LGS1ORD0000217,C001025,2025-01-18 03:00:00,Male,44,Silver,TV,Khon Kaen,986,Kitchen,KitchenMax,True,3.84,Clearance,0.2,Lazada,COD,1,4836.4,0.25,1209.1,3627.3,4,3,1,5,1,0
LGS1ORD0000218,C001104,2025-01-18 05:00:00,Female,30,Silver,Web,Chiang Mai,935,Fashion,SilkTouch,False,3.73,Clearance,0.2,Web,COD,1,681.03,0.25,170.26,510.77,1,5,1,5,1,1
LGS1ORD0000219,C000971,2025-01-18 06:00:00,Male,40,Bronze,Web,Chonburi,265,Cosmetics,FreshLook,False,4.16,Campaign,0.05,Lazada,COD,2,2096.49,0.08,335.44,3857.54,3,6,1,5,1,0
LGS1ORD0000220,C000304,2025-01-18 08:00:00,Female,44,Bronze,TV,Chonburi,931,Cosmetics,FreshLook,False,4.14,Clearance,0.25,Lazada,COD,2,1447.85,0.28,810.8,2084.9,3,8,1,5,1,0
LGS1ORD0000221,C000978,2025-01-18 10:00:00,Female,18,Gold,Shopee,Bangkok,1393,Fashion,FitStyle,False,3.62,No Promotion,0.0,CallCenter,Credit_Card,2,2318.9,0.08,371.02,4266.77,3,10,1,5,1,0
LGS1ORD0000222,C000982,2025-01-18 12:00:00,Female,43,Bronze,Web,Chonburi,1225,Electronics,NovaTech,False,4.03,Campaign,0.15,Web,Credit_Card,1,10086.45,0.18,1815.56,8270.89,3,12,1,5,1,0
LGS1ORD0000223,C000842,2025-01-18 14:00:00,Female,35,Silver,TV,Khon Kaen,338,Kitchen,KitchenMax,True,3.76,No Promotion,0.0,CallCenter,Credit_Card,2,3469.23,0.05,346.92,6591.54,3,14,1,5,1,0
LGS1ORD0000224,C000378,2025-01-18 16:00:00,Male,45,Silver,TV,Bangkok,1327,Kitchen,CookEasy,False,4.09,No Promotion,0.0,Web,PromptPay,1,5259.11,0.05,262.96,4996.16,5,16,1,5,1,0
LGS1ORD0000225,C000685,2025-01-18 18:00:00,Female,36,Bronze,Shopee,Remote_Area,29,Fashion,SilkTouch,False,3.48,Campaign,0.15,Web,PromptPay,1,1623.43,0.18,292.22,1331.22,4,18,1,5,1,0
LGS1ORD0000226,C000500,2025-01-18 20:00:00,Male,47,Silver,Shopee,Bangkok,1003,Home_Appliance,CleanMate,True,4.01,No Promotion,0.0,TV_Show,PromptPay,1,5345.1,0.05,267.25,5077.84,3,20,1,5,1,0
LGS1ORD0000227,C000469,2025-01-18 22:00:00,Female,58,Bronze,Shopee,Chiang Mai,595,Home_Appliance,HomePro,False,4.29,Campaign,0.05,Shopee,COD,2,1513.12,0.08,242.1,2784.15,3,22,1,5,1,0
LGS1ORD0000228,C000488,2025-01-19 00:00:00,Male,38,Gold,TV,Bangkok,985,Cosmetics,Beauty Lab,False,3.89,Campaign,0.15,Shopee,PromptPay,1,1168.87,0.2299999999999999,268.84,900.03,4,0,1,6,1,0
LGS1ORD0000229,C000171,2025-01-19 01:00:00,Female,39,Bronze,Web,Chonburi,406,Electronics,ShieldCase,True,3.86,No Promotion,0.0,CallCenter,COD,2,4045.52,0.03,242.73,7848.31,4,1,1,6,1,0
LGS1ORD0000230,C000256,2025-01-19 03:00:00,Female,62,Bronze,Shopee,Remote_Area,1253,Electronics,NovaTech,True,3.46,Campaign,0.15,Web,COD,2,6485.6,0.18,2334.82,10636.38,1,3,1,6,1,1
LGS1ORD0000231,C000202,2025-01-19 05:00:00,Female,48,Silver,Web,Khon Kaen,339,Cosmetics,Beauty Lab,False,3.9,Clearance,0.2,TV_Show,COD,1,1693.43,0.25,423.36,1270.07,3,5,1,6,1,0
LGS1ORD0000232,C000638,2025-01-19 07:00:00,Female,35,Silver,Lazada,Remote_Area,1107,Fashion,FitStyle,False,3.18,Campaign,0.05,Shopee,PromptPay,3,551.94,0.1,165.58,1490.24,3,7,1,6,1,0
LGS1ORD0000233,C000189,2025-01-19 09:00:00,Male,66,Bronze,CallCenter,Bangkok,1279,Home_Appliance,HomePro,True,4.1,No Promotion,0.0,Shopee,Credit_Card,2,3196.27,0.03,191.78,6200.75,3,9,1,6,1,0
LGS1ORD0000234,C001035,2025-01-19 11:00:00,Male,36,Silver,Shopee,Khon Kaen,477,Fashion,SilkTouch,False,3.86,Campaign,0.05,CallCenter,Credit_Card,1,523.16,0.1,52.32,470.84,4,11,1,6,1,0
LGS1ORD0000235,C000083,2025-01-19 13:00:00,Female,31,Bronze,Web,Bangkok,1079,Fashion,FitStyle,False,3.7,No Promotion,0.0,Web,COD,4,527.49,0.03,63.3,2046.67,1,13,1,6,1,0
LGS1ORD0000236,C000416,2025-01-19 15:00:00,Male,60,Platinum,Web,Khon Kaen,669,Home_Appliance,PureAir,True,4.04,No Promotion,0.0,Web,COD,1,8143.5,0.1,814.35,7329.15,1,15,1,6,1,0
LGS1ORD0000237,C000672,2025-01-19 17:00:00,Male,47,Silver,CallCenter,Phuket,792,Cosmetics,SunSafe,False,4.36,Campaign,0.1,Web,Credit_Card,2,626.14,0.15,187.84,1064.45,4,17,1,6,1,0
LGS1ORD0000238,C000202,2025-01-19 19:00:00,Female,48,Silver,Web,Khon Kaen,339,Electronics,NovaTech,False,4.03,Campaign,0.15,Shopee,COD,2,9484.64,0.2,3793.86,15175.42,4,19,1,6,1,0
LGS1ORD0000239,C000202,2025-01-19 20:00:00,Female,48,Silver,Web,Khon Kaen,339,Home_Appliance,CleanMate,False,4.47,No Promotion,0.0,Shopee,Credit_Card,2,14486.07,0.05,1448.61,27523.54,3,20,1,6,1,0
LGS1ORD0000240,C000634,2025-01-19 22:00:00,Female,66,Platinum,TV,Chonburi,142,Kitchen,KitchenMax,False,4.07,Clearance,0.2,TV_Show,COD,1,3558.34,0.3,1067.5,2490.84,1,22,1,6,1,0
LGS1ORD0000241,C000648,2025-01-20 00:00:00,Female,19,Bronze,CallCenter,Chiang Mai,1152,Kitchen,CookEasy,False,4.09,Clearance,0.25,Shopee,COD,1,5317.84,0.28,1489.0,3828.85,3,0,1,0,0,0
LGS1ORD0000242,C000554,2025-01-20 02:00:00,Female,46,Bronze,Lazada,Remote_Area,530,Home_Appliance,HomePro,True,3.76,Clearance,0.25,CallCenter,COD,2,12539.87,0.28,7022.33,18057.42,1,2,1,0,0,1
LGS1ORD0000243,C000319,2025-01-20 04:00:00,Male,37,Bronze,Lazada,Bangkok,794,Home_Appliance,HomePro,True,4.1,Clearance,0.2,TV_Show,COD,3,3240.67,0.23,2236.06,7485.95,3,4,1,0,0,0
LGS1ORD0000244,C000587,2025-01-20 06:00:00,Female,55,Bronze,Shopee,Remote_Area,1290,Kitchen,KitchenMax,False,4.01,Campaign,0.15,TV_Show,PromptPay,1,3432.8,0.18,617.9,2814.9,3,6,1,0,0,0
LGS1ORD0000245,C000500,2025-01-20 08:00:00,Male,47,Silver,Shopee,Bangkok,1005,Electronics,NovaTech,False,3.66,No Promotion,0.0,Web,COD,3,10959.7,0.05,1643.96,31235.16,4,8,1,0,0,0
LGS1ORD0000246,C001062,2025-01-20 10:00:00,Female,29,Gold,Shopee,Khon Kaen,844,Cosmetics,FreshLook,False,4.16,Clearance,0.2,Shopee,Credit_Card,1,1918.4,0.28,537.15,1381.25,5,10,1,0,0,0
LGS1ORD0000247,C000940,2025-01-20 12:00:00,Female,52,Silver,TV,Chonburi,1395,Fashion,UrbanWear,True,3.61,No Promotion,0.0,CallCenter,PromptPay,1,1056.08,0.05,52.8,1003.28,3,12,1,0,0,0
LGS1ORD0000248,C000512,2025-01-20 14:00:00,Male,38,Bronze,CallCenter,Phuket,456,Cosmetics,FreshLook,True,3.82,Clearance,0.25,CallCenter,COD,3,1498.83,0.28,1259.02,3237.48,5,14,1,0,0,1
LGS1ORD0000249,C000053,2025-01-20 15:00:00,Female,29,Platinum,Shopee,Bangkok,315,Home_Appliance,PureAir,True,4.21,No Promotion,0.0,Lazada,COD,2,12782.13,0.1,2556.43,23007.84,3,15,1,0,0,1
LGS1ORD0000250,C001089,2025-01-20 17:00:00,Male,52,Bronze,TV,Phuket,840,Electronics,NovaTech,True,4.02,Clearance,0.25,Shopee,Bank_Transfer,1,10076.35,0.28,2821.38,7254.97,3,17,1,0,0,0
LGS1ORD0000251,C000758,2025-01-20 19:00:00,Male,38,Bronze,Web,Bangkok,939,Health,WellPlus,False,4.14,No Promotion,0.0,Lazada,Credit_Card,1,732.69,0.03,21.98,710.71,5,19,1,0,0,0
LGS1ORD0000252,C000914,2025-01-20 21:00:00,Female,48,Silver,Shopee,Phuket,563,Kitchen,CookEasy,False,3.81,Campaign,0.15,Shopee,Credit_Card,2,1575.01,0.2,630.0,2520.01,3,21,1,0,0,0
LGS1ORD0000253,C000261,2025-01-20 23:00:00,Male,50,Gold,Shopee,Bangkok,264,Electronics,NovaTech,True,3.71,Campaign,0.05,Web,COD,2,2069.83,0.13,538.16,3601.51,1,23,1,0,0,0
LGS1ORD0000254,C000522,2025-01-21 01:00:00,Female,34,Silver,Lazada,Chiang Mai,815,Cosmetics,SunSafe,True,4.42,Campaign,0.05,CallCenter,Bank_Transfer,1,1914.91,0.1,191.49,1723.42,1,1,1,1,0,0
LGS1ORD0000255,C000555,2025-01-21 03:00:00,Female,30,Silver,TV,Chonburi,1055,Electronics,GadgetWorld,True,3.81,Clearance,0.2,Web,Bank_Transfer,1,8307.45,0.25,2076.86,6230.59,4,3,1,1,0,0
LGS1ORD0000256,C000082,2025-01-21 05:00:00,Female,56,Gold,Lazada,Songkhla,484,Electronics,ShieldCase,True,3.63,Campaign,0.15,Shopee,COD,1,3788.39,0.2299999999999999,871.33,2917.06,5,5,1,1,0,1
LGS1ORD0000257,C000523,2025-01-21 07:00:00,Male,18,Bronze,Lazada,Chiang Mai,554,Fashion,FitStyle,False,3.62,Clearance,0.25,Web,COD,4,2249.23,0.28,2519.14,6477.79,1,7,1,1,0,1
LGS1ORD0000258,C001029,2025-01-21 09:00:00,Male,19,Bronze,Shopee,Bangkok,397,Cosmetics,FreshLook,False,4.31,Clearance,0.2,TV_Show,COD,1,2214.21,0.23,509.27,1704.94,3,9,1,1,0,0
LGS1ORD0000259,C001185,2025-01-21 10:00:00,Female,40,Bronze,TV,Chonburi,1051,Cosmetics,FreshLook,True,3.82,Clearance,0.2,TV_Show,PromptPay,2,1566.84,0.23,720.75,2412.93,3,10,1,1,0,0
LGS1ORD0000260,C001102,2025-01-21 12:00:00,Male,50,Bronze,TV,Phuket,581,Electronics,GadgetWorld,False,3.57,Campaign,0.05,CallCenter,Bank_Transfer,1,603.28,0.08,48.26,555.02,1,12,1,1,0,0
LGS1ORD0000261,C000156,2025-01-21 14:00:00,Male,50,Silver,Web,Nakhon Ratchasima,642,Fashion,FitStyle,False,3.18,Clearance,0.25,Lazada,PromptPay,1,545.58,0.3,163.67,381.91,3,14,1,1,0,1
LGS1ORD0000262,C000286,2025-01-21 16:00:00,Female,48,Silver,Web,Chonburi,98,Cosmetics,FreshLook,False,4.2,No Promotion,0.0,TV_Show,Credit_Card,1,1514.32,0.05,75.72,1438.61,3,16,1,1,0,0
LGS1ORD0000263,C000326,2025-01-21 18:00:00,Male,45,Gold,Lazada,Khon Kaen,594,Cosmetics,Beauty Lab,False,4.23,Campaign,0.05,TV_Show,COD,1,1521.75,0.13,197.83,1323.92,1,18,1,1,0,0
LGS1ORD0000264,C000483,2025-01-21 20:00:00,Male,49,Bronze,Lazada,Songkhla,856,Fashion,SilkTouch,False,3.43,Campaign,0.15,Shopee,Bank_Transfer,1,1335.85,0.18,240.45,1095.4,4,20,1,1,0,1
LGS1ORD0000265,C000154,2025-01-21 22:00:00,Male,35,Gold,Shopee,Bangkok,247,Cosmetics,FreshLook,False,3.94,No Promotion,0.0,TV_Show,COD,4,405.01,0.08,129.6,1490.42,3,22,1,1,0,0
LGS1ORD0000266,C000782,2025-01-22 00:00:00,Female,33,Silver,TV,Khon Kaen,1023,Cosmetics,Beauty Lab,False,4.04,Campaign,0.15,Lazada,Credit_Card,2,2160.21,0.2,864.08,3456.33,1,0,1,2,0,0
LGS1ORD0000267,C000701,2025-01-22 02:00:00,Female,43,Bronze,Lazada,Bangkok,950,Fashion,FitStyle,False,3.53,Clearance,0.2,Lazada,COD,1,1840.13,0.23,423.23,1416.9,3,2,1,2,0,1
LGS1ORD0000268,C001031,2025-01-22 04:00:00,Male,52,Bronze,TV,Remote_Area,435,Electronics,NovaTech,False,3.92,No Promotion,0.0,CallCenter,Credit_Card,2,8891.66,0.03,533.5,17249.82,5,4,1,2,0,1
LGS1ORD0000269,C000987,2025-01-22 05:00:00,Male,31,Gold,Lazada,Phuket,955,Fashion,FitStyle,False,3.48,Campaign,0.1,Lazada,COD,1,1844.0,0.18,331.92,1512.08,5,5,1,2,0,1
LGS1ORD0000270,C000081,2025-01-22 07:00:00,Male,45,Bronze,CallCenter,Remote_Area,222,Kitchen,KitchenMax,True,4.1,No Promotion,0.0,TV_Show,Credit_Card,2,2906.3,0.03,174.38,5638.22,3,7,1,2,0,0
LGS1ORD0000271,C000518,2025-01-22 09:00:00,Female,36,Bronze,TV,Bangkok,372,Electronics,ShieldCase,True,3.7,Campaign,0.15,Web,COD,1,9632.89,0.18,1733.92,7898.97,3,9,1,2,0,0
LGS1ORD0000272,C000514,2025-01-22 11:00:00,Female,53,Bronze,TV,Remote_Area,344,Health,WellPlus,True,3.95,Campaign,0.15,Web,Credit_Card,1,1232.15,0.18,221.79,1010.36,5,11,1,2,0,0
LGS1ORD0000273,C000203,2025-01-22 13:00:00,Female,24,Bronze,Shopee,Bangkok,1328,Kitchen,KitchenMax,True,3.84,No Promotion,0.0,Web,COD,1,4553.79,0.03,136.61,4417.18,1,13,1,2,0,0
LGS1ORD0000274,C000667,2025-01-22 15:00:00,Male,48,Bronze,TV,Phuket,1073,Cosmetics,SunSafe,False,4.24,Campaign,0.05,Lazada,COD,2,1698.82,0.08,271.81,3125.83,3,15,1,2,0,0
LGS1ORD0000275,C001056,2025-01-22 17:00:00,Female,42,Silver,TV,Bangkok,812,Health,MediCare,False,4.38,No Promotion,0.0,Shopee,Credit_Card,3,2146.02,0.05,321.9,6116.17,5,17,1,2,0,0
LGS1ORD0000276,C000256,2025-01-22 19:00:00,Female,62,Bronze,Shopee,Remote_Area,1256,Electronics,NovaTech,False,3.77,Campaign,0.1,Web,COD,1,5983.34,0.13,777.83,5205.51,3,19,1,2,0,1
LGS1ORD0000277,C000925,2025-01-22 21:00:00,Female,36,Platinum,Lazada,Bangkok,323,Home_Appliance,PureAir,True,3.92,Campaign,0.05,Lazada,COD,1,3260.27,0.15,489.04,2771.23,4,21,1,2,0,1
LGS1ORD0000278,C000659,2025-01-22 23:00:00,Female,29,Bronze,TV,Remote_Area,101,Home_Appliance,HomePro,True,3.97,Clearance,0.2,TV_Show,COD,1,8742.57,0.23,2010.79,6731.78,5,23,1,2,0,1
LGS1ORD0000279,C000505,2025-01-23 00:00:00,Male,35,Silver,CallCenter,Khon Kaen,1009,Home_Appliance,PureAir,False,4.11,Clearance,0.2,Web,Credit_Card,1,6215.56,0.25,1553.89,4661.67,4,0,1,3,0,0
LGS1ORD0000280,C000852,2025-01-23 02:00:00,Male,72,Bronze,Shopee,Nakhon Ratchasima,204,Cosmetics,FreshLook,False,3.89,Campaign,0.15,Shopee,PromptPay,1,388.25,0.18,69.88,318.36,1,2,1,3,0,0
LGS1ORD0000281,C000735,2025-01-23 04:00:00,Female,38,Bronze,Web,Chonburi,1131,Health,MediCare,False,4.55,No Promotion,0.0,Web,Bank_Transfer,1,781.41,0.03,23.44,757.97,4,4,1,3,0,0
LGS1ORD0000282,C000960,2025-01-23 06:00:00,Female,34,Gold,Shopee,Bangkok,811,Fashion,SilkTouch,False,3.43,No Promotion,0.0,TV_Show,Credit_Card,4,1357.13,0.08,434.28,4994.24,1,6,1,3,0,0
LGS1ORD0000283,C000140,2025-01-23 08:00:00,Female,59,Gold,TV,Songkhla,425,Fashion,SilkTouch,False,3.47,Clearance,0.2,Shopee,PromptPay,1,1868.16,0.28,523.08,1345.07,3,8,1,3,0,0
LGS1ORD0000284,C000311,2025-01-23 10:00:00,Male,45,Bronze,Shopee,Nakhon Ratchasima,1201,Electronics,ShieldCase,False,3.97,Campaign,0.15,TV_Show,Credit_Card,1,2905.06,0.18,522.91,2382.15,5,10,1,3,0,0
LGS1ORD0000285,C000372,2025-01-23 12:00:00,Female,18,Gold,Web,Bangkok,1258,Cosmetics,FreshLook,True,3.9,No Promotion,0.0,Web,Credit_Card,3,1161.15,0.08,278.68,3204.78,3,12,1,3,0,0
LGS1ORD0000286,C000450,2025-01-23 14:00:00,Female,55,Gold,TV,Chonburi,689,Fashion,FitStyle,False,3.72,Clearance,0.2,Shopee,Credit_Card,1,1988.34,0.28,556.73,1431.6,5,14,1,3,0,0
LGS1ORD0000287,C001040,2025-01-23 16:00:00,Female,50,Silver,Web,Chiang Mai,42,Kitchen,KitchenMax,True,3.84,Campaign,0.15,Web,Credit_Card,1,4912.51,0.2,982.5,3930.0,3,16,1,3,0,0
LGS1ORD0000288,C000638,2025-01-23 18:00:00,Female,35,Silver,Lazada,Remote_Area,1111,Fashion,SilkTouch,False,3.21,Clearance,0.2,Lazada,PromptPay,1,2008.95,0.25,502.24,1506.71,1,18,1,3,0,1
LGS1ORD0000289,C000813,2025-01-23 19:00:00,Female,57,Bronze,Shopee,Chiang Mai,395,Fashion,UrbanWear,False,3.48,Campaign,0.1,CallCenter,COD,3,691.38,0.13,269.64,1804.5,5,19,1,3,0,1
LGS1ORD0000290,C000764,2025-01-23 21:00:00,Male,69,Silver,TV,Songkhla,117,Electronics,GadgetWorld,False,3.78,Campaign,0.05,Shopee,PromptPay,1,5098.25,0.1,509.82,4588.42,3,21,1,3,0,0
LGS1ORD0000291,C001041,2025-01-23 23:00:00,Female,38,Silver,CallCenter,Bangkok,1406,Kitchen,KitchenMax,False,4.07,Campaign,0.15,TV_Show,PromptPay,2,3403.76,0.2,1361.5,5446.02,3,23,1,3,0,0
LGS1ORD0000292,C000760,2025-01-24 01:00:00,Male,31,Bronze,TV,Bangkok,1143,Health,MediCare,False,4.55,No Promotion,0.0,TV_Show,Bank_Transfer,1,768.84,0.03,23.07,745.77,5,1,1,4,0,0
LGS1ORD0000293,C000986,2025-01-24 03:00:00,Male,27,Bronze,TV,Remote_Area,519,Fashion,SilkTouch,True,3.4,No Promotion,0.0,Web,COD,1,1677.03,0.03,50.31,1626.72,5,3,1,4,0,1
LGS1ORD0000294,C000238,2025-01-24 05:00:00,Female,53,Bronze,Web,Bangkok,573,Electronics,GadgetWorld,False,3.98,Clearance,0.2,TV_Show,COD,2,3209.63,0.23,1476.43,4942.83,4,5,1,4,0,0
LGS1ORD0000295,C000190,2025-01-24 07:00:00,Female,46,Bronze,CallCenter,Remote_Area,926,Home_Appliance,PureAir,False,4.19,Campaign,0.15,Web,COD,1,5850.65,0.18,1053.12,4797.53,3,7,1,4,0,0
LGS1ORD0000296,C000893,2025-01-24 09:00:00,Male,58,Gold,CallCenter,Bangkok,264,Health,VitaLife,True,4.05,Campaign,0.15,Web,COD,2,3937.01,0.2299999999999999,1811.03,6063.0,3,9,1,4,0,0
LGS1ORD0000297,C000454,2025-01-24 11:00:00,Female,60,Bronze,TV,Remote_Area,783,Cosmetics,Beauty Lab,False,3.76,Campaign,0.15,Lazada,PromptPay,1,1742.35,0.18,313.62,1428.73,3,11,1,4,0,1
LGS1ORD0000298,C000889,2025-01-24 13:00:00,Female,39,Silver,Web,Chonburi,1363,Home_Appliance,HomePro,True,4.07,Clearance,0.25,TV_Show,COD,3,1223.5,0.3,1101.15,2569.35,3,13,1,4,0,0
LGS1ORD0000299,C000392,2025-01-24 14:00:00,Female,34,Gold,Web,Khon Kaen,636,Kitchen,ChefHome,False,4.18,Clearance,0.2,Lazada,Bank_Transfer,3,4140.78,0.28,3478.25,8944.08,3,14,1,4,0,0
LGS1ORD0000300,C000562,2025-01-24 16:00:00,Male,54,Bronze,Lazada,Bangkok,1066,Cosmetics,FreshLook,False,4.0,No Promotion,0.0,Shopee,COD,4,2216.68,0.03,266.0,8600.72,5,16,1,4,0,0
LGS1ORD0000301,C001181,2025-01-24 18:00:00,Female,43,Silver,Web,Chiang Mai,472,Fashion,UrbanWear,False,3.81,Campaign,0.05,Web,Bank_Transfer,1,2018.91,0.1,201.89,1817.02,4,18,1,4,0,0
LGS1ORD0000302,C000186,2025-01-24 20:00:00,Male,55,Bronze,TV,Phuket,1186,Cosmetics,FreshLook,False,4.21,Campaign,0.05,Shopee,Credit_Card,4,462.59,0.08,148.03,1702.33,1,20,1,4,0,0
LGS1ORD0000303,C000719,2025-01-24 22:00:00,Female,43,Bronze,TV,Bangkok,687,Fashion,UrbanWear,False,3.61,No Promotion,0.0,TV_Show,PromptPay,1,1568.82,0.03,47.06,1521.76,1,22,1,4,0,1
LGS1ORD0000304,C000082,2025-01-25 00:00:00,Female,56,Gold,Lazada,Songkhla,488,Fashion,SilkTouch,True,3.91,Clearance,0.2,Shopee,COD,2,671.99,0.28,376.32,967.67,4,0,1,5,1,1
LGS1ORD0000305,C000493,2025-01-25 02:00:00,Female,37,Bronze,Shopee,Chiang Mai,425,Health,VitaLife,True,4.67,Campaign,0.05,Shopee,COD,1,3455.58,0.08,276.45,3179.13,1,2,1,5,1,0
LGS1ORD0000306,C000197,2025-01-25 04:00:00,Male,27,Bronze,Shopee,Remote_Area,116,Health,MediCare,False,4.38,Clearance,0.25,Lazada,COD,2,2156.56,0.28,1207.67,3105.45,5,4,1,5,1,0
LGS1ORD0000307,C000014,2025-01-25 06:00:00,Male,44,Bronze,Shopee,Nakhon Ratchasima,166,Kitchen,ChefHome,True,4.18,Clearance,0.2,Web,Bank_Transfer,2,2426.0,0.23,1115.96,3736.03,4,6,1,5,1,0
LGS1ORD0000308,C000992,2025-01-25 08:00:00,Female,29,Bronze,Shopee,Bangkok,479,Fashion,FitStyle,False,3.53,Campaign,0.15,Shopee,PromptPay,1,1820.91,0.18,327.76,1493.15,3,8,1,5,1,1
LGS1ORD0000309,C000229,2025-01-25 10:00:00,Female,27,Silver,Web,Chonburi,1327,Fashion,UrbanWear,False,3.6,Clearance,0.25,Shopee,COD,1,2192.2,0.3,657.66,1534.54,3,10,1,5,1,1
LGS1ORD0000310,C000564,2025-01-25 11:00:00,Male,50,Silver,Shopee,Chonburi,989,Health,VitaLife,False,4.39,No Promotion,0.0,CallCenter,PromptPay,2,2490.52,0.05,249.05,4732.0,5,11,1,5,1,0
LGS1ORD0000311,C000225,2025-01-25 13:00:00,Male,30,Silver,Web,Chiang Mai,833,Home_Appliance,PureAir,False,4.11,Campaign,0.1,Web,Bank_Transfer,1,6561.95,0.15,984.29,5577.66,1,13,1,5,1,1
LGS1ORD0000312,C000981,2025-01-25 15:00:00,Female,24,Silver,Shopee,Chiang Mai,259,Fashion,FitStyle,False,3.7,Campaign,0.1,TV_Show,PromptPay,1,551.81,0.15,82.77,469.04,3,15,1,5,1,0
LGS1ORD0000313,C000898,2025-01-25 17:00:00,Female,49,Silver,Shopee,Bangkok,939,Health,MediCare,False,4.38,No Promotion,0.0,Web,COD,4,2096.04,0.05,419.21,7964.95,3,17,1,5,1,0
LGS1ORD0000314,C000795,2025-01-25 19:00:00,Female,36,Silver,Shopee,Remote_Area,873,Electronics,ShieldCase,False,3.61,Clearance,0.25,Lazada,PromptPay,1,9260.27,0.3,2778.08,6482.19,5,19,1,5,1,0
LGS1ORD0000315,C000664,2025-01-25 21:00:00,Female,38,Bronze,Lazada,Bangkok,238,Fashion,FitStyle,False,3.59,Campaign,0.15,Lazada,COD,1,1773.71,0.18,319.27,1454.44,5,21,1,5,1,1
LGS1ORD0000316,C001123,2025-01-25 23:00:00,Female,18,Bronze,Shopee,Bangkok,938,Kitchen,ChefHome,True,3.95,Clearance,0.2,CallCenter,PromptPay,1,1321.17,0.23,303.87,1017.3,5,23,1,5,1,0
LGS1ORD0000317,C000756,2025-01-26 01:00:00,Female,34,Bronze,TV,Remote_Area,727,Fashion,UrbanWear,False,3.61,Clearance,0.2,Web,Credit_Card,2,1569.06,0.23,721.77,2416.35,3,1,1,6,1,1
LGS1ORD0000318,C001060,2025-01-26 03:00:00,Male,32,Bronze,Shopee,Songkhla,1096,Fashion,UrbanWear,False,3.6,Campaign,0.05,Shopee,Credit_Card,3,2411.4,0.08,578.74,6655.47,1,3,1,6,1,0
LGS1ORD0000319,C000492,2025-01-26 05:00:00,Female,43,Silver,Lazada,Nakhon Ratchasima,482,Cosmetics,FreshLook,False,4.26,No Promotion,0.0,Shopee,Credit_Card,1,1995.82,0.05,99.79,1896.03,3,5,1,6,1,0
LGS1ORD0000320,C000260,2025-01-26 06:00:00,Female,48,Silver,Lazada,Bangkok,906,Fashion,UrbanWear,False,3.81,Clearance,0.2,Web,Bank_Transfer,1,1960.68,0.25,490.17,1470.51,3,6,1,6,1,0
LGS1ORD0000321,C000743,2025-01-26 08:00:00,Male,48,Bronze,Lazada,Khon Kaen,742,Health,MediCare,False,4.4,Campaign,0.05,Web,Bank_Transfer,1,3835.13,0.08,306.81,3528.32,3,8,1,6,1,0
LGS1ORD0000322,C000819,2025-01-26 10:00:00,Male,36,Silver,TV,Remote_Area,1222,Fashion,SilkTouch,False,3.43,Campaign,0.1,Lazada,Credit_Card,2,1300.62,0.15,390.19,2211.06,3,10,1,6,1,0
LGS1ORD0000323,C000741,2025-01-26 12:00:00,Female,69,Bronze,TV,Chiang Mai,372,Home_Appliance,PureAir,False,3.58,Campaign,0.15,Lazada,COD,2,8506.07,0.18,3062.19,13949.96,5,12,1,6,1,1
LGS1ORD0000324,C000048,2025-01-26 14:00:00,Male,39,Gold,Web,Khon Kaen,157,Cosmetics,Beauty Lab,False,4.11,No Promotion,0.0,CallCenter,Credit_Card,1,1771.02,0.08,141.68,1629.34,3,14,1,6,1,0
LGS1ORD0000325,C000732,2025-01-26 16:00:00,Female,39,Gold,Lazada,Songkhla,212,Electronics,NovaTech,False,3.6,No Promotion,0.0,Shopee,COD,1,8306.94,0.08,664.56,7642.38,3,16,1,6,1,1
LGS1ORD0000326,C000107,2025-01-26 18:00:00,Female,51,Bronze,TV,Chiang Mai,1037,Kitchen,CookEasy,False,4.09,No Promotion,0.0,TV_Show,COD,1,1402.54,0.03,42.08,1360.47,3,18,1,6,1,0
LGS1ORD0000327,C000892,2025-01-26 20:00:00,Other,42,Bronze,Shopee,Chiang Mai,549,Fashion,FitStyle,False,3.68,Clearance,0.25,CallCenter,COD,2,1811.88,0.28,1014.65,2609.11,1,20,1,6,1,0
LGS1ORD0000328,C000420,2025-01-26 22:00:00,Female,49,Silver,Web,Remote_Area,76,Home_Appliance,HomePro,True,4.16,Campaign,0.15,Lazada,PromptPay,3,8566.17,0.2,5139.7,20558.82,1,22,1,6,1,0
LGS1ORD0000329,C000300,2025-01-27 00:00:00,Female,43,Bronze,TV,Remote_Area,1156,Health,MediCare,False,4.77,No Promotion,0.0,CallCenter,PromptPay,2,261.36,0.03,15.68,507.05,1,0,1,0,0,0
LGS1ORD0000330,C000401,2025-01-27 01:00:00,Male,51,Silver,Web,Nakhon Ratchasima,345,Home_Appliance,PureAir,False,4.42,Campaign,0.05,Web,Bank_Transfer,4,8999.53,0.1,3599.81,32398.29,3,1,1,0,0,0
LGS1ORD0000331,C001035,2025-01-27 03:00:00,Male,36,Silver,Shopee,Khon Kaen,485,Fashion,UrbanWear,False,3.6,Campaign,0.15,Web,COD,1,766.53,0.2,153.31,613.23,3,3,1,0,0,0
LGS1ORD0000332,C001158,2025-01-27 05:00:00,Female,48,Silver,TV,Bangkok,1355,Cosmetics,FreshLook,False,4.12,No Promotion,0.0,Web,COD,1,199.78,0.05,9.99,189.79,3,5,1,0,0,0
LGS1ORD0000333,C000287,2025-01-27 07:00:00,Female,50,Gold,Web,Khon Kaen,544,Kitchen,KitchenMax,True,4.54,Campaign,0.15,Web,Credit_Card,2,5987.81,0.2299999999999999,2754.39,9221.23,1,7,1,0,0,0
LGS1ORD0000334,C000243,2025-01-27 09:00:00,Female,35,Bronze,Lazada,Bangkok,1072,Fashion,FitStyle,False,3.41,Campaign,0.1,Lazada,PromptPay,1,954.0,0.13,124.02,829.98,1,9,1,0,0,0
LGS1ORD0000335,C000198,2025-01-27 11:00:00,Male,20,Bronze,TV,Songkhla,111,Kitchen,KitchenMax,False,4.09,No Promotion,0.0,Lazada,Bank_Transfer,1,1253.35,0.03,37.6,1215.75,4,11,1,0,0,0
LGS1ORD0000336,C000338,2025-01-27 13:00:00,Male,54,Bronze,Shopee,Khon Kaen,634,Fashion,UrbanWear,False,3.61,Campaign,0.05,Shopee,COD,1,846.66,0.08,67.73,778.93,1,13,1,0,0,0
LGS1ORD0000337,C000298,2025-01-27 15:00:00,Female,49,Silver,Shopee,Khon Kaen,403,Home_Appliance,HomePro,False,3.71,Campaign,0.05,Shopee,Bank_Transfer,2,6764.51,0.1,1352.9,12176.12,4,15,1,0,0,0
LGS1ORD0000338,C000688,2025-01-27 17:00:00,Male,30,Bronze,TV,Bangkok,1085,Home_Appliance,CleanMate,False,3.81,Campaign,0.05,Lazada,COD,1,12890.53,0.08,1031.24,11859.29,3,17,1,0,0,0
LGS1ORD0000339,C000265,2025-01-27 19:00:00,Female,71,Gold,TV,Bangkok,340,Fashion,FitStyle,False,3.91,Clearance,0.25,Web,PromptPay,1,1361.47,0.33,449.28,912.18,5,19,1,0,0,0
LGS1ORD0000340,C000442,2025-01-27 20:00:00,Male,51,Bronze,Shopee,Bangkok,687,Fashion,FitStyle,False,3.7,Campaign,0.05,Lazada,COD,1,2324.74,0.08,185.98,2138.76,4,20,1,0,0,1
LGS1ORD0000341,C000461,2025-01-27 22:00:00,Male,37,Silver,TV,Khon Kaen,1003,Cosmetics,Beauty Lab,False,3.82,Clearance,0.2,Lazada,COD,1,1781.42,0.25,445.35,1336.06,3,22,1,0,0,1
LGS1ORD0000342,C000122,2025-01-28 00:00:00,Female,41,Bronze,TV,Remote_Area,709,Health,VitaLife,True,4.05,Campaign,0.15,TV_Show,PromptPay,1,3682.98,0.18,662.94,3020.04,1,0,1,1,0,1
LGS1ORD0000343,C000349,2025-01-28 02:00:00,Male,39,Gold,Lazada,Bangkok,1376,Electronics,ShieldCase,False,4.03,Clearance,0.25,CallCenter,COD,1,10438.2,0.33,3444.61,6993.59,4,2,1,1,0,0
LGS1ORD0000344,C000615,2025-01-28 04:00:00,Female,44,Bronze,TV,Remote_Area,889,Electronics,NovaTech,True,3.94,Campaign,0.15,Lazada,COD,2,12029.22,0.18,4330.52,19727.92,1,4,1,1,0,1
LGS1ORD0000345,C000249,2025-01-28 06:00:00,Male,54,Bronze,TV,Bangkok,573,Cosmetics,FreshLook,False,3.95,Campaign,0.1,Web,COD,2,1492.51,0.13,388.05,2596.97,1,6,1,1,0,0
LGS1ORD0000346,C000973,2025-01-28 08:00:00,Female,50,Bronze,TV,Bangkok,929,Health,VitaLife,False,4.26,Campaign,0.1,Web,COD,1,435.95,0.13,56.67,379.27,3,8,1,1,0,0
LGS1ORD0000347,C000759,2025-01-28 10:00:00,Male,26,Silver,Web,Bangkok,64,Fashion,UrbanWear,True,3.61,Campaign,0.05,Web,Bank_Transfer,1,1046.22,0.1,104.62,941.6,3,10,1,1,0,0
LGS1ORD0000348,C000368,2025-01-28 12:00:00,Male,54,Silver,CallCenter,Chonburi,678,Cosmetics,FreshLook,False,3.94,Campaign,0.05,TV_Show,COD,1,414.3,0.1,41.43,372.87,4,12,1,1,0,0
LGS1ORD0000349,C000449,2025-01-28 14:00:00,Female,33,Gold,Lazada,Nakhon Ratchasima,1006,Electronics,ShieldCase,False,3.77,No Promotion,0.0,Shopee,COD,1,2816.08,0.08,225.29,2590.8,3,14,1,1,0,0
LGS1ORD0000350,C000282,2025-01-28 15:00:00,Male,47,Bronze,Web,Bangkok,175,Electronics,NovaTech,True,3.94,Clearance,0.25,CallCenter,Credit_Card,1,12656.19,0.28,3543.73,9112.46,4,15,1,1,0,0
LGS1ORD0000351,C000452,2025-01-28 17:00:00,Female,40,Bronze,Web,Songkhla,100,Electronics,NovaTech,True,3.94,Clearance,0.2,TV_Show,COD,1,1034.21,0.23,237.87,796.34,1,17,1,1,0,1
LGS1ORD0000352,C000274,2025-01-28 19:00:00,Male,42,Bronze,CallCenter,Bangkok,706,Home_Appliance,CleanMate,True,4.06,Clearance,0.25,Lazada,Bank_Transfer,1,5357.11,0.28,1499.99,3857.12,4,19,1,1,0,1
LGS1ORD0000353,C000776,2025-01-28 21:00:00,Female,40,Bronze,Web,Chiang Mai,579,Cosmetics,FreshLook,False,4.07,Campaign,0.15,Shopee,COD,1,1729.77,0.18,311.36,1418.41,4,21,1,1,0,0
LGS1ORD0000354,C001118,2025-01-28 23:00:00,Female,44,Silver,Web,Chonburi,752,Home_Appliance,PureAir,True,4.21,Clearance,0.2,Shopee,Credit_Card,1,11299.28,0.25,2824.82,8474.46,1,23,1,1,0,1
LGS1ORD0000355,C000462,2025-01-29 01:00:00,Female,18,Gold,Shopee,Khon Kaen,366,Fashion,SilkTouch,False,3.21,Clearance,0.2,Shopee,COD,1,1974.04,0.28,552.73,1421.31,1,1,1,2,0,1
LGS1ORD0000356,C000341,2025-01-29 03:00:00,Male,41,Gold,Lazada,Remote_Area,198,Cosmetics,FreshLook,True,3.9,Campaign,0.1,Web,Bank_Transfer,3,1250.13,0.18,675.07,3075.33,5,3,1,2,0,1
LGS1ORD0000357,C000599,2025-01-29 05:00:00,Male,56,Bronze,TV,Remote_Area,1272,Electronics,NovaTech,True,4.02,No Promotion,0.0,Shopee,COD,1,10447.74,0.03,313.43,10134.3,4,5,1,2,0,1
LGS1ORD0000358,C000015,2025-01-29 07:00:00,Female,46,Gold,Shopee,Chonburi,210,Fashion,FitStyle,True,3.85,Campaign,0.15,Web,Bank_Transfer,3,1104.56,0.2299999999999999,762.15,2551.54,5,7,1,2,0,1
LGS1ORD0000359,C000646,2025-01-29 09:00:00,Female,42,Bronze,TV,Chonburi,933,Fashion,SilkTouch,False,3.9,No Promotion,0.0,TV_Show,Credit_Card,2,665.41,0.03,39.92,1290.9,3,9,1,2,0,0
LGS1ORD0000360,C000750,2025-01-29 10:00:00,Female,46,Bronze,Shopee,Phuket,1409,Home_Appliance,HomePro,False,4.09,Campaign,0.05,Web,COD,1,15089.59,0.08,1207.17,13882.42,5,10,1,2,0,0
LGS1ORD0000361,C000825,2025-01-29 12:00:00,Male,38,Silver,Shopee,Khon Kaen,303,Electronics,NovaTech,True,3.5,Campaign,0.15,TV_Show,Credit_Card,3,5266.37,0.2,3159.82,12639.29,1,12,1,2,0,1
LGS1ORD0000362,C001098,2025-01-29 14:00:00,Male,39,Silver,Web,Phuket,1351,Health,MediCare,False,4.34,Clearance,0.25,CallCenter,PromptPay,1,1845.52,0.3,553.65,1291.86,5,14,1,2,0,0
LGS1ORD0000363,C000060,2025-01-29 16:00:00,Male,42,Bronze,Shopee,Songkhla,419,Fashion,FitStyle,False,3.7,Campaign,0.1,Shopee,Credit_Card,2,2316.54,0.13,602.3,4030.78,5,16,1,2,0,0
LGS1ORD0000364,C000400,2025-01-29 18:00:00,Male,24,Bronze,Lazada,Chonburi,1453,Home_Appliance,HomePro,False,4.04,Clearance,0.2,Web,COD,1,6962.45,0.23,1601.36,5361.09,3,18,1,2,0,1
LGS1ORD0000365,C001057,2025-01-29 20:00:00,Female,61,Silver,TV,Khon Kaen,1296,Home_Appliance,CleanMate,True,3.73,No Promotion,0.0,Shopee,COD,1,2264.77,0.05,113.24,2151.53,5,20,1,2,0,0
LGS1ORD0000366,C001193,2025-01-29 22:00:00,Male,47,Silver,Web,Chonburi,291,Electronics,NovaTech,False,3.68,No Promotion,0.0,CallCenter,COD,2,4789.6,0.05,478.96,9100.25,3,22,1,2,0,0
LGS1ORD0000367,C000999,2025-01-30 00:00:00,Female,52,Bronze,TV,Phuket,926,Cosmetics,Beauty Lab,False,3.9,No Promotion,0.0,Web,COD,2,1789.2,0.03,107.35,3471.04,3,0,1,3,0,0
LGS1ORD0000368,C000492,2025-01-30 02:00:00,Female,43,Silver,Lazada,Nakhon Ratchasima,486,Health,VitaLife,True,4.31,Campaign,0.1,CallCenter,Credit_Card,2,2936.48,0.15,880.94,4992.01,3,2,1,3,0,0
LGS1ORD0000369,C000722,2025-01-30 04:00:00,Male,40,Bronze,TV,Songkhla,712,Kitchen,CookEasy,True,4.09,No Promotion,0.0,Shopee,COD,2,4331.92,0.03,259.92,8403.92,3,4,1,3,0,0
LGS1ORD0000370,C001162,2025-01-30 05:00:00,Male,35,Bronze,CallCenter,Bangkok,873,Kitchen,KitchenMax,True,4.03,Clearance,0.2,Web,COD,1,5156.59,0.23,1186.02,3970.57,1,5,1,3,0,0
LGS1ORD0000371,C000065,2025-01-30 07:00:00,Male,45,Bronze,Shopee,Chonburi,785,Kitchen,ChefHome,False,4.13,Campaign,0.15,Web,PromptPay,1,5114.5,0.18,920.61,4193.89,4,7,1,3,0,0
LGS1ORD0000372,C000430,2025-01-30 09:00:00,Female,46,Bronze,CallCenter,Khon Kaen,360,Home_Appliance,CleanMate,True,4.01,Clearance,0.25,CallCenter,Credit_Card,2,5655.77,0.28,3167.23,8144.31,1,9,1,3,0,0
LGS1ORD0000373,C000424,2025-01-30 11:00:00,Female,41,Gold,Lazada,Phuket,375,Fashion,FitStyle,False,3.6,Campaign,0.05,CallCenter,Bank_Transfer,1,2512.06,0.13,326.57,2185.5,1,11,1,3,0,0
LGS1ORD0000374,C000006,2025-01-30 13:00:00,Female,22,Bronze,TV,Bangkok,1293,Fashion,UrbanWear,True,3.61,Clearance,0.25,Web,COD,3,1158.09,0.28,972.8,2501.47,3,13,1,3,0,0
LGS1ORD0000375,C000278,2025-01-30 15:00:00,Female,48,Bronze,CallCenter,Chonburi,356,Home_Appliance,PureAir,True,3.92,Campaign,0.05,CallCenter,Credit_Card,2,3379.98,0.08,540.8,6219.17,1,15,1,3,0,0
LGS1ORD0000376,C000881,2025-01-30 17:00:00,Female,51,Silver,TV,Phuket,1298,Home_Appliance,PureAir,True,4.2,Campaign,0.05,Lazada,COD,2,11126.97,0.1,2225.39,20028.55,1,17,1,3,0,0
LGS1ORD0000377,C000623,2025-01-30 19:00:00,Male,46,Bronze,Shopee,Chonburi,1342,Kitchen,CookEasy,False,4.43,No Promotion,0.0,Lazada,COD,1,3140.27,0.03,94.21,3046.06,1,19,1,3,0,1
LGS1ORD0000378,C000706,2025-01-30 21:00:00,Female,49,Bronze,Lazada,Khon Kaen,1001,Fashion,UrbanWear,False,3.51,Clearance,0.25,CallCenter,Bank_Transfer,1,436.26,0.28,122.15,314.11,5,21,1,3,0,1
LGS1ORD0000379,C001089,2025-01-30 23:00:00,Male,52,Bronze,TV,Phuket,850,Electronics,NovaTech,False,3.81,No Promotion,0.0,TV_Show,Bank_Transfer,1,10272.18,0.03,308.17,9964.02,3,23,1,3,0,0
LGS1ORD0000380,C000108,2025-01-31 00:00:00,Female,53,Bronze,Shopee,Bangkok,722,Cosmetics,SunSafe,False,4.53,No Promotion,0.0,TV_Show,Credit_Card,1,748.37,0.03,22.45,725.92,3,0,1,4,0,0
LGS1ORD0000381,C001157,2025-01-31 02:00:00,Female,53,Bronze,Lazada,Songkhla,977,Kitchen,CookEasy,False,4.05,Clearance,0.2,TV_Show,Bank_Transfer,1,2216.01,0.23,509.68,1706.33,1,2,1,4,0,0
LGS1ORD0000382,C000570,2025-01-31 04:00:00,Other,49,Bronze,Shopee,Chonburi,933,Electronics,ShieldCase,False,3.63,Campaign,0.05,TV_Show,Credit_Card,1,5315.31,0.08,425.23,4890.09,1,4,1,4,0,0
LGS1ORD0000383,C000794,2025-01-31 06:00:00,Female,49,Bronze,Web,Bangkok,1030,Electronics,NovaTech,False,3.68,Campaign,0.05,TV_Show,COD,4,4804.24,0.08,1537.36,17679.6,4,6,1,4,0,1
LGS1ORD0000384,C000380,2025-01-31 08:00:00,Female,45,Gold,CallCenter,Chonburi,527,Kitchen,CookEasy,False,3.81,No Promotion,0.0,TV_Show,COD,1,1526.03,0.08,122.08,1403.95,4,8,1,4,0,0
LGS1ORD0000385,C000885,2025-01-31 10:00:00,Male,38,Bronze,Shopee,Remote_Area,576,Electronics,NovaTech,False,3.92,Campaign,0.05,Web,COD,2,9141.66,0.08,1462.67,16820.65,5,10,1,4,0,0
LGS1ORD0000386,C000363,2025-01-31 12:00:00,Male,39,Bronze,TV,Bangkok,319,Fashion,UrbanWear,False,3.22,Clearance,0.25,Shopee,Credit_Card,1,870.35,0.28,243.7,626.66,4,12,1,4,0,0
LGS1ORD0000387,C000538,2025-01-31 14:00:00,Female,44,Silver,Web,Bangkok,596,Health,MediCare,False,4.37,Clearance,0.2,Web,COD,1,3644.41,0.25,911.1,2733.3,3,14,1,4,0,0
LGS1ORD0000388,C000558,2025-01-31 16:00:00,Male,49,Silver,Lazada,Nakhon Ratchasima,1007,Health,VitaLife,False,4.19,Campaign,0.05,TV_Show,PromptPay,4,3398.57,0.1,1359.43,12234.85,3,16,1,4,0,0
LGS1ORD0000389,C000802,2025-01-31 18:00:00,Male,23,Bronze,Lazada,Songkhla,77,Fashion,FitStyle,False,3.36,Campaign,0.05,CallCenter,COD,1,938.5,0.08,75.08,863.42,3,18,1,4,0,0
LGS1ORD0000390,C000733,2025-01-31 19:00:00,Male,49,Bronze,Lazada,Bangkok,241,Electronics,NovaTech,False,3.87,Clearance,0.2,Lazada,Credit_Card,1,2088.12,0.23,480.27,1607.85,4,19,1,4,0,0
LGS1ORD0000391,C001027,2025-01-31 21:00:00,Female,55,Bronze,Lazada,Nakhon Ratchasima,96,Fashion,SilkTouch,False,3.43,Campaign,0.15,Shopee,Bank_Transfer,2,1304.63,0.18,469.67,2139.59,3,21,1,4,0,1
LGS1ORD0000392,C000831,2025-01-31 23:00:00,Male,60,Bronze,TV,Bangkok,931,Fashion,FitStyle,False,3.46,Campaign,0.15,Shopee,Credit_Card,1,1348.25,0.18,242.68,1105.56,5,23,1,4,0,0
LGS1ORD0000393,C000011,2025-02-01 01:00:00,Male,27,Silver,CallCenter,Nakhon Ratchasima,373,Fashion,UrbanWear,False,3.81,Clearance,0.2,CallCenter,Bank_Transfer,2,2031.74,0.25,1015.87,3047.61,1,1,2,5,1,0
LGS1ORD0000394,C000112,2025-02-01 03:00:00,Female,34,Bronze,TV,Chiang Mai,1160,Health,MediCare,False,4.55,Campaign,0.15,TV_Show,PromptPay,1,758.42,0.18,136.52,621.9,5,3,2,5,1,0
LGS1ORD0000395,C000552,2025-02-01 05:00:00,Female,34,Silver,TV,Khon Kaen,1325,Health,VitaLife,True,3.9,Clearance,0.2,Shopee,Credit_Card,1,917.72,0.25,229.43,688.29,3,5,2,5,1,0
LGS1ORD0000396,C000322,2025-02-01 07:00:00,Female,37,Gold,Web,Bangkok,912,Fashion,SilkTouch,False,3.5,Clearance,0.25,TV_Show,PromptPay,1,2010.38,0.33,663.43,1346.96,1,7,2,5,1,0
LGS1ORD0000397,C000814,2025-02-01 09:00:00,Male,44,Gold,TV,Chonburi,85,Electronics,NovaTech,True,3.94,Clearance,0.25,Lazada,COD,2,1038.27,0.33,685.26,1391.28,3,9,2,5,1,0
LGS1ORD0000398,C000993,2025-02-01 11:00:00,Male,42,Silver,Lazada,Chiang Mai,1325,Health,WellPlus,True,4.22,Clearance,0.2,TV_Show,Credit_Card,2,4214.18,0.25,2107.09,6321.27,4,11,2,5,1,0
LGS1ORD0000399,C000945,2025-02-01 13:00:00,Female,28,Silver,Shopee,Khon Kaen,1237,Kitchen,ChefHome,True,4.18,Clearance,0.25,Web,COD,1,2431.98,0.3,729.59,1702.38,3,13,2,5,1,0
LGS1ORD0000400,C000319,2025-02-01 14:00:00,Male,37,Bronze,Lazada,Bangkok,806,Health,VitaLife,True,4.31,Clearance,0.25,Shopee,Credit_Card,1,3229.84,0.28,904.35,2325.48,4,14,2,5,1,0
LGS1ORD0000401,C000417,2025-02-01 16:00:00,Female,47,Bronze,Shopee,Nakhon Ratchasima,1081,Home_Appliance,CleanMate,False,4.07,No Promotion,0.0,CallCenter,Bank_Transfer,3,8088.44,0.03,727.96,23537.36,4,16,2,5,1,0
LGS1ORD0000402,C000758,2025-02-01 18:00:00,Male,38,Bronze,Web,Bangkok,951,Kitchen,KitchenMax,False,4.07,Campaign,0.15,Shopee,COD,1,3303.49,0.18,594.63,2708.86,1,18,2,5,1,1
LGS1ORD0000403,C000008,2025-02-01 20:00:00,Male,34,Silver,TV,Bangkok,1056,Home_Appliance,HomePro,False,4.04,Clearance,0.2,Web,COD,1,6982.51,0.25,1745.63,5236.88,4,20,2,5,1,0
LGS1ORD0000404,C000168,2025-02-01 22:00:00,Female,32,Gold,Web,Chiang Mai,333,Fashion,UrbanWear,True,3.78,Campaign,0.05,Web,COD,1,1589.29,0.13,206.61,1382.68,5,22,2,5,1,0
LGS1ORD0000405,C000063,2025-02-02 00:00:00,Female,42,Silver,Lazada,Songkhla,1238,Health,MediCare,True,4.31,Clearance,0.2,CallCenter,COD,1,705.85,0.25,176.46,529.38,1,0,2,6,1,0
LGS1ORD0000406,C000255,2025-02-02 02:00:00,Male,68,Bronze,CallCenter,Chonburi,268,Fashion,UrbanWear,True,3.68,Campaign,0.1,TV_Show,COD,1,1949.36,0.13,253.42,1695.94,1,2,2,6,1,1
LGS1ORD0000407,C000104,2025-02-02 04:00:00,Other,61,Silver,Shopee,Bangkok,135,Fashion,UrbanWear,False,3.22,No Promotion,0.0,CallCenter,Credit_Card,1,932.66,0.05,46.63,886.03,3,4,2,6,1,1
LGS1ORD0000408,C000808,2025-02-02 06:00:00,Male,45,Bronze,Shopee,Khon Kaen,455,Home_Appliance,CleanMate,True,4.24,Clearance,0.2,Lazada,Bank_Transfer,3,7109.13,0.23,4905.3,16422.1,3,6,2,6,1,0
LGS1ORD0000409,C000373,2025-02-02 08:00:00,Male,35,Bronze,Lazada,Khon Kaen,101,Fashion,SilkTouch,False,3.62,No Promotion,0.0,TV_Show,Bank_Transfer,2,1810.63,0.03,108.64,3512.63,3,8,2,6,1,0
LGS1ORD0000410,C000335,2025-02-02 10:00:00,Male,19,Gold,Web,Bangkok,1430,Kitchen,ChefHome,True,3.95,Campaign,0.15,Lazada,PromptPay,2,1229.17,0.2299999999999999,565.42,1892.93,1,10,2,6,1,0
LGS1ORD0000411,C001176,2025-02-02 11:00:00,Female,45,Silver,Shopee,Khon Kaen,1108,Health,MediCare,False,4.37,Campaign,0.05,TV_Show,Credit_Card,2,3665.39,0.1,733.08,6597.7,5,11,2,6,1,0
LGS1ORD0000412,C000498,2025-02-02 13:00:00,Female,50,Silver,TV,Songkhla,359,Cosmetics,Beauty Lab,False,3.9,Clearance,0.2,Web,COD,1,1690.95,0.25,422.74,1268.21,3,13,2,6,1,1
LGS1ORD0000413,C000333,2025-02-02 15:00:00,Female,52,Bronze,Shopee,Remote_Area,519,Electronics,NovaTech,True,3.71,Clearance,0.2,TV_Show,Credit_Card,3,2078.28,0.23,1434.02,4800.83,3,15,2,6,1,0
LGS1ORD0000414,C001106,2025-02-02 17:00:00,Female,47,Bronze,Shopee,Bangkok,917,Kitchen,KitchenMax,True,4.13,Campaign,0.05,Shopee,COD,1,484.57,0.08,38.77,445.81,3,17,2,6,1,0
LGS1ORD0000415,C000661,2025-02-02 19:00:00,Female,36,Platinum,Lazada,Bangkok,1290,Fashion,FitStyle,False,3.7,Clearance,0.25,TV_Show,Credit_Card,1,546.82,0.35,191.39,355.43,1,19,2,6,1,0
LGS1ORD0000416,C000327,2025-02-02 21:00:00,Male,43,Silver,Lazada,Bangkok,1188,Health,MediCare,False,4.34,Campaign,0.1,Shopee,Credit_Card,1,1709.53,0.15,256.43,1453.1,4,21,2,6,1,0
LGS1ORD0000417,C000431,2025-02-02 23:00:00,Male,56,Silver,CallCenter,Songkhla,886,Health,WellPlus,False,4.14,No Promotion,0.0,Shopee,PromptPay,1,761.67,0.05,38.08,723.58,3,23,2,6,1,0
LGS1ORD0000418,C000766,2025-02-03 01:00:00,Male,46,Gold,Lazada,Bangkok,950,Fashion,UrbanWear,False,3.49,Campaign,0.15,TV_Show,COD,1,537.05,0.2299999999999999,123.52,413.53,1,1,2,0,0,0
LGS1ORD0000419,C000786,2025-02-03 03:00:00,Female,61,Bronze,CallCenter,Chiang Mai,1285,Cosmetics,FreshLook,True,3.82,No Promotion,0.0,Lazada,Credit_Card,2,1581.72,0.03,94.9,3068.53,3,3,2,0,0,0
LGS1ORD0000420,C000645,2025-02-03 05:00:00,Female,44,Bronze,Shopee,Bangkok,1118,Electronics,ShieldCase,True,3.86,No Promotion,0.0,TV_Show,PromptPay,1,4187.13,0.03,125.61,4061.51,3,5,2,0,0,0
LGS1ORD0000421,C000061,2025-02-03 06:00:00,Male,27,Platinum,Web,Nakhon Ratchasima,408,Kitchen,ChefHome,False,4.2,No Promotion,0.0,Shopee,Credit_Card,4,3449.6,0.1,1379.84,12418.57,1,6,2,0,0,0
LGS1ORD0000422,C000144,2025-02-03 08:00:00,Female,37,Platinum,Web,Khon Kaen,723,Home_Appliance,PureAir,True,3.76,Campaign,0.05,TV_Show,Credit_Card,2,4072.48,0.15,1221.74,6923.21,1,8,2,0,0,0
LGS1ORD0000423,C000088,2025-02-03 10:00:00,Female,43,Bronze,Shopee,Chiang Mai,1338,Kitchen,ChefHome,False,3.9,No Promotion,0.0,TV_Show,COD,1,2947.93,0.03,88.44,2859.49,1,10,2,0,0,0
LGS1ORD0000424,C000701,2025-02-03 12:00:00,Female,43,Bronze,Lazada,Bangkok,962,Electronics,ShieldCase,False,3.9,No Promotion,0.0,TV_Show,COD,4,2226.05,0.03,267.13,8637.06,5,12,2,0,0,0
LGS1ORD0000425,C000468,2025-02-03 14:00:00,Male,45,Silver,TV,Bangkok,163,Electronics,ShieldCase,True,3.63,Campaign,0.1,Web,COD,2,3700.51,0.15,1110.15,6290.87,1,14,2,0,0,0
LGS1ORD0000426,C000975,2025-02-03 16:00:00,Female,50,Silver,Shopee,Songkhla,1380,Kitchen,CookEasy,False,4.19,Clearance,0.2,TV_Show,Credit_Card,1,6012.0,0.25,1503.0,4509.0,1,16,2,0,0,0
LGS1ORD0000427,C000844,2025-02-03 18:00:00,Female,53,Silver,Web,Chonburi,268,Cosmetics,SunSafe,True,4.2,Clearance,0.25,Web,Credit_Card,1,2173.23,0.3,651.97,1521.26,3,18,2,0,0,1
LGS1ORD0000428,C000494,2025-02-03 20:00:00,Female,65,Bronze,Lazada,Bangkok,429,Cosmetics,Beauty Lab,False,4.15,Clearance,0.2,Shopee,Credit_Card,1,1180.01,0.23,271.4,908.61,1,20,2,0,0,0
LGS1ORD0000429,C001086,2025-02-03 22:00:00,Female,33,Bronze,Shopee,Songkhla,1225,Fashion,FitStyle,False,3.69,Campaign,0.15,Lazada,COD,1,850.79,0.18,153.14,697.64,3,22,2,0,0,1
LGS1ORD0000430,C000454,2025-02-04 00:00:00,Female,60,Bronze,TV,Remote_Area,794,Home_Appliance,PureAir,False,4.37,Clearance,0.25,CallCenter,COD,2,5708.61,0.28,3196.82,8220.4,4,0,2,1,0,1
LGS1ORD0000431,C000081,2025-02-04 01:00:00,Male,45,Bronze,CallCenter,Remote_Area,235,Home_Appliance,CleanMate,False,4.58,No Promotion,0.0,Lazada,COD,1,2203.14,0.03,66.09,2137.04,1,1,2,1,0,0
LGS1ORD0000432,C000545,2025-02-04 03:00:00,Male,38,Bronze,TV,Nakhon Ratchasima,1183,Cosmetics,Beauty Lab,False,4.5,Campaign,0.05,Lazada,COD,1,1358.36,0.08,108.67,1249.69,4,3,2,1,0,0
LGS1ORD0000433,C000212,2025-02-04 05:00:00,Male,38,Bronze,TV,Phuket,1064,Health,MediCare,False,4.24,Campaign,0.15,Shopee,Credit_Card,2,1642.81,0.18,591.41,2694.21,4,5,2,1,0,0
LGS1ORD0000434,C000697,2025-02-04 07:00:00,Male,34,Silver,Web,Bangkok,456,Fashion,FitStyle,False,3.18,Campaign,0.15,TV_Show,COD,3,547.03,0.2,328.22,1312.87,4,7,2,1,0,1
LGS1ORD0000435,C000455,2025-02-04 09:00:00,Male,39,Bronze,TV,Phuket,122,Electronics,ShieldCase,False,3.8,No Promotion,0.0,Shopee,PromptPay,2,6413.84,0.03,384.83,12442.85,4,9,2,1,0,0
LGS1ORD0000436,C000926,2025-02-04 11:00:00,Male,56,Bronze,TV,Songkhla,464,Cosmetics,FreshLook,False,4.12,Clearance,0.2,TV_Show,Bank_Transfer,1,199.86,0.23,45.97,153.9,1,11,2,1,0,0
LGS1ORD0000437,C000569,2025-02-04 13:00:00,Male,18,Bronze,TV,Remote_Area,1411,Electronics,GadgetWorld,False,3.8,Campaign,0.15,TV_Show,Bank_Transfer,1,8622.31,0.18,1552.02,7070.29,3,13,2,1,0,0
LGS1ORD0000438,C001159,2025-02-04 15:00:00,Female,43,Bronze,TV,Chiang Mai,188,Home_Appliance,CleanMate,False,3.81,Campaign,0.15,Shopee,COD,1,5904.89,0.18,1062.88,4842.01,3,15,2,1,0,0
LGS1ORD0000439,C000755,2025-02-04 17:00:00,Female,18,Platinum,CallCenter,Bangkok,1259,Electronics,GadgetWorld,False,3.89,Campaign,0.05,Web,COD,3,3255.06,0.15,1464.78,8300.41,3,17,2,1,0,0
LGS1ORD0000440,C000088,2025-02-04 19:00:00,Female,43,Bronze,Shopee,Chiang Mai,1339,Cosmetics,SunSafe,True,4.7,Clearance,0.2,Lazada,PromptPay,2,1749.21,0.23,804.63,2693.78,3,19,2,1,0,0
LGS1ORD0000441,C000607,2025-02-04 20:00:00,Female,46,Bronze,Lazada,Chiang Mai,330,Kitchen,CookEasy,True,3.96,Campaign,0.05,CallCenter,COD,1,2791.16,0.08,223.29,2567.87,3,20,2,1,0,0
LGS1ORD0000442,C000805,2025-02-04 22:00:00,Male,55,Silver,Shopee,Khon Kaen,1091,Kitchen,KitchenMax,False,4.09,Clearance,0.2,TV_Show,PromptPay,2,1249.88,0.25,624.94,1874.83,3,22,2,1,0,0
LGS1ORD0000443,C001187,2025-02-05 00:00:00,Male,58,Bronze,Shopee,Chiang Mai,913,Electronics,ShieldCase,False,3.82,No Promotion,0.0,Lazada,Bank_Transfer,2,7271.28,0.03,436.28,14106.29,5,0,2,2,0,1
LGS1ORD0000444,C000829,2025-02-05 02:00:00,Female,18,Bronze,CallCenter,Chiang Mai,1136,Electronics,NovaTech,False,4.12,No Promotion,0.0,Shopee,COD,3,10531.02,0.03,947.79,30645.25,3,2,2,2,0,0
LGS1ORD0000445,C000876,2025-02-05 04:00:00,Male,41,Bronze,CallCenter,Remote_Area,1195,Home_Appliance,CleanMate,True,4.06,Campaign,0.05,TV_Show,Credit_Card,1,5354.87,0.08,428.39,4926.48,1,4,2,2,0,0
LGS1ORD0000446,C000453,2025-02-05 06:00:00,Female,45,Silver,Shopee,Remote_Area,1217,Kitchen,KitchenMax,True,4.03,No Promotion,0.0,Web,COD,2,5277.39,0.05,527.74,10027.04,3,6,2,2,0,0
LGS1ORD0000447,C000385,2025-02-05 08:00:00,Female,63,Bronze,TV,Phuket,981,Electronics,NovaTech,False,3.87,No Promotion,0.0,Web,Credit_Card,2,2084.57,0.03,125.07,4044.06,5,8,2,2,0,0
LGS1ORD0000448,C001053,2025-02-05 10:00:00,Female,51,Silver,TV,Bangkok,526,Health,VitaLife,False,4.44,Campaign,0.1,Web,COD,2,1453.35,0.15,436.01,2470.7,1,10,2,2,0,1
LGS1ORD0000449,C001141,2025-02-05 12:00:00,Female,31,Bronze,Web,Songkhla,390,Kitchen,ChefHome,True,3.95,Clearance,0.2,Shopee,Bank_Transfer,2,1359.97,0.23,625.58,2094.35,5,12,2,2,0,0
LGS1ORD0000450,C000824,2025-02-05 14:00:00,Male,53,Gold,Shopee,Remote_Area,556,Kitchen,ChefHome,False,4.32,Clearance,0.25,CallCenter,COD,1,4458.55,0.33,1471.32,2987.23,3,14,2,2,0,0
LGS1ORD0000451,C000031,2025-02-05 15:00:00,Male,30,Silver,Web,Bangkok,1375,Home_Appliance,PureAir,False,4.0,Campaign,0.15,Web,COD,1,9656.46,0.2,1931.29,7725.17,5,15,2,2,0,0
LGS1ORD0000452,C000239,2025-02-05 17:00:00,Male,63,Bronze,Shopee,Chonburi,579,Health,VitaLife,False,4.26,Clearance,0.2,TV_Show,Bank_Transfer,3,412.84,0.23,284.86,953.67,4,17,2,2,0,0
LGS1ORD0000453,C001147,2025-02-05 19:00:00,Male,33,Platinum,TV,Chiang Mai,713,Health,MediCare,False,4.55,Clearance,0.25,Web,PromptPay,4,789.14,0.35,1104.79,2051.76,3,19,2,2,0,0
LGS1ORD0000454,C000168,2025-02-05 21:00:00,Female,32,Gold,Web,Chiang Mai,337,Kitchen,ChefHome,True,3.95,Campaign,0.15,Web,COD,1,1256.21,0.2299999999999999,288.93,967.28,1,21,2,2,0,0
LGS1ORD0000455,C000961,2025-02-05 23:00:00,Female,58,Silver,Lazada,Chiang Mai,78,Electronics,ShieldCase,True,3.7,No Promotion,0.0,Shopee,COD,2,9392.14,0.05,939.21,17845.06,1,23,2,2,0,0
LGS1ORD0000456,C000717,2025-02-06 01:00:00,Male,44,Bronze,TV,Phuket,533,Home_Appliance,CleanMate,True,3.91,Campaign,0.15,Shopee,COD,3,8601.53,0.18,4644.83,21159.77,3,1,2,3,0,1
LGS1ORD0000457,C000679,2025-02-06 03:00:00,Female,43,Bronze,TV,Bangkok,1208,Fashion,UrbanWear,True,3.71,Campaign,0.15,Shopee,Credit_Card,2,623.55,0.18,224.48,1022.62,4,3,2,3,0,0
LGS1ORD0000458,C000019,2025-02-06 05:00:00,Male,61,Platinum,TV,Phuket,1189,Cosmetics,Beauty Lab,False,4.22,No Promotion,0.0,Shopee,COD,2,1628.68,0.1,325.74,2931.62,4,5,2,3,0,0
LGS1ORD0000459,C000879,2025-02-06 07:00:00,Male,30,Bronze,TV,Phuket,572,Home_Appliance,CleanMate,False,4.47,No Promotion,0.0,Web,Credit_Card,2,14597.56,0.03,875.85,28319.26,1,7,2,3,0,0
LGS1ORD0000460,C000131,2025-02-06 09:00:00,Male,51,Bronze,TV,Bangkok,912,Electronics,GadgetWorld,False,3.57,Clearance,0.2,Web,COD,3,605.44,0.23,417.75,1398.56,3,9,2,3,0,0
LGS1ORD0000461,C001135,2025-02-06 10:00:00,Female,23,Silver,Shopee,Nakhon Ratchasima,668,Home_Appliance,CleanMate,True,3.71,Clearance,0.2,Web,COD,2,10165.19,0.25,5082.6,15247.79,4,10,2,3,0,0
LGS1ORD0000462,C001090,2025-02-06 12:00:00,Male,53,Gold,TV,Bangkok,256,Fashion,SilkTouch,False,3.65,Campaign,0.15,TV_Show,COD,2,1821.48,0.2299999999999999,837.88,2805.09,3,12,2,3,0,1
LGS1ORD0000463,C000500,2025-02-06 14:00:00,Male,47,Silver,Shopee,Bangkok,1022,Electronics,GadgetWorld,False,3.57,No Promotion,0.0,Web,Credit_Card,1,614.09,0.05,30.7,583.39,5,14,2,3,0,0
LGS1ORD0000464,C000830,2025-02-06 16:00:00,Female,56,Bronze,TV,Bangkok,294,Cosmetics,FreshLook,False,4.31,Campaign,0.1,TV_Show,PromptPay,2,2004.3,0.13,521.12,3487.48,3,16,2,3,0,0
LGS1ORD0000465,C000902,2025-02-06 18:00:00,Female,62,Silver,Lazada,Bangkok,921,Kitchen,CookEasy,False,4.19,No Promotion,0.0,TV_Show,Bank_Transfer,1,5893.23,0.05,294.66,5598.57,1,18,2,3,0,0
LGS1ORD0000466,C000167,2025-02-06 20:00:00,Female,53,Bronze,TV,Remote_Area,676,Home_Appliance,CleanMate,False,3.82,Campaign,0.15,Web,COD,1,2112.14,0.18,380.19,1731.96,3,20,2,3,0,0
LGS1ORD0000467,C000916,2025-02-06 22:00:00,Male,62,Bronze,Shopee,Bangkok,1121,Fashion,UrbanWear,False,3.68,Clearance,0.2,Lazada,PromptPay,2,994.8,0.23,457.61,1531.99,5,22,2,3,0,0
LGS1ORD0000468,C000220,2025-02-07 00:00:00,Female,50,Gold,TV,Chiang Mai,49,Electronics,NovaTech,False,3.87,Campaign,0.1,Web,COD,2,1973.95,0.18,710.62,3237.28,3,0,2,4,0,0
LGS1ORD0000469,C000013,2025-02-07 02:00:00,Female,31,Silver,Shopee,Remote_Area,1235,Cosmetics,SunSafe,False,3.75,No Promotion,0.0,Lazada,PromptPay,2,2178.16,0.05,217.82,4138.5,1,2,2,4,0,0
LGS1ORD0000470,C000318,2025-02-07 04:00:00,Male,40,Bronze,TV,Nakhon Ratchasima,653,Electronics,ShieldCase,False,3.82,No Promotion,0.0,Shopee,Bank_Transfer,3,7299.37,0.03,656.94,21241.17,5,4,2,4,0,0
LGS1ORD0000471,C000560,2025-02-07 05:00:00,Female,51,Bronze,CallCenter,Bangkok,998,Fashion,FitStyle,False,3.7,Clearance,0.2,Web,COD,3,565.79,0.23,390.39,1306.97,1,5,2,4,0,1
LGS1ORD0000472,C000074,2025-02-07 07:00:00,Male,32,Bronze,TV,Phuket,1253,Electronics,GadgetWorld,False,3.57,Clearance,0.25,TV_Show,COD,2,611.47,0.28,342.42,880.52,4,7,2,4,0,1
LGS1ORD0000473,C000742,2025-02-07 09:00:00,Female,50,Bronze,Shopee,Chiang Mai,581,Cosmetics,FreshLook,False,4.21,No Promotion,0.0,Lazada,PromptPay,1,889.81,0.03,26.69,863.12,3,9,2,4,0,0
LGS1ORD0000474,C000740,2025-02-07 11:00:00,Male,32,Platinum,Lazada,Songkhla,1181,Home_Appliance,CleanMate,False,3.89,Clearance,0.25,TV_Show,Credit_Card,1,9940.49,0.35,3479.17,6461.32,5,11,2,4,0,0
LGS1ORD0000475,C000710,2025-02-07 13:00:00,Male,44,Platinum,CallCenter,Songkhla,745,Cosmetics,SunSafe,False,4.31,Campaign,0.15,TV_Show,PromptPay,1,474.64,0.25,118.66,355.98,3,13,2,4,0,0
LGS1ORD0000476,C000279,2025-02-07 15:00:00,Male,46,Bronze,Web,Chonburi,1152,Fashion,UrbanWear,False,3.61,Campaign,0.1,Web,Credit_Card,3,1629.15,0.13,635.37,4252.09,1,15,2,4,0,0
LGS1ORD0000477,C000364,2025-02-07 17:00:00,Female,36,Silver,TV,Bangkok,782,Home_Appliance,CleanMate,False,4.14,Campaign,0.15,Lazada,COD,3,13408.42,0.2,8045.05,32180.21,4,17,2,4,0,0
LGS1ORD0000478,C000640,2025-02-07 19:00:00,Female,60,Bronze,Lazada,Bangkok,1215,Electronics,ShieldCase,True,3.43,Campaign,0.15,TV_Show,COD,1,5254.86,0.18,945.88,4308.99,1,19,2,4,0,0
LGS1ORD0000479,C000167,2025-02-07 21:00:00,Female,53,Bronze,TV,Remote_Area,677,Fashion,FitStyle,False,3.41,Campaign,0.15,Web,COD,3,968.25,0.18,522.85,2381.89,1,21,2,4,0,0
LGS1ORD0000480,C000637,2025-02-07 23:00:00,Female,57,Bronze,Lazada,Nakhon Ratchasima,581,Kitchen,KitchenMax,True,3.89,Clearance,0.2,CallCenter,PromptPay,2,3913.54,0.23,1800.23,6026.84,5,23,2,4,0,0
LGS1ORD0000481,C000974,2025-02-08 00:00:00,Female,35,Bronze,TV,Remote_Area,1065,Home_Appliance,CleanMate,False,3.81,Campaign,0.05,Web,COD,1,12445.74,0.08,995.66,11450.08,3,0,2,5,1,0
LGS1ORD0000482,C000235,2025-02-08 02:00:00,Male,47,Bronze,TV,Nakhon Ratchasima,481,Kitchen,ChefHome,True,3.63,Campaign,0.15,CallCenter,Bank_Transfer,1,356.65,0.18,64.2,292.45,5,2,2,5,1,0
LGS1ORD0000483,C000221,2025-02-08 04:00:00,Female,42,Gold,Lazada,Chonburi,1322,Electronics,ShieldCase,False,3.69,Campaign,0.05,Shopee,COD,1,6564.67,0.13,853.41,5711.27,4,4,2,5,1,0
LGS1ORD0000484,C001113,2025-02-08 06:00:00,Female,38,Bronze,Shopee,Chonburi,63,Electronics,ShieldCase,True,4.04,No Promotion,0.0,TV_Show,PromptPay,1,11618.04,0.03,348.54,11269.5,1,6,2,5,1,1
LGS1ORD0000485,C000046,2025-02-08 08:00:00,Female,35,Bronze,CallCenter,Nakhon Ratchasima,1039,Electronics,ShieldCase,False,3.96,Campaign,0.15,Shopee,COD,1,3057.33,0.18,550.32,2507.01,3,8,2,5,1,1
LGS1ORD0000486,C000920,2025-02-08 10:00:00,Female,41,Bronze,TV,Songkhla,140,Kitchen,KitchenMax,False,4.0,Clearance,0.2,CallCenter,Credit_Card,1,5457.53,0.23,1255.23,4202.3,3,10,2,5,1,1
LGS1ORD0000487,C000584,2025-02-08 12:00:00,Female,39,Silver,Lazada,Bangkok,1259,Fashion,UrbanWear,True,3.78,No Promotion,0.0,Web,COD,2,1529.63,0.05,152.96,2906.29,1,12,2,5,1,0
LGS1ORD0000488,C000541,2025-02-08 14:00:00,Male,61,Bronze,TV,Chiang Mai,1201,Electronics,NovaTech,False,3.7,No Promotion,0.0,Shopee,COD,3,6569.89,0.03,591.29,19118.38,3,14,2,5,1,0
LGS1ORD0000489,C000719,2025-02-08 16:00:00,Female,43,Bronze,TV,Bangkok,702,Health,WellPlus,False,4.32,Campaign,0.1,Shopee,Credit_Card,2,3086.99,0.13,802.62,5371.36,1,16,2,5,1,0
LGS1ORD0000490,C000525,2025-02-08 18:00:00,Female,41,Gold,Lazada,Phuket,1183,Home_Appliance,CleanMate,False,3.81,No Promotion,0.0,Shopee,PromptPay,2,6506.3,0.08,1041.01,11971.59,1,18,2,5,1,0
LGS1ORD0000491,C000100,2025-02-08 19:00:00,Female,52,Gold,CallCenter,Bangkok,801,Home_Appliance,PureAir,True,3.76,Campaign,0.1,CallCenter,Credit_Card,1,4124.11,0.18,742.34,3381.77,3,19,2,5,1,0
LGS1ORD0000492,C000222,2025-02-08 21:00:00,Male,50,Silver,TV,Remote_Area,725,Fashion,FitStyle,False,3.51,Clearance,0.2,Shopee,Credit_Card,2,862.63,0.25,431.31,1293.94,5,21,2,5,1,1
LGS1ORD0000493,C000202,2025-02-08 23:00:00,Female,48,Silver,Web,Khon Kaen,359,Health,WellPlus,False,4.23,Campaign,0.05,Web,COD,2,1556.26,0.1,311.25,2801.26,3,23,2,5,1,1
LGS1ORD0000494,C000439,2025-02-09 01:00:00,Male,72,Bronze,Shopee,Remote_Area,957,Cosmetics,FreshLook,False,4.26,No Promotion,0.0,Shopee,COD,1,2093.13,0.03,62.79,2030.34,1,1,2,6,1,0
LGS1ORD0000495,C000523,2025-02-09 03:00:00,Male,18,Bronze,Lazada,Chiang Mai,573,Kitchen,CookEasy,True,3.86,No Promotion,0.0,Lazada,PromptPay,2,1605.36,0.03,96.32,3114.4,5,3,2,6,1,0
LGS1ORD0000496,C000470,2025-02-09 05:00:00,Male,33,Platinum,Lazada,Bangkok,551,Home_Appliance,PureAir,True,4.08,Campaign,0.05,Web,COD,2,1431.25,0.15,429.37,2433.12,1,5,2,6,1,0
LGS1ORD0000497,C000379,2025-02-09 07:00:00,Female,33,Bronze,TV,Phuket,731,Cosmetics,SunSafe,False,4.24,No Promotion,0.0,Lazada,COD,1,2085.33,0.03,62.56,2022.77,1,7,2,6,1,0
LGS1ORD0000498,C000446,2025-02-09 09:00:00,Male,49,Bronze,Web,Nakhon Ratchasima,820,Kitchen,KitchenMax,True,3.76,Campaign,0.05,Shopee,COD,1,3395.36,0.08,271.63,3123.73,1,9,2,6,1,0
LGS1ORD0000499,C001130,2025-02-09 11:00:00,Male,37,Bronze,TV,Bangkok,1454,Kitchen,CookEasy,True,4.04,Campaign,0.05,Web,Credit_Card,1,4643.83,0.08,371.51,4272.33,1,11,2,6,1,0
LGS1ORD0000500,C000998,2025-02-09 13:00:00,Male,44,Bronze,Shopee,Bangkok,1238,Health,VitaLife,False,4.19,No Promotion,0.0,Web,Credit_Card,1,3270.67,0.03,98.12,3172.55,1,13,2,6,1,0
LGS1ORD0000501,C000085,2025-02-09 14:00:00,Female,49,Platinum,TV,Bangkok,240,Electronics,ShieldCase,True,3.79,Clearance,0.2,CallCenter,COD,2,7176.09,0.3,4305.65,10046.52,3,14,2,6,1,0
LGS1ORD0000502,C000152,2025-02-09 16:00:00,Female,64,Platinum,CallCenter,Songkhla,824,Electronics,GadgetWorld,False,3.61,Campaign,0.05,Web,Credit_Card,1,5152.86,0.15,772.93,4379.93,3,16,2,6,1,0
LGS1ORD0000503,C000494,2025-02-09 18:00:00,Female,65,Bronze,Lazada,Bangkok,435,Electronics,ShieldCase,False,3.82,Campaign,0.05,TV_Show,Credit_Card,1,6546.1,0.08,523.69,6022.41,1,18,2,6,1,0
LGS1ORD0000504,C000074,2025-02-09 20:00:00,Male,32,Bronze,TV,Phuket,1255,Health,MediCare,False,4.24,No Promotion,0.0,CallCenter,PromptPay,2,1694.2,0.03,101.65,3286.74,3,20,2,6,1,0
LGS1ORD0000505,C000155,2025-02-09 22:00:00,Male,44,Gold,CallCenter,Songkhla,826,Electronics,NovaTech,False,3.87,No Promotion,0.0,TV_Show,COD,2,1975.68,0.08,316.11,3635.25,5,22,2,6,1,1
LGS1ORD0000506,C001195,2025-02-10 00:00:00,Female,35,Bronze,TV,Bangkok,792,Electronics,ShieldCase,False,3.64,No Promotion,0.0,Shopee,COD,1,1087.24,0.03,32.62,1054.62,5,0,2,0,0,0
LGS1ORD0000507,C000303,2025-02-10 02:00:00,Male,45,Silver,CallCenter,Bangkok,337,Health,VitaLife,False,4.26,No Promotion,0.0,Lazada,COD,2,433.53,0.05,43.35,823.7,1,2,2,0,0,0
LGS1ORD0000508,C000050,2025-02-10 04:00:00,Female,47,Bronze,TV,Chonburi,1471,Kitchen,ChefHome,True,3.63,Campaign,0.1,Shopee,PromptPay,1,365.93,0.13,47.57,318.36,5,4,2,0,0,0
LGS1ORD0000509,C000252,2025-02-10 06:00:00,Female,54,Bronze,Lazada,Khon Kaen,1281,Fashion,SilkTouch,False,3.75,Campaign,0.15,Shopee,Bank_Transfer,1,1639.56,0.18,295.12,1344.44,1,6,2,0,0,0
LGS1ORD0000510,C000489,2025-02-10 08:00:00,Female,51,Platinum,Shopee,Bangkok,901,Fashion,FitStyle,False,3.51,Clearance,0.2,TV_Show,COD,2,878.22,0.3,526.93,1229.51,3,8,2,0,0,1
LGS1ORD0000511,C000096,2025-02-10 09:00:00,Female,42,Silver,TV,Chonburi,1213,Fashion,SilkTouch,False,3.21,No Promotion,0.0,Lazada,Credit_Card,3,1994.46,0.05,299.17,5684.21,1,9,2,0,0,0
LGS1ORD0000512,C000604,2025-02-10 11:00:00,Male,49,Bronze,Shopee,Remote_Area,455,Electronics,GadgetWorld,False,3.98,No Promotion,0.0,CallCenter,COD,2,3158.83,0.03,189.53,6128.13,1,11,2,0,0,0
LGS1ORD0000513,C000357,2025-02-10 13:00:00,Male,67,Bronze,TV,Bangkok,1046,Electronics,ShieldCase,True,3.86,Campaign,0.05,Web,COD,1,4146.27,0.08,331.7,3814.57,5,13,2,0,0,0
LGS1ORD0000514,C000963,2025-02-10 15:00:00,Other,18,Bronze,Shopee,Chonburi,623,Kitchen,ChefHome,False,4.38,No Promotion,0.0,Web,COD,1,4580.45,0.03,137.41,4443.03,3,15,2,0,0,0
LGS1ORD0000515,C000677,2025-02-10 17:00:00,Female,52,Gold,Lazada,Bangkok,804,Health,MediCare,False,4.4,No Promotion,0.0,Lazada,Credit_Card,1,3765.19,0.08,301.22,3463.98,3,17,2,0,0,0
LGS1ORD0000516,C000392,2025-02-10 19:00:00,Female,34,Gold,Web,Khon Kaen,653,Cosmetics,SunSafe,True,4.02,Campaign,0.05,TV_Show,COD,3,978.29,0.13,381.53,2553.33,3,19,2,0,0,0
LGS1ORD0000517,C000735,2025-02-10 21:00:00,Female,38,Bronze,Web,Chonburi,1149,Home_Appliance,CleanMate,False,4.05,Campaign,0.15,TV_Show,COD,1,9319.71,0.18,1677.55,7642.16,1,21,2,0,0,0
LGS1ORD0000518,C000417,2025-02-10 23:00:00,Female,47,Bronze,Shopee,Nakhon Ratchasima,1090,Home_Appliance,PureAir,False,4.37,Campaign,0.05,Lazada,COD,4,5909.97,0.08,1891.19,21748.69,4,23,2,0,0,0
LGS1ORD0000519,C000597,2025-02-11 01:00:00,Male,54,Bronze,TV,Chonburi,288,Cosmetics,FreshLook,False,4.31,No Promotion,0.0,Lazada,Credit_Card,1,2037.38,0.03,61.12,1976.26,1,1,2,1,0,1
LGS1ORD0000520,C000269,2025-02-11 03:00:00,Male,43,Silver,Web,Nakhon Ratchasima,941,Cosmetics,FreshLook,False,4.26,No Promotion,0.0,CallCenter,COD,2,2112.88,0.05,211.29,4014.47,4,3,2,1,0,0
LGS1ORD0000521,C000117,2025-02-11 05:00:00,Female,45,Silver,CallCenter,Bangkok,244,Home_Appliance,CleanMate,True,3.91,Clearance,0.2,Shopee,COD,1,8152.83,0.25,2038.21,6114.62,1,5,2,1,0,0
LGS1ORD0000522,C001128,2025-02-11 06:00:00,Female,23,Bronze,Shopee,Chonburi,1145,Fashion,UrbanWear,False,3.61,Campaign,0.05,Web,COD,3,1688.56,0.08,405.25,4660.41,1,6,2,1,0,1
LGS1ORD0000523,C000220,2025-02-11 08:00:00,Female,50,Gold,TV,Chiang Mai,53,Cosmetics,Beauty Lab,False,4.03,Clearance,0.2,TV_Show,Bank_Transfer,1,1891.58,0.28,529.64,1361.94,1,8,2,1,0,0
LGS1ORD0000524,C000057,2025-02-11 10:00:00,Male,61,Bronze,TV,Bangkok,1174,Cosmetics,SunSafe,False,3.75,Campaign,0.05,Web,COD,1,2099.45,0.08,167.96,1931.5,5,10,2,1,0,1
LGS1ORD0000525,C001077,2025-02-11 12:00:00,Male,37,Silver,Web,Khon Kaen,508,Fashion,UrbanWear,False,3.45,Clearance,0.25,Shopee,Credit_Card,2,1220.86,0.3,732.52,1709.21,3,12,2,1,0,0
LGS1ORD0000526,C001127,2025-02-11 14:00:00,Female,44,Gold,Web,Bangkok,816,Home_Appliance,PureAir,True,4.06,Campaign,0.15,TV_Show,COD,1,4053.07,0.2299999999999999,932.21,3120.86,4,14,2,1,0,0
LGS1ORD0000527,C000299,2025-02-11 16:00:00,Female,35,Platinum,Lazada,Remote_Area,975,Cosmetics,Beauty Lab,False,4.15,Campaign,0.1,Lazada,Credit_Card,1,1242.3,0.2,248.46,993.84,5,16,2,1,0,0
LGS1ORD0000528,C001165,2025-02-11 18:00:00,Male,72,Bronze,TV,Remote_Area,1287,Fashion,SilkTouch,False,3.86,Campaign,0.05,CallCenter,PromptPay,1,2144.0,0.08,171.52,1972.48,5,18,2,1,0,0
LGS1ORD0000529,C000263,2025-02-11 20:00:00,Male,48,Bronze,Web,Bangkok,529,Fashion,UrbanWear,False,3.68,Campaign,0.1,Shopee,Bank_Transfer,3,1000.1,0.13,390.04,2610.26,4,20,2,1,0,0
LGS1ORD0000530,C000619,2025-02-11 22:00:00,Female,70,Bronze,TV,Nakhon Ratchasima,1022,Cosmetics,Beauty Lab,True,4.21,Campaign,0.15,CallCenter,Credit_Card,1,2095.06,0.18,377.11,1717.95,4,22,2,1,0,0
LGS1ORD0000531,C000635,2025-02-12 00:00:00,Female,44,Gold,Web,Bangkok,1029,Kitchen,ChefHome,False,4.18,Campaign,0.05,TV_Show,PromptPay,2,4041.34,0.13,1050.75,7031.93,5,0,2,2,0,0
LGS1ORD0000532,C000107,2025-02-12 01:00:00,Female,51,Bronze,TV,Chiang Mai,1054,Electronics,GadgetWorld,False,3.81,Campaign,0.15,Lazada,Credit_Card,1,501.65,0.18,90.3,411.35,1,1,2,2,0,0
LGS1ORD0000533,C001031,2025-02-12 03:00:00,Male,52,Bronze,TV,Remote_Area,456,Kitchen,ChefHome,False,3.91,Campaign,0.05,TV_Show,Credit_Card,1,4420.82,0.08,353.67,4067.15,4,3,2,2,0,0
LGS1ORD0000534,C000946,2025-02-12 05:00:00,Female,45,Platinum,TV,Bangkok,819,Fashion,UrbanWear,True,3.68,No Promotion,0.0,TV_Show,Credit_Card,2,1833.1,0.1,366.62,3299.58,3,5,2,2,0,0
LGS1ORD0000535,C000425,2025-02-12 07:00:00,Male,24,Silver,Shopee,Nakhon Ratchasima,1151,Cosmetics,Beauty Lab,False,4.03,No Promotion,0.0,TV_Show,COD,1,1841.75,0.05,92.09,1749.66,1,7,2,2,0,0
LGS1ORD0000536,C000102,2025-02-12 09:00:00,Male,26,Bronze,TV,Chonburi,1284,Cosmetics,Beauty Lab,False,4.15,Campaign,0.15,Shopee,PromptPay,1,1226.39,0.18,220.75,1005.64,3,9,2,2,0,0
LGS1ORD0000537,C000148,2025-02-12 11:00:00,Female,28,Silver,Web,Chiang Mai,866,Home_Appliance,CleanMate,True,4.1,Campaign,0.15,TV_Show,Bank_Transfer,2,1317.55,0.2,527.02,2108.07,5,11,2,2,0,0
LGS1ORD0000538,C000708,2025-02-12 13:00:00,Male,57,Silver,Shopee,Chonburi,860,Home_Appliance,CleanMate,False,3.81,Campaign,0.1,Web,Credit_Card,3,5993.68,0.15,2697.16,15283.9,5,13,2,2,0,0
LGS1ORD0000539,C000849,2025-02-12 15:00:00,Female,53,Bronze,TV,Bangkok,421,Kitchen,KitchenMax,True,3.84,Campaign,0.05,Web,COD,1,5018.23,0.08,401.46,4616.77,5,15,2,2,0,0
LGS1ORD0000540,C001040,2025-02-12 17:00:00,Female,50,Silver,Web,Chiang Mai,62,Fashion,FitStyle,False,3.91,Clearance,0.25,Shopee,COD,1,1274.94,0.3,382.48,892.46,4,17,2,2,0,0
LGS1ORD0000541,C000804,2025-02-12 19:00:00,Female,43,Gold,Shopee,Khon Kaen,837,Cosmetics,FreshLook,False,4.0,Campaign,0.1,Web,COD,1,2062.56,0.18,371.26,1691.3,1,19,2,2,0,0
LGS1ORD0000542,C000954,2025-02-12 20:00:00,Female,30,Silver,Shopee,Chiang Mai,623,Fashion,FitStyle,False,3.18,Campaign,0.05,Lazada,Credit_Card,1,558.49,0.1,55.85,502.64,1,20,2,2,0,0
LGS1ORD0000543,C001018,2025-02-12 22:00:00,Female,32,Silver,Shopee,Chonburi,1052,Home_Appliance,HomePro,True,4.1,Clearance,0.2,Lazada,PromptPay,1,3303.04,0.25,825.76,2477.28,4,22,2,2,0,0
LGS1ORD0000544,C000951,2025-02-13 00:00:00,Female,60,Silver,TV,Chonburi,809,Health,MediCare,False,3.83,No Promotion,0.0,Shopee,COD,1,3542.78,0.05,177.14,3365.64,3,0,2,3,0,0
LGS1ORD0000545,C000376,2025-02-13 02:00:00,Female,41,Bronze,TV,Bangkok,1495,Home_Appliance,HomePro,False,4.04,Clearance,0.2,Lazada,Credit_Card,1,6560.25,0.23,1508.86,5051.39,1,2,2,3,0,0
LGS1ORD0000546,C000407,2025-02-13 04:00:00,Female,19,Bronze,Shopee,Remote_Area,277,Health,VitaLife,False,4.19,No Promotion,0.0,Web,Bank_Transfer,2,3546.07,0.03,212.76,6879.39,1,4,2,3,0,0
LGS1ORD0000547,C000801,2025-02-13 06:00:00,Female,41,Bronze,CallCenter,Phuket,213,Fashion,FitStyle,False,3.7,Campaign,0.15,TV_Show,Credit_Card,3,566.51,0.18,305.91,1393.6,5,6,2,3,0,1
LGS1ORD0000548,C000273,2025-02-13 08:00:00,Male,52,Platinum,TV,Chonburi,907,Health,VitaLife,True,3.9,Campaign,0.05,Lazada,COD,1,926.76,0.15,139.01,787.74,1,8,2,3,0,0
LGS1ORD0000549,C000954,2025-02-13 10:00:00,Female,30,Silver,Shopee,Chiang Mai,624,Home_Appliance,HomePro,True,4.1,No Promotion,0.0,TV_Show,Bank_Transfer,1,3219.65,0.05,160.98,3058.67,3,10,2,3,0,0
LGS1ORD0000550,C000580,2025-02-13 12:00:00,Female,51,Silver,Shopee,Phuket,853,Kitchen,ChefHome,False,3.83,Clearance,0.2,Web,PromptPay,2,2226.92,0.25,1113.46,3340.38,3,12,2,3,0,0
LGS1ORD0000551,C000055,2025-02-13 14:00:00,Female,54,Silver,Web,Chonburi,437,Health,VitaLife,False,4.36,Campaign,0.1,TV_Show,COD,2,354.25,0.15,106.27,602.22,1,14,2,3,0,0
LGS1ORD0000552,C000986,2025-02-13 15:00:00,Male,27,Bronze,TV,Remote_Area,539,Electronics,ShieldCase,False,3.7,Campaign,0.1,Web,COD,2,11588.63,0.13,3013.04,20164.22,3,15,2,3,0,1
LGS1ORD0000553,C000234,2025-02-13 17:00:00,Male,26,Gold,Shopee,Bangkok,539,Kitchen,ChefHome,False,4.13,Clearance,0.2,Lazada,COD,2,5077.04,0.28,2843.14,7310.94,4,17,2,3,0,0
LGS1ORD0000554,C000289,2025-02-13 19:00:00,Male,66,Gold,Web,Remote_Area,846,Health,VitaLife,True,4.31,Clearance,0.25,Shopee,Bank_Transfer,2,2942.52,0.33,1942.07,3942.98,4,19,2,3,0,0
LGS1ORD0000555,C001103,2025-02-13 21:00:00,Female,36,Bronze,TV,Remote_Area,1000,Fashion,UrbanWear,False,3.75,Campaign,0.15,TV_Show,Bank_Transfer,1,777.01,0.18,139.86,637.15,5,21,2,3,0,0
LGS1ORD0000556,C000076,2025-02-13 23:00:00,Female,65,Platinum,Web,Nakhon Ratchasima,1384,Cosmetics,FreshLook,False,4.14,Campaign,0.05,TV_Show,COD,2,1401.73,0.15,420.52,2382.94,1,23,2,3,0,0
LGS1ORD0000557,C001127,2025-02-14 01:00:00,Female,44,Gold,Web,Bangkok,819,Home_Appliance,PureAir,True,4.04,Clearance,0.2,Lazada,Bank_Transfer,2,8345.57,0.28,4673.52,12017.62,3,1,2,4,0,0
LGS1ORD0000558,C000178,2025-02-14 03:00:00,Female,42,Gold,TV,Chonburi,1028,Kitchen,ChefHome,False,4.2,Campaign,0.15,CallCenter,Credit_Card,2,3315.04,0.2299999999999999,1524.92,5105.16,3,3,2,4,0,0
LGS1ORD0000559,C000537,2025-02-14 05:00:00,Female,33,Platinum,TV,Chiang Mai,742,Cosmetics,SunSafe,True,3.96,Clearance,0.2,TV_Show,PromptPay,1,287.53,0.3,86.26,201.27,5,5,2,4,0,0
LGS1ORD0000560,C000095,2025-02-14 07:00:00,Male,69,Bronze,Lazada,Remote_Area,1501,Cosmetics,SunSafe,True,4.42,No Promotion,0.0,TV_Show,PromptPay,3,1916.23,0.03,172.46,5576.22,1,7,2,4,0,0
LGS1ORD0000561,C001162,2025-02-14 09:00:00,Male,35,Bronze,CallCenter,Bangkok,888,Kitchen,CookEasy,True,4.12,Campaign,0.05,Shopee,PromptPay,1,3321.73,0.08,265.74,3055.99,5,9,2,4,0,0
LGS1ORD0000562,C000683,2025-02-14 10:00:00,Male,40,Bronze,Lazada,Remote_Area,644,Home_Appliance,CleanMate,False,3.89,Clearance,0.2,CallCenter,COD,1,10004.41,0.23,2301.01,7703.39,3,10,2,4,0,0
LGS1ORD0000563,C000447,2025-02-14 12:00:00,Female,54,Platinum,TV,Bangkok,899,Fashion,FitStyle,False,3.91,Campaign,0.05,Web,Credit_Card,3,1450.15,0.15,652.57,3697.87,4,12,2,4,0,0
LGS1ORD0000564,C000341,2025-02-14 14:00:00,Male,41,Gold,Lazada,Remote_Area,214,Kitchen,ChefHome,False,3.91,Campaign,0.1,TV_Show,Credit_Card,2,4411.2,0.18,1588.03,7234.37,3,14,2,4,0,0
LGS1ORD0000565,C000925,2025-02-14 16:00:00,Female,36,Platinum,Lazada,Bangkok,346,Fashion,FitStyle,False,3.18,Campaign,0.15,Lazada,COD,1,568.55,0.25,142.14,426.41,4,16,2,4,0,1
LGS1ORD0000566,C000419,2025-02-14 18:00:00,Male,38,Silver,Shopee,Bangkok,1205,Health,MediCare,False,4.15,Clearance,0.2,TV_Show,Bank_Transfer,2,4533.19,0.25,2266.59,6799.78,1,18,2,4,0,0
LGS1ORD0000567,C000742,2025-02-14 20:00:00,Female,50,Bronze,Shopee,Chiang Mai,588,Electronics,NovaTech,False,3.68,Campaign,0.15,Web,COD,1,4416.6,0.18,794.99,3621.61,4,20,2,4,0,1
LGS1ORD0000568,C000798,2025-02-14 22:00:00,Male,49,Platinum,Shopee,Khon Kaen,1153,Kitchen,CookEasy,False,4.43,Campaign,0.15,TV_Show,COD,1,3311.8,0.25,827.95,2483.85,1,22,2,4,0,1
LGS1ORD0000569,C001166,2025-02-15 00:00:00,Female,51,Gold,TV,Phuket,278,Kitchen,CookEasy,False,4.05,Clearance,0.2,TV_Show,Credit_Card,1,2458.4,0.28,688.35,1770.05,1,0,2,5,1,0
LGS1ORD0000570,C001019,2025-02-15 02:00:00,Female,61,Silver,Shopee,Remote_Area,611,Kitchen,CookEasy,False,4.01,No Promotion,0.0,Lazada,COD,2,1820.73,0.05,182.07,3459.38,4,2,2,5,1,0
LGS1ORD0000571,C000402,2025-02-15 04:00:00,Female,35,Bronze,Shopee,Bangkok,439,Cosmetics,FreshLook,False,3.94,Campaign,0.05,Shopee,Bank_Transfer,3,418.96,0.08,100.55,1156.34,3,4,2,5,1,0
LGS1ORD0000572,C000679,2025-02-15 05:00:00,Female,43,Bronze,TV,Bangkok,1217,Home_Appliance,PureAir,True,4.0,Campaign,0.1,CallCenter,Credit_Card,1,12457.02,0.13,1619.41,10837.61,1,5,2,5,1,0
LGS1ORD0000573,C000465,2025-02-15 07:00:00,Female,40,Bronze,Shopee,Chiang Mai,1128,Fashion,UrbanWear,False,3.51,Campaign,0.15,Lazada,COD,1,465.64,0.18,83.82,381.83,1,7,2,5,1,1
LGS1ORD0000574,C000255,2025-02-15 09:00:00,Male,68,Bronze,CallCenter,Chonburi,281,Kitchen,ChefHome,False,4.29,Campaign,0.15,Web,COD,1,1367.55,0.18,246.16,1121.39,3,9,2,5,1,0
LGS1ORD0000575,C000974,2025-02-15 11:00:00,Female,35,Bronze,TV,Remote_Area,1072,Kitchen,ChefHome,False,4.2,Campaign,0.15,CallCenter,PromptPay,4,3342.31,0.18,2406.46,10962.78,5,11,2,5,1,1
LGS1ORD0000576,C000580,2025-02-15 13:00:00,Female,51,Silver,Shopee,Phuket,855,Home_Appliance,CleanMate,True,3.73,Campaign,0.05,Web,COD,1,1976.32,0.1,197.63,1778.69,3,13,2,5,1,1
LGS1ORD0000577,C000478,2025-02-15 15:00:00,Female,42,Bronze,Shopee,Chonburi,137,Fashion,UrbanWear,False,3.6,Campaign,0.15,CallCenter,Credit_Card,3,2263.05,0.18,1222.05,5567.12,5,15,2,5,1,0
LGS1ORD0000578,C000308,2025-02-15 17:00:00,Male,29,Bronze,Lazada,Bangkok,311,Fashion,SilkTouch,True,3.72,Campaign,0.05,Web,Credit_Card,1,932.49,0.08,74.6,857.89,5,17,2,5,1,0
LGS1ORD0000579,C000075,2025-02-15 19:00:00,Female,31,Bronze,CallCenter,Chonburi,696,Kitchen,ChefHome,False,3.83,Campaign,0.05,Shopee,PromptPay,2,2338.61,0.08,374.18,4303.04,3,19,2,5,1,0
LGS1ORD0000580,C000010,2025-02-15 21:00:00,Female,42,Bronze,Lazada,Songkhla,1331,Electronics,GadgetWorld,True,4.0,Campaign,0.15,Lazada,COD,2,2698.29,0.18,971.39,4425.2,5,21,2,5,1,0
LGS1ORD0000581,C000040,2025-02-15 23:00:00,Female,35,Gold,Shopee,Remote_Area,917,Home_Appliance,HomePro,True,3.76,No Promotion,0.0,Shopee,Credit_Card,1,12274.4,0.08,981.95,11292.45,3,23,2,5,1,0
LGS1ORD0000582,C001145,2025-02-16 00:00:00,Female,50,Silver,TV,Bangkok,1451,Cosmetics,SunSafe,True,3.98,Clearance,0.2,Web,PromptPay,1,2261.75,0.25,565.44,1696.31,1,0,2,6,1,0
LGS1ORD0000583,C001087,2025-02-16 02:00:00,Female,52,Bronze,TV,Khon Kaen,818,Fashion,UrbanWear,True,3.61,Campaign,0.05,TV_Show,COD,2,1106.08,0.08,176.97,2035.18,4,2,2,6,1,0
LGS1ORD0000584,C000253,2025-02-16 04:00:00,Female,60,Bronze,Shopee,Phuket,1393,Kitchen,CookEasy,True,4.04,Campaign,0.05,Shopee,Credit_Card,2,5114.49,0.08,818.32,9410.67,1,4,2,6,1,0
LGS1ORD0000585,C000260,2025-02-16 06:00:00,Female,48,Silver,Lazada,Bangkok,927,Fashion,SilkTouch,False,3.86,Campaign,0.15,CallCenter,Credit_Card,1,521.94,0.2,104.39,417.55,1,6,2,6,1,0
LGS1ORD0000586,C000319,2025-02-16 08:00:00,Male,37,Bronze,Lazada,Bangkok,821,Health,WellPlus,False,4.39,Campaign,0.15,Web,Credit_Card,1,2487.26,0.18,447.71,2039.56,5,8,2,6,1,0
LGS1ORD0000587,C001127,2025-02-16 10:00:00,Female,44,Gold,Web,Bangkok,821,Home_Appliance,CleanMate,True,3.75,No Promotion,0.0,Web,Credit_Card,4,4734.4,0.08,1515.01,17422.59,1,10,2,6,1,0
LGS1ORD0000588,C000324,2025-02-16 12:00:00,Female,53,Silver,CallCenter,Chonburi,190,Health,MediCare,False,4.39,Campaign,0.1,Web,COD,1,4245.78,0.15,636.87,3608.92,4,12,2,6,1,0
LGS1ORD0000589,C001126,2025-02-16 14:00:00,Female,61,Bronze,TV,Phuket,1090,Electronics,ShieldCase,True,3.7,Campaign,0.05,Shopee,Credit_Card,1,9231.66,0.08,738.53,8493.13,4,14,2,6,1,0
LGS1ORD0000590,C000535,2025-02-16 16:00:00,Female,50,Silver,Lazada,Bangkok,188,Health,MediCare,False,3.79,No Promotion,0.0,TV_Show,Credit_Card,2,334.4,0.05,33.44,635.36,1,16,2,6,1,0
LGS1ORD0000591,C000609,2025-02-16 18:00:00,Female,48,Bronze,TV,Chiang Mai,1377,Health,VitaLife,False,4.44,Campaign,0.05,TV_Show,Credit_Card,1,1497.71,0.08,119.82,1377.89,5,18,2,6,1,0
LGS1ORD0000592,C000941,2025-02-16 19:00:00,Female,55,Gold,TV,Bangkok,371,Kitchen,ChefHome,False,4.29,Clearance,0.2,TV_Show,COD,1,1365.05,0.28,382.22,982.84,1,19,2,6,1,0
LGS1ORD0000593,C001150,2025-02-16 21:00:00,Female,55,Bronze,Lazada,Khon Kaen,279,Cosmetics,FreshLook,False,4.05,Campaign,0.1,Shopee,Credit_Card,1,738.08,0.13,95.95,642.13,1,21,2,6,1,0
LGS1ORD0000594,C000282,2025-02-16 23:00:00,Male,47,Bronze,Web,Bangkok,194,Electronics,ShieldCase,False,3.64,Campaign,0.15,Web,Credit_Card,1,1122.28,0.18,202.01,920.27,1,23,2,6,1,0
LGS1ORD0000595,C000976,2025-02-17 01:00:00,Male,38,Gold,Shopee,Bangkok,721,Fashion,UrbanWear,True,3.78,No Promotion,0.0,Lazada,Credit_Card,3,1605.91,0.08,385.42,4432.32,4,1,2,0,0,0
LGS1ORD0000596,C000360,2025-02-17 03:00:00,Female,50,Platinum,Shopee,Songkhla,176,Kitchen,KitchenMax,True,4.13,Campaign,0.05,Shopee,Credit_Card,1,459.86,0.15,68.98,390.88,3,3,2,0,0,0
LGS1ORD0000597,C001097,2025-02-17 05:00:00,Female,47,Silver,TV,Chiang Mai,1122,Fashion,SilkTouch,True,3.72,Clearance,0.25,CallCenter,Bank_Transfer,1,937.93,0.3,281.38,656.55,3,5,2,0,0,0
LGS1ORD0000598,C000704,2025-02-17 07:00:00,Male,44,Platinum,Shopee,Songkhla,754,Home_Appliance,CleanMate,True,3.91,Campaign,0.05,CallCenter,Credit_Card,1,7876.65,0.15,1181.5,6695.15,1,7,2,0,0,0
LGS1ORD0000599,C000401,2025-02-17 09:00:00,Male,51,Silver,Web,Nakhon Ratchasima,366,Kitchen,CookEasy,False,4.05,Clearance,0.25,Lazada,PromptPay,3,2281.46,0.3,2053.32,4791.08,3,9,2,0,0,0
LGS1ORD0000600,C000071,2025-02-17 11:00:00,Male,37,Platinum,CallCenter,Bangkok,642,Cosmetics,Beauty Lab,False,4.18,Campaign,0.15,Lazada,COD,2,505.61,0.25,252.8,758.41,3,11,2,0,0,0
LGS1ORD0000601,C000533,2025-02-17 13:00:00,Female,50,Silver,Shopee,Khon Kaen,1227,Electronics,ShieldCase,False,3.7,Clearance,0.25,Web,COD,1,12449.91,0.3,3734.97,8714.93,3,13,2,0,0,1
LGS1ORD0000602,C000858,2025-02-17 14:00:00,Female,38,Bronze,TV,Chiang Mai,111,Fashion,SilkTouch,False,3.43,Campaign,0.15,Web,COD,1,1258.84,0.18,226.59,1032.25,3,14,2,0,0,1
LGS1ORD0000603,C001199,2025-02-17 16:00:00,Male,72,Bronze,Web,Khon Kaen,683,Electronics,GadgetWorld,False,4.07,Clearance,0.2,Shopee,Credit_Card,1,1146.11,0.23,263.6,882.5,1,16,2,0,0,0
LGS1ORD0000604,C000960,2025-02-17 18:00:00,Female,34,Gold,Shopee,Bangkok,836,Home_Appliance,PureAir,True,4.04,No Promotion,0.0,TV_Show,Credit_Card,1,7792.8,0.08,623.42,7169.38,3,18,2,0,0,0
LGS1ORD0000605,C001017,2025-02-17 20:00:00,Male,48,Bronze,TV,Khon Kaen,111,Health,WellPlus,False,4.15,Campaign,0.05,Shopee,Credit_Card,1,2506.08,0.08,200.49,2305.59,3,20,2,0,0,0
LGS1ORD0000606,C000192,2025-02-17 22:00:00,Female,47,Bronze,TV,Bangkok,896,Cosmetics,FreshLook,False,4.0,Campaign,0.05,Web,COD,2,2339.32,0.08,374.29,4304.36,5,22,2,0,0,0
LGS1ORD0000607,C000427,2025-02-18 00:00:00,Male,40,Silver,Shopee,Chonburi,1174,Health,VitaLife,True,4.31,No Promotion,0.0,TV_Show,PromptPay,1,2903.53,0.05,145.18,2758.36,1,0,2,1,0,0
LGS1ORD0000608,C000814,2025-02-18 02:00:00,Male,44,Gold,TV,Chonburi,102,Fashion,SilkTouch,False,3.48,Campaign,0.15,Web,COD,3,1620.41,0.2299999999999999,1118.08,3743.15,3,2,2,1,0,0
LGS1ORD0000609,C000695,2025-02-18 04:00:00,Male,40,Silver,Web,Chiang Mai,164,Kitchen,CookEasy,False,4.01,No Promotion,0.0,Lazada,Bank_Transfer,1,1847.58,0.05,92.38,1755.2,4,4,2,1,0,0
LGS1ORD0000610,C000963,2025-02-18 06:00:00,Other,18,Bronze,Shopee,Chonburi,631,Electronics,ShieldCase,False,3.77,Campaign,0.05,Lazada,COD,1,2756.47,0.08,220.52,2535.96,5,6,2,1,0,0
LGS1ORD0000611,C000373,2025-02-18 08:00:00,Male,35,Bronze,Lazada,Khon Kaen,117,Health,WellPlus,True,3.95,Campaign,0.1,TV_Show,COD,2,1218.92,0.13,316.92,2120.92,5,8,2,1,0,0
LGS1ORD0000612,C000398,2025-02-18 09:00:00,Female,43,Silver,TV,Phuket,507,Kitchen,CookEasy,False,4.09,Campaign,0.15,TV_Show,Bank_Transfer,2,5776.75,0.2,2310.7,9242.8,4,9,2,1,0,0
LGS1ORD0000613,C000267,2025-02-18 11:00:00,Female,42,Bronze,TV,Chiang Mai,434,Cosmetics,FreshLook,False,4.31,No Promotion,0.0,Shopee,COD,2,1995.08,0.03,119.7,3870.46,3,11,2,1,0,0
LGS1ORD0000614,C000480,2025-02-18 13:00:00,Female,48,Gold,TV,Khon Kaen,1217,Home_Appliance,CleanMate,True,3.71,Campaign,0.05,TV_Show,COD,1,8980.35,0.13,1167.45,7812.9,4,13,2,1,0,0
LGS1ORD0000615,C000881,2025-02-18 15:00:00,Female,51,Silver,TV,Phuket,1317,Electronics,GadgetWorld,False,3.57,No Promotion,0.0,Lazada,COD,1,574.02,0.05,28.7,545.32,5,15,2,1,0,1
LGS1ORD0000616,C000194,2025-02-18 17:00:00,Other,30,Silver,Web,Nakhon Ratchasima,1172,Cosmetics,Beauty Lab,True,4.08,Clearance,0.2,Lazada,Credit_Card,1,597.51,0.25,149.38,448.13,3,17,2,1,0,0
LGS1ORD0000617,C000193,2025-02-18 19:00:00,Female,40,Silver,CallCenter,Chonburi,805,Electronics,NovaTech,False,3.68,No Promotion,0.0,TV_Show,COD,2,4849.64,0.05,484.96,9214.31,1,19,2,1,0,0
LGS1ORD0000618,C000684,2025-02-18 21:00:00,Female,48,Platinum,Lazada,Chonburi,1181,Home_Appliance,CleanMate,True,4.08,No Promotion,0.0,TV_Show,Credit_Card,3,12584.48,0.1,3775.34,33978.08,1,21,2,1,0,0
LGS1ORD0000619,C000705,2025-02-18 23:00:00,Female,56,Gold,Web,Phuket,400,Health,VitaLife,False,4.47,Campaign,0.05,Web,Credit_Card,1,999.66,0.13,129.96,869.71,3,23,2,1,0,0
LGS1ORD0000620,C001014,2025-02-19 01:00:00,Male,54,Bronze,TV,Bangkok,1334,Cosmetics,Beauty Lab,False,4.04,No Promotion,0.0,Lazada,COD,1,1986.02,0.03,59.58,1926.44,1,1,2,2,0,0
LGS1ORD0000621,C000607,2025-02-19 03:00:00,Female,46,Bronze,Lazada,Chiang Mai,345,Electronics,ShieldCase,True,4.04,Clearance,0.2,TV_Show,Credit_Card,2,11382.71,0.23,5236.04,17529.37,1,3,2,2,0,1
LGS1ORD0000622,C000830,2025-02-19 05:00:00,Female,56,Bronze,TV,Bangkok,307,Home_Appliance,HomePro,False,4.05,Campaign,0.05,Web,PromptPay,1,6182.93,0.08,494.63,5688.3,4,5,2,2,0,1
LGS1ORD0000623,C000651,2025-02-19 06:00:00,Female,40,Bronze,TV,Khon Kaen,1210,Cosmetics,SunSafe,True,3.66,Campaign,0.05,TV_Show,PromptPay,2,1353.41,0.08,216.55,2490.27,3,6,2,2,0,0
LGS1ORD0000624,C000496,2025-02-19 08:00:00,Male,55,Bronze,Web,Remote_Area,488,Fashion,SilkTouch,False,3.75,Campaign,0.05,Web,Credit_Card,3,1453.43,0.08,348.82,4011.46,3,8,2,2,0,1
LGS1ORD0000625,C000748,2025-02-19 10:00:00,Male,50,Bronze,Lazada,Chonburi,1468,Home_Appliance,CleanMate,True,4.06,Campaign,0.15,Lazada,COD,2,5433.79,0.18,1956.16,8911.41,1,10,2,2,0,0
LGS1ORD0000626,C000206,2025-02-19 12:00:00,Male,30,Gold,Web,Bangkok,676,Kitchen,CookEasy,False,4.09,Clearance,0.25,Shopee,Bank_Transfer,1,5817.83,0.33,1919.88,3897.94,1,12,2,2,0,0
LGS1ORD0000627,C000746,2025-02-19 14:00:00,Female,22,Silver,TV,Bangkok,805,Cosmetics,Beauty Lab,False,4.03,Campaign,0.05,CallCenter,PromptPay,1,1773.81,0.1,177.38,1596.43,1,14,2,2,0,0
LGS1ORD0000628,C001028,2025-02-19 16:00:00,Female,41,Gold,Web,Remote_Area,1378,Electronics,ShieldCase,False,3.96,Clearance,0.2,Lazada,Credit_Card,1,3249.16,0.28,909.76,2339.39,4,16,2,2,0,0
LGS1ORD0000629,C000238,2025-02-19 18:00:00,Female,53,Bronze,Web,Bangkok,599,Cosmetics,FreshLook,True,3.82,Campaign,0.15,Shopee,COD,2,1510.49,0.18,543.77,2477.2,1,18,2,2,0,0
LGS1ORD0000630,C000151,2025-02-19 20:00:00,Male,48,Gold,Shopee,Khon Kaen,1066,Cosmetics,SunSafe,False,4.28,Campaign,0.15,Lazada,Credit_Card,3,1357.59,0.2299999999999999,936.74,3136.04,1,20,2,2,0,1
LGS1ORD0000631,C000558,2025-02-19 22:00:00,Male,49,Silver,Lazada,Nakhon Ratchasima,1026,Electronics,NovaTech,False,3.68,Campaign,0.05,Shopee,Credit_Card,3,4852.11,0.1,1455.63,13100.69,1,22,2,2,0,0
LGS1ORD0000632,C000781,2025-02-20 00:00:00,Female,49,Bronze,Web,Khon Kaen,1064,Cosmetics,Beauty Lab,True,4.08,No Promotion,0.0,TV_Show,PromptPay,1,581.78,0.03,17.45,564.33,4,0,2,3,0,0
LGS1ORD0000633,C000054,2025-02-20 01:00:00,Male,49,Bronze,CallCenter,Bangkok,1006,Kitchen,KitchenMax,False,4.09,Clearance,0.2,TV_Show,COD,2,1272.97,0.23,585.57,1960.38,5,1,2,3,0,1
LGS1ORD0000634,C000983,2025-02-20 03:00:00,Female,45,Bronze,Web,Remote_Area,376,Home_Appliance,HomePro,True,3.76,No Promotion,0.0,Shopee,COD,1,12329.48,0.03,369.88,11959.59,3,3,2,3,0,1
LGS1ORD0000635,C000784,2025-02-20 05:00:00,Female,51,Gold,Shopee,Bangkok,1480,Electronics,GadgetWorld,False,3.81,Campaign,0.05,Lazada,COD,1,520.5,0.13,67.67,452.84,4,5,2,3,0,0
LGS1ORD0000636,C000449,2025-02-20 07:00:00,Female,33,Gold,Lazada,Nakhon Ratchasima,1029,Health,WellPlus,False,4.23,No Promotion,0.0,TV_Show,Bank_Transfer,1,1488.59,0.08,119.09,1369.51,3,7,2,3,0,0
LGS1ORD0000637,C000645,2025-02-20 09:00:00,Female,44,Bronze,Shopee,Bangkok,1135,Home_Appliance,PureAir,True,4.11,Campaign,0.05,Web,COD,2,3650.96,0.08,584.15,6717.77,1,9,2,3,0,0
LGS1ORD0000638,C000077,2025-02-20 11:00:00,Male,53,Bronze,Web,Nakhon Ratchasima,513,Kitchen,CookEasy,False,3.92,Campaign,0.15,Lazada,Bank_Transfer,3,2778.99,0.18,1500.65,6836.3,3,11,2,3,0,0
LGS1ORD0000639,C000544,2025-02-20 13:00:00,Female,38,Bronze,TV,Chiang Mai,190,Kitchen,ChefHome,False,4.27,No Promotion,0.0,Web,COD,1,4116.52,0.03,123.5,3993.02,3,13,2,3,0,1
LGS1ORD0000640,C000221,2025-02-20 15:00:00,Female,42,Gold,Lazada,Chonburi,1334,Home_Appliance,PureAir,False,4.25,Campaign,0.15,TV_Show,Credit_Card,1,8002.96,0.2299999999999999,1840.68,6162.28,3,15,2,3,0,0
LGS1ORD0000641,C000165,2025-02-20 17:00:00,Male,29,Bronze,Shopee,Bangkok,1445,Home_Appliance,CleanMate,True,3.73,No Promotion,0.0,Shopee,COD,1,2129.04,0.03,63.87,2065.17,3,17,2,3,0,1
LGS1ORD0000642,C000432,2025-02-20 19:00:00,Female,45,Bronze,Web,Songkhla,462,Home_Appliance,PureAir,False,4.2,Campaign,0.1,TV_Show,COD,2,15275.94,0.13,3971.74,26580.14,4,19,2,3,0,0
LGS1ORD0000643,C000949,2025-02-20 20:00:00,Male,29,Bronze,TV,Chiang Mai,1382,Electronics,NovaTech,False,4.03,No Promotion,0.0,Shopee,PromptPay,1,8656.94,0.03,259.71,8397.23,3,20,2,3,0,0
LGS1ORD0000644,C001165,2025-02-20 22:00:00,Male,72,Bronze,TV,Remote_Area,1296,Electronics,ShieldCase,True,4.04,No Promotion,0.0,Web,COD,2,11502.86,0.03,690.17,22315.54,1,22,2,3,0,1
LGS1ORD0000645,C000885,2025-02-21 00:00:00,Male,38,Bronze,Shopee,Remote_Area,597,Kitchen,CookEasy,True,4.25,Clearance,0.25,Web,COD,2,2135.86,0.28,1196.08,3075.64,4,0,2,4,0,0
LGS1ORD0000646,C000635,2025-02-21 02:00:00,Female,44,Gold,Web,Bangkok,1038,Electronics,GadgetWorld,False,3.98,Campaign,0.05,Web,COD,2,3025.48,0.13,786.63,5264.34,4,2,2,4,0,0
LGS1ORD0000647,C000353,2025-02-21 04:00:00,Male,54,Silver,TV,Remote_Area,1119,Electronics,ShieldCase,True,4.33,No Promotion,0.0,Lazada,COD,1,4625.61,0.05,231.28,4394.33,5,4,2,4,0,0
LGS1ORD0000648,C000122,2025-02-21 06:00:00,Female,41,Bronze,TV,Remote_Area,733,Home_Appliance,HomePro,True,3.76,Campaign,0.15,TV_Show,Bank_Transfer,1,12432.11,0.18,2237.78,10194.33,1,6,2,4,0,0
LGS1ORD0000649,C000302,2025-02-21 08:00:00,Female,46,Gold,TV,Songkhla,849,Kitchen,ChefHome,False,3.91,Campaign,0.05,Shopee,PromptPay,1,4466.23,0.13,580.61,3885.62,4,8,2,4,0,0
LGS1ORD0000650,C000178,2025-02-21 10:00:00,Female,42,Gold,TV,Chonburi,1035,Kitchen,ChefHome,True,3.95,Campaign,0.1,TV_Show,PromptPay,1,1303.62,0.18,234.65,1068.97,4,10,2,4,0,0
LGS1ORD0000651,C000943,2025-02-21 12:00:00,Female,37,Bronze,Shopee,Bangkok,1275,Fashion,UrbanWear,False,3.82,Campaign,0.05,Shopee,Credit_Card,2,695.95,0.08,111.35,1280.54,1,12,2,4,0,0
LGS1ORD0000652,C000808,2025-02-21 14:00:00,Male,45,Bronze,Shopee,Khon Kaen,474,Fashion,FitStyle,False,3.7,Clearance,0.2,Lazada,COD,1,552.24,0.23,127.01,425.22,1,14,2,4,0,1
LGS1ORD0000653,C000363,2025-02-21 15:00:00,Male,39,Bronze,TV,Bangkok,340,Cosmetics,SunSafe,True,4.2,Clearance,0.2,Shopee,COD,1,2265.31,0.23,521.02,1744.29,4,15,2,4,0,0
LGS1ORD0000654,C000631,2025-02-21 17:00:00,Male,29,Gold,TV,Bangkok,1163,Electronics,GadgetWorld,False,3.83,Campaign,0.15,TV_Show,COD,1,2155.81,0.2299999999999999,495.84,1659.97,4,17,2,4,0,0
LGS1ORD0000655,C000700,2025-02-21 19:00:00,Female,72,Bronze,TV,Remote_Area,216,Kitchen,KitchenMax,True,3.89,Clearance,0.25,Lazada,COD,1,3757.18,0.28,1052.01,2705.17,5,19,2,4,0,0
LGS1ORD0000656,C000317,2025-02-21 21:00:00,Female,40,Bronze,TV,Bangkok,1298,Health,WellPlus,False,4.39,Clearance,0.2,Web,Credit_Card,3,2321.24,0.23,1601.66,5362.07,3,21,2,4,0,0
LGS1ORD0000657,C000363,2025-02-21 23:00:00,Male,39,Bronze,TV,Bangkok,340,Home_Appliance,PureAir,True,3.62,Campaign,0.05,Shopee,COD,1,10216.9,0.08,817.35,9399.55,3,23,2,4,0,0
LGS1ORD0000658,C000987,2025-02-22 01:00:00,Male,31,Gold,Lazada,Phuket,986,Fashion,FitStyle,False,3.41,Clearance,0.2,CallCenter,COD,1,596.83,0.28,167.11,429.72,1,1,2,5,1,0
LGS1ORD0000659,C000717,2025-02-22 03:00:00,Male,44,Bronze,TV,Phuket,549,Kitchen,KitchenMax,True,4.1,Clearance,0.25,CallCenter,COD,2,2744.83,0.28,1537.11,3952.56,1,3,2,5,1,0
LGS1ORD0000660,C000580,2025-02-22 05:00:00,Female,51,Silver,Shopee,Phuket,862,Electronics,NovaTech,False,3.38,Campaign,0.05,TV_Show,COD,2,8809.05,0.1,1761.81,15856.28,3,5,2,5,1,1
LGS1ORD0000661,C001078,2025-02-22 07:00:00,Male,57,Gold,Shopee,Chonburi,383,Kitchen,CookEasy,True,3.86,Campaign,0.05,CallCenter,COD,1,1526.98,0.13,198.51,1328.48,5,7,2,5,1,0
LGS1ORD0000662,C001081,2025-02-22 09:00:00,Male,24,Bronze,Lazada,Chiang Mai,1406,Cosmetics,FreshLook,True,3.82,Campaign,0.15,Shopee,COD,1,1540.16,0.18,277.23,1262.93,3,9,2,5,1,0
LGS1ORD0000663,C000141,2025-02-22 10:00:00,Male,54,Silver,Lazada,Songkhla,404,Home_Appliance,HomePro,True,4.33,Campaign,0.05,Lazada,COD,1,9623.99,0.1,962.4,8661.6,4,10,2,5,1,0
LGS1ORD0000664,C000970,2025-02-22 12:00:00,Male,28,Gold,Lazada,Chiang Mai,851,Health,WellPlus,False,4.14,Campaign,0.1,Lazada,Bank_Transfer,1,721.01,0.18,129.78,591.22,3,12,2,5,1,1
LGS1ORD0000665,C000524,2025-02-22 14:00:00,Female,45,Platinum,CallCenter,Bangkok,1146,Fashion,FitStyle,False,3.53,Campaign,0.05,Lazada,Credit_Card,4,1645.77,0.15,987.46,5595.62,3,14,2,5,1,0
LGS1ORD0000666,C001197,2025-02-22 16:00:00,Female,30,Bronze,Web,Chiang Mai,920,Cosmetics,FreshLook,False,4.07,No Promotion,0.0,Lazada,COD,2,1636.04,0.03,98.16,3173.91,4,16,2,5,1,0
LGS1ORD0000667,C000464,2025-02-22 18:00:00,Female,28,Platinum,Lazada,Chonburi,1381,Electronics,ShieldCase,True,3.7,Clearance,0.2,TV_Show,Bank_Transfer,1,10077.61,0.3,3023.28,7054.33,4,18,2,5,1,0
LGS1ORD0000668,C000932,2025-02-22 20:00:00,Other,54,Bronze,Lazada,Chiang Mai,1059,Cosmetics,Beauty Lab,False,4.21,No Promotion,0.0,Shopee,COD,1,2204.39,0.03,66.13,2138.26,1,20,2,5,1,0
LGS1ORD0000669,C001030,2025-02-22 22:00:00,Female,59,Silver,Web,Chonburi,520,Cosmetics,Beauty Lab,False,3.94,Clearance,0.2,TV_Show,COD,2,1700.75,0.25,850.37,2551.12,5,22,2,5,1,0
LGS1ORD0000670,C000176,2025-02-23 00:00:00,Female,49,Bronze,Lazada,Remote_Area,1258,Cosmetics,Beauty Lab,False,4.03,Campaign,0.05,CallCenter,Credit_Card,3,1687.41,0.08,404.98,4657.25,1,0,2,6,1,0
LGS1ORD0000671,C000730,2025-02-23 02:00:00,Female,59,Bronze,Shopee,Chiang Mai,139,Kitchen,KitchenMax,False,4.07,Clearance,0.2,Shopee,Credit_Card,1,3681.72,0.23,846.8,2834.92,5,2,2,6,1,0
LGS1ORD0000672,C000757,2025-02-23 04:00:00,Male,35,Bronze,TV,Remote_Area,551,Electronics,ShieldCase,False,4.03,No Promotion,0.0,CallCenter,COD,2,10012.4,0.03,600.74,19424.05,3,4,2,6,1,0
LGS1ORD0000673,C001198,2025-02-23 05:00:00,Female,18,Silver,TV,Bangkok,747,Fashion,FitStyle,False,3.36,No Promotion,0.0,Lazada,COD,2,998.5,0.05,99.85,1897.15,5,5,2,6,1,1
LGS1ORD0000674,C000987,2025-02-23 07:00:00,Male,31,Gold,Lazada,Phuket,987,Cosmetics,FreshLook,False,4.13,Clearance,0.2,Shopee,Credit_Card,2,808.43,0.28,452.72,1164.14,4,7,2,6,1,0
LGS1ORD0000675,C000622,2025-02-23 09:00:00,Female,42,Platinum,Web,Bangkok,420,Fashion,SilkTouch,False,3.43,Campaign,0.15,Shopee,PromptPay,2,1353.14,0.25,676.57,2029.7,3,9,2,6,1,0
LGS1ORD0000676,C000996,2025-02-23 11:00:00,Male,42,Gold,Shopee,Nakhon Ratchasima,1435,Kitchen,ChefHome,True,3.95,Campaign,0.15,Web,Bank_Transfer,2,1318.51,0.2299999999999999,606.51,2030.51,4,11,2,6,1,0
LGS1ORD0000677,C000314,2025-02-23 13:00:00,Female,53,Bronze,TV,Chiang Mai,657,Cosmetics,FreshLook,False,4.2,Campaign,0.15,Lazada,PromptPay,3,1596.91,0.18,862.33,3928.39,1,13,2,6,1,0
LGS1ORD0000678,C000769,2025-02-23 15:00:00,Male,32,Bronze,Shopee,Chiang Mai,723,Health,WellPlus,False,4.37,Campaign,0.1,TV_Show,PromptPay,1,3690.83,0.13,479.81,3211.02,5,15,2,6,1,0
LGS1ORD0000679,C000899,2025-02-23 17:00:00,Female,51,Bronze,TV,Songkhla,506,Kitchen,KitchenMax,True,3.89,No Promotion,0.0,CallCenter,COD,4,3347.14,0.03,401.66,12986.91,5,17,2,6,1,0
LGS1ORD0000680,C000993,2025-02-23 19:00:00,Male,42,Silver,Lazada,Chiang Mai,1347,Cosmetics,Beauty Lab,False,3.89,Campaign,0.05,CallCenter,COD,4,1089.51,0.1,435.8,3922.23,1,19,2,6,1,0
LGS1ORD0000681,C000791,2025-02-23 21:00:00,Female,35,Bronze,Web,Khon Kaen,1184,Electronics,NovaTech,False,3.6,No Promotion,0.0,Web,COD,2,8700.43,0.03,522.03,16878.83,4,21,2,6,1,0
LGS1ORD0000682,C000171,2025-02-23 23:00:00,Female,39,Bronze,Web,Chonburi,441,Fashion,UrbanWear,False,3.6,Campaign,0.05,TV_Show,COD,1,792.68,0.08,63.41,729.26,5,23,2,6,1,1
LGS1ORD0000683,C000947,2025-02-24 00:00:00,Male,53,Silver,Web,Songkhla,271,Home_Appliance,HomePro,False,4.09,Campaign,0.05,TV_Show,COD,1,14478.46,0.1,1447.85,13030.62,5,0,2,0,0,1
LGS1ORD0000684,C000412,2025-02-24 02:00:00,Female,35,Platinum,Web,Khon Kaen,721,Kitchen,CookEasy,False,3.92,Campaign,0.15,Web,Credit_Card,1,3068.17,0.25,767.04,2301.13,1,2,2,0,0,0
LGS1ORD0000685,C000159,2025-02-24 04:00:00,Female,42,Bronze,CallCenter,Songkhla,1428,Cosmetics,SunSafe,False,4.25,Clearance,0.25,TV_Show,Credit_Card,1,1367.63,0.28,382.94,984.7,1,4,2,0,0,0
LGS1ORD0000686,C000174,2025-02-24 06:00:00,Female,51,Gold,Shopee,Khon Kaen,524,Health,WellPlus,False,4.14,Clearance,0.2,Web,PromptPay,2,706.29,0.28,395.52,1017.05,1,6,2,0,0,0
LGS1ORD0000687,C000506,2025-02-24 08:00:00,Male,42,Gold,TV,Chonburi,550,Cosmetics,Beauty Lab,False,4.18,Campaign,0.15,TV_Show,COD,3,499.78,0.2299999999999999,344.85,1154.5,1,8,2,0,0,1
LGS1ORD0000688,C000881,2025-02-24 10:00:00,Female,51,Silver,TV,Phuket,1323,Cosmetics,Beauty Lab,False,4.11,Campaign,0.05,Web,Bank_Transfer,1,1610.49,0.1,161.05,1449.44,3,10,2,0,0,0
LGS1ORD0000689,C000855,2025-02-24 12:00:00,Female,32,Gold,CallCenter,Songkhla,1352,Cosmetics,FreshLook,False,3.95,Clearance,0.2,Web,Credit_Card,3,1413.09,0.28,1186.99,3052.26,3,12,2,0,0,0
LGS1ORD0000690,C001111,2025-02-24 14:00:00,Male,29,Silver,TV,Bangkok,440,Fashion,UrbanWear,False,3.75,Campaign,0.05,Lazada,PromptPay,1,808.65,0.1,80.86,727.78,1,14,2,0,0,0
LGS1ORD0000691,C000340,2025-02-24 16:00:00,Female,28,Gold,Lazada,Songkhla,246,Home_Appliance,PureAir,True,4.2,Clearance,0.25,Web,COD,1,12442.49,0.33,4106.02,8336.47,5,16,2,0,0,0
LGS1ORD0000692,C000543,2025-02-24 18:00:00,Female,47,Bronze,Shopee,Phuket,185,Electronics,ShieldCase,True,4.04,Clearance,0.2,Lazada,COD,1,11705.56,0.23,2692.28,9013.28,5,18,2,0,0,1
LGS1ORD0000693,C000430,2025-02-24 19:00:00,Female,46,Bronze,CallCenter,Khon Kaen,385,Fashion,FitStyle,False,3.59,No Promotion,0.0,Shopee,COD,1,462.52,0.03,13.88,448.65,5,19,2,0,0,0
LGS1ORD0000694,C000406,2025-02-24 21:00:00,Female,40,Platinum,TV,Chonburi,159,Electronics,GadgetWorld,False,3.66,Clearance,0.25,Lazada,COD,1,6026.46,0.35,2109.26,3917.2,3,21,2,0,0,1
LGS1ORD0000695,C000588,2025-02-24 23:00:00,Female,27,Gold,Web,Bangkok,1375,Home_Appliance,PureAir,False,4.2,No Promotion,0.0,Web,Bank_Transfer,1,15908.84,0.08,1272.71,14636.13,5,23,2,0,0,1
LGS1ORD0000696,C000808,2025-02-25 01:00:00,Male,45,Bronze,Shopee,Khon Kaen,478,Cosmetics,FreshLook,True,3.82,Clearance,0.2,TV_Show,COD,4,1494.45,0.23,1374.89,4602.9,3,1,2,1,0,0
LGS1ORD0000697,C000846,2025-02-25 03:00:00,Male,56,Silver,Lazada,Songkhla,900,Health,MediCare,False,4.15,No Promotion,0.0,CallCenter,PromptPay,1,4381.63,0.05,219.08,4162.54,1,3,2,1,0,0
LGS1ORD0000698,C001134,2025-02-25 05:00:00,Female,34,Bronze,CallCenter,Songkhla,622,Electronics,ShieldCase,False,3.84,No Promotion,0.0,Lazada,COD,1,1061.2,0.03,31.84,1029.36,3,5,2,1,0,0
LGS1ORD0000699,C000397,2025-02-25 07:00:00,Male,47,Silver,CallCenter,Nakhon Ratchasima,1258,Cosmetics,FreshLook,False,3.93,Clearance,0.25,TV_Show,Bank_Transfer,1,1491.81,0.3,447.54,1044.27,3,7,2,1,0,0
LGS1ORD0000700,C000187,2025-02-25 09:00:00,Male,40,Platinum,CallCenter,Bangkok,388,Electronics,GadgetWorld,False,3.86,Campaign,0.05,Web,Credit_Card,2,4777.17,0.15,1433.15,8121.19,5,9,2,1,0,1
LGS1ORD0000701,C000582,2025-02-25 11:00:00,Female,24,Bronze,TV,Bangkok,577,Kitchen,ChefHome,False,4.22,No Promotion,0.0,Web,Credit_Card,3,1206.66,0.03,108.6,3511.37,3,11,2,1,0,0
LGS1ORD0000702,C001154,2025-02-25 13:00:00,Female,40,Bronze,TV,Remote_Area,858,Electronics,NovaTech,False,4.12,Campaign,0.15,Lazada,COD,1,10312.21,0.18,1856.2,8456.01,3,13,2,1,0,0
LGS1ORD0000703,C000650,2025-02-25 14:00:00,Female,36,Bronze,Web,Bangkok,698,Electronics,ShieldCase,False,3.64,Clearance,0.2,Shopee,Credit_Card,1,1130.49,0.23,260.01,870.48,4,14,2,1,0,0
LGS1ORD0000704,C000433,2025-02-25 16:00:00,Female,42,Bronze,Shopee,Remote_Area,1375,Cosmetics,FreshLook,True,3.82,No Promotion,0.0,Shopee,COD,1,1568.94,0.03,47.07,1521.88,1,16,2,1,0,0
LGS1ORD0000705,C001051,2025-02-25 18:00:00,Female,53,Silver,TV,Nakhon Ratchasima,770,Cosmetics,FreshLook,True,3.9,Campaign,0.05,Web,COD,1,1234.44,0.1,123.44,1111.0,1,18,2,1,0,0
LGS1ORD0000706,C000160,2025-02-25 20:00:00,Female,59,Silver,TV,Khon Kaen,175,Electronics,GadgetWorld,True,3.92,No Promotion,0.0,Web,COD,1,7079.54,0.05,353.98,6725.57,4,20,2,1,0,0
LGS1ORD0000707,C001175,2025-02-25 22:00:00,Male,49,Bronze,TV,Chiang Mai,1124,Cosmetics,FreshLook,False,4.13,Campaign,0.05,Web,COD,2,771.71,0.08,123.47,1419.95,3,22,2,1,0,0
LGS1ORD0000708,C001132,2025-02-26 00:00:00,Male,45,Gold,TV,Chiang Mai,720,Kitchen,ChefHome,True,3.95,Campaign,0.1,Shopee,COD,2,1295.95,0.18,466.54,2125.35,3,0,2,2,0,0
LGS1ORD0000709,C000923,2025-02-26 02:00:00,Male,61,Silver,Lazada,Bangkok,186,Home_Appliance,PureAir,True,3.62,Campaign,0.05,TV_Show,COD,1,10993.79,0.1,1099.38,9894.41,5,2,2,2,0,1
LGS1ORD0000710,C001030,2025-02-26 04:00:00,Female,59,Silver,Web,Chonburi,524,Electronics,ShieldCase,False,3.64,No Promotion,0.0,CallCenter,COD,1,1151.23,0.05,57.56,1093.67,3,4,2,2,0,0
LGS1ORD0000711,C000316,2025-02-26 06:00:00,Female,27,Silver,TV,Chiang Mai,361,Fashion,UrbanWear,False,3.6,Campaign,0.15,Lazada,COD,1,2423.79,0.2,484.76,1939.03,3,6,2,2,0,1
LGS1ORD0000712,C000912,2025-02-26 08:00:00,Male,30,Silver,Web,Bangkok,70,Fashion,FitStyle,False,3.4,No Promotion,0.0,TV_Show,COD,3,2219.53,0.05,332.93,6325.65,5,8,2,2,0,0
LGS1ORD0000713,C000893,2025-02-26 09:00:00,Male,58,Gold,CallCenter,Bangkok,297,Fashion,UrbanWear,False,4.16,No Promotion,0.0,Web,COD,1,1853.04,0.08,148.24,1704.8,4,9,2,2,0,0
LGS1ORD0000714,C000961,2025-02-26 11:00:00,Female,58,Silver,Lazada,Chiang Mai,99,Fashion,UrbanWear,False,3.68,Campaign,0.15,Lazada,COD,4,952.34,0.2,761.87,3047.48,3,11,2,2,0,0
LGS1ORD0000715,C000701,2025-02-26 13:00:00,Female,43,Bronze,Lazada,Bangkok,985,Health,MediCare,True,4.26,Campaign,0.1,Shopee,Credit_Card,1,4668.5,0.13,606.9,4061.59,3,13,2,2,0,0
LGS1ORD0000716,C000810,2025-02-26 15:00:00,Male,51,Bronze,TV,Songkhla,198,Electronics,NovaTech,True,3.5,No Promotion,0.0,Shopee,Bank_Transfer,1,7699.46,0.03,230.98,7468.47,1,15,2,2,0,0
LGS1ORD0000717,C000996,2025-02-26 17:00:00,Male,42,Gold,Shopee,Nakhon Ratchasima,1438,Kitchen,KitchenMax,False,4.01,No Promotion,0.0,Shopee,Credit_Card,1,3257.21,0.08,260.58,2996.64,5,17,2,2,0,1
LGS1ORD0000718,C000880,2025-02-26 19:00:00,Female,26,Gold,Shopee,Chonburi,497,Cosmetics,Beauty Lab,False,4.04,Clearance,0.2,Web,COD,3,2110.74,0.28,1773.02,4559.19,4,19,2,2,0,0
LGS1ORD0000719,C000347,2025-02-26 21:00:00,Male,68,Bronze,Shopee,Khon Kaen,593,Health,WellPlus,False,4.15,No Promotion,0.0,Lazada,Bank_Transfer,1,2441.67,0.03,73.25,2368.42,4,21,2,2,0,0
LGS1ORD0000720,C000565,2025-02-26 23:00:00,Female,58,Bronze,TV,Remote_Area,1502,Fashion,SilkTouch,False,3.48,Clearance,0.25,Lazada,COD,1,1626.84,0.28,455.52,1171.32,3,23,2,2,0,1
LGS1ORD0000721,C001137,2025-02-27 01:00:00,Male,26,Gold,TV,Chiang Mai,340,Cosmetics,SunSafe,False,3.9,Campaign,0.15,TV_Show,PromptPay,1,2129.37,0.2299999999999999,489.76,1639.62,3,1,2,3,0,1
LGS1ORD0000722,C000899,2025-02-27 03:00:00,Female,51,Bronze,TV,Songkhla,510,Health,VitaLife,False,4.16,Clearance,0.2,TV_Show,PromptPay,1,3410.57,0.23,784.43,2626.14,1,3,2,3,0,0
LGS1ORD0000723,C001103,2025-02-27 05:00:00,Female,36,Bronze,TV,Remote_Area,1014,Fashion,SilkTouch,False,3.43,Clearance,0.2,TV_Show,COD,1,1277.77,0.23,293.89,983.88,4,5,2,3,0,1
LGS1ORD0000724,C000290,2025-02-27 06:00:00,Female,50,Bronze,Shopee,Bangkok,262,Cosmetics,Beauty Lab,True,4.08,No Promotion,0.0,TV_Show,COD,1,567.87,0.03,17.04,550.84,1,6,2,3,0,0
LGS1ORD0000725,C000172,2025-02-27 08:00:00,Male,62,Bronze,Shopee,Chonburi,634,Electronics,NovaTech,False,3.66,Campaign,0.05,TV_Show,COD,1,11318.9,0.08,905.51,10413.39,3,8,2,3,0,0
LGS1ORD0000726,C000453,2025-02-27 10:00:00,Female,45,Silver,Shopee,Remote_Area,1239,Fashion,SilkTouch,False,3.86,Campaign,0.15,Shopee,COD,3,2237.81,0.2,1342.68,5370.74,4,10,2,3,0,1
LGS1ORD0000727,C000061,2025-02-27 12:00:00,Male,27,Platinum,Web,Nakhon Ratchasima,432,Cosmetics,FreshLook,False,4.26,No Promotion,0.0,Web,Credit_Card,1,2067.42,0.1,206.74,1860.68,1,12,2,3,0,0
LGS1ORD0000728,C000819,2025-02-27 14:00:00,Male,36,Silver,TV,Remote_Area,1254,Cosmetics,SunSafe,True,4.1,Campaign,0.15,Shopee,COD,2,632.32,0.2,252.93,1011.72,4,14,2,3,0,0
LGS1ORD0000729,C001182,2025-02-27 16:00:00,Female,41,Gold,CallCenter,Phuket,794,Health,WellPlus,False,4.29,No Promotion,0.0,CallCenter,COD,2,2880.55,0.08,460.89,5300.22,3,16,2,3,0,0
LGS1ORD0000730,C000766,2025-02-27 18:00:00,Male,46,Gold,Lazada,Bangkok,974,Kitchen,ChefHome,False,4.38,No Promotion,0.0,Shopee,COD,1,4641.54,0.08,371.32,4270.21,3,18,2,3,0,0
LGS1ORD0000731,C000888,2025-02-27 20:00:00,Female,56,Bronze,TV,Khon Kaen,569,Fashion,SilkTouch,False,3.9,No Promotion,0.0,Shopee,COD,1,652.42,0.03,19.57,632.85,5,20,2,3,0,1
LGS1ORD0000732,C000689,2025-02-27 22:00:00,Female,48,Bronze,Shopee,Bangkok,841,Electronics,NovaTech,False,3.38,Campaign,0.15,CallCenter,COD,1,7835.69,0.18,1410.42,6425.26,3,22,2,3,0,0
LGS1ORD0000733,C000369,2025-02-28 00:00:00,Male,47,Silver,Lazada,Bangkok,1380,Kitchen,KitchenMax,False,4.09,Campaign,0.15,Lazada,Credit_Card,2,1197.12,0.2,478.85,1915.39,1,0,2,4,0,0
LGS1ORD0000734,C000286,2025-02-28 01:00:00,Female,48,Silver,Web,Chonburi,136,Fashion,UrbanWear,False,3.75,Campaign,0.15,Shopee,COD,2,794.39,0.2,317.76,1271.02,5,1,2,4,0,0
LGS1ORD0000735,C000858,2025-02-28 03:00:00,Female,38,Bronze,TV,Chiang Mai,122,Fashion,SilkTouch,False,3.62,No Promotion,0.0,Shopee,COD,1,1638.82,0.03,49.16,1589.65,3,3,2,4,0,1
LGS1ORD0000736,C000521,2025-02-28 05:00:00,Female,32,Bronze,CallCenter,Phuket,542,Fashion,FitStyle,True,3.85,No Promotion,0.0,Web,COD,1,1096.99,0.03,32.91,1064.08,5,5,2,4,0,0
LGS1ORD0000737,C000708,2025-02-28 07:00:00,Male,57,Silver,Shopee,Chonburi,876,Fashion,FitStyle,False,3.18,Clearance,0.25,Shopee,COD,2,559.88,0.3,335.93,783.83,3,7,2,4,0,1
LGS1ORD0000738,C000817,2025-02-28 09:00:00,Male,39,Gold,TV,Bangkok,1094,Health,WellPlus,False,4.38,Campaign,0.15,Lazada,PromptPay,1,952.15,0.2299999999999999,218.99,733.15,3,9,2,4,0,1
LGS1ORD0000739,C000550,2025-02-28 11:00:00,Female,41,Silver,CallCenter,Nakhon Ratchasima,947,Fashion,UrbanWear,True,3.78,Campaign,0.05,CallCenter,COD,3,1508.06,0.1,452.42,4071.76,4,11,2,4,0,0
LGS1ORD0000740,C001071,2025-02-28 13:00:00,Female,43,Silver,Lazada,Khon Kaen,754,Cosmetics,FreshLook,False,4.06,Clearance,0.25,CallCenter,COD,2,1178.09,0.3,706.86,1649.33,4,13,2,4,0,0
LGS1ORD0000741,C000554,2025-02-28 15:00:00,Female,46,Bronze,Lazada,Remote_Area,569,Home_Appliance,PureAir,False,4.42,Campaign,0.1,Lazada,COD,1,9356.39,0.13,1216.33,8140.06,3,15,2,4,0,0
LGS1ORD0000742,C001109,2025-02-28 17:00:00,Male,31,Bronze,Shopee,Chiang Mai,273,Home_Appliance,CleanMate,True,3.85,Clearance,0.25,Lazada,Credit_Card,1,5507.03,0.28,1541.97,3965.06,1,17,2,4,0,0
LGS1ORD0000743,C001054,2025-02-28 19:00:00,Male,44,Silver,Web,Chiang Mai,616,Cosmetics,Beauty Lab,False,4.04,Campaign,0.15,Web,COD,1,2133.51,0.2,426.7,1706.81,4,19,2,4,0,1
LGS1ORD0000744,C000252,2025-02-28 20:00:00,Female,54,Bronze,Lazada,Khon Kaen,1299,Kitchen,ChefHome,False,3.91,Campaign,0.05,Web,Bank_Transfer,2,4125.59,0.08,660.09,7591.09,5,20,2,4,0,0
LGS1ORD0000745,C000924,2025-02-28 22:00:00,Male,32,Silver,TV,Khon Kaen,1236,Home_Appliance,CleanMate,False,4.47,No Promotion,0.0,TV_Show,COD,2,14781.02,0.05,1478.1,28083.94,3,22,2,4,0,0
LGS1ORD0000746,C000554,2025-03-01 00:00:00,Female,46,Bronze,Lazada,Remote_Area,570,Electronics,ShieldCase,False,3.9,Campaign,0.15,CallCenter,COD,4,1990.79,0.18,1433.37,6529.78,4,0,3,5,1,0
LGS1ORD0000747,C000805,2025-03-01 02:00:00,Male,55,Silver,Shopee,Khon Kaen,1116,Health,VitaLife,False,4.19,No Promotion,0.0,TV_Show,Credit_Card,1,3406.74,0.05,170.34,3236.4,1,2,3,5,1,0
LGS1ORD0000748,C000930,2025-03-01 04:00:00,Female,48,Bronze,Lazada,Bangkok,1310,Kitchen,ChefHome,False,4.15,No Promotion,0.0,TV_Show,COD,1,3894.66,0.03,116.84,3777.82,4,4,3,5,1,0
LGS1ORD0000749,C000120,2025-03-01 06:00:00,Male,48,Platinum,Web,Songkhla,839,Fashion,UrbanWear,True,3.68,No Promotion,0.0,CallCenter,Credit_Card,1,1990.73,0.1,199.07,1791.66,4,6,3,5,1,0
LGS1ORD0000750,C000300,2025-03-01 08:00:00,Female,43,Bronze,TV,Remote_Area,1189,Home_Appliance,PureAir,True,3.62,Clearance,0.25,Web,COD,1,10539.92,0.28,2951.18,7588.74,4,8,3,5,1,1
LGS1ORD0000751,C000145,2025-03-01 10:00:00,Female,52,Gold,Shopee,Khon Kaen,99,Electronics,ShieldCase,False,3.64,Clearance,0.2,Web,COD,3,1130.86,0.28,949.92,2442.65,5,10,3,5,1,0
LGS1ORD0000752,C000993,2025-03-01 12:00:00,Male,42,Silver,Lazada,Chiang Mai,1353,Electronics,NovaTech,False,3.7,Clearance,0.2,TV_Show,PromptPay,1,6356.12,0.25,1589.03,4767.09,5,12,3,5,1,1
LGS1ORD0000753,C000472,2025-03-01 14:00:00,Male,50,Platinum,Shopee,Khon Kaen,552,Electronics,ShieldCase,False,3.77,Campaign,0.05,Web,COD,2,2781.68,0.15,834.5,4728.86,4,14,3,5,1,0
LGS1ORD0000754,C000961,2025-03-01 15:00:00,Female,58,Silver,Lazada,Chiang Mai,102,Kitchen,CookEasy,True,3.96,Campaign,0.15,TV_Show,COD,3,2925.49,0.2,1755.29,7021.17,5,15,3,5,1,0
LGS1ORD0000755,C000376,2025-03-01 17:00:00,Female,41,Bronze,TV,Bangkok,1511,Electronics,NovaTech,False,3.75,Clearance,0.25,TV_Show,Credit_Card,1,9693.44,0.28,2714.16,6979.27,3,17,3,5,1,0
LGS1ORD0000756,C000346,2025-03-01 19:00:00,Female,36,Bronze,Web,Bangkok,225,Electronics,ShieldCase,True,3.43,Campaign,0.15,Shopee,COD,2,5117.87,0.18,1842.43,8393.3,5,19,3,5,1,1
LGS1ORD0000757,C000829,2025-03-01 21:00:00,Female,18,Bronze,CallCenter,Chiang Mai,1160,Fashion,FitStyle,False,3.55,Campaign,0.15,CallCenter,COD,3,940.24,0.18,507.73,2313.0,4,21,3,5,1,0
LGS1ORD0000758,C000842,2025-03-01 23:00:00,Female,35,Silver,TV,Khon Kaen,380,Kitchen,CookEasy,False,3.92,No Promotion,0.0,Web,PromptPay,4,2738.76,0.05,547.75,10407.31,4,23,3,5,1,0
LGS1ORD0000759,C001190,2025-03-02 01:00:00,Female,35,Gold,Lazada,Remote_Area,624,Fashion,UrbanWear,False,3.48,No Promotion,0.0,TV_Show,Credit_Card,1,714.12,0.08,57.13,656.99,3,1,3,6,1,0
LGS1ORD0000760,C000301,2025-03-02 03:00:00,Male,31,Silver,TV,Khon Kaen,1354,Fashion,UrbanWear,True,3.71,Campaign,0.05,CallCenter,Credit_Card,1,671.41,0.1,67.14,604.27,4,3,3,6,1,0
LGS1ORD0000761,C000007,2025-03-02 05:00:00,Male,27,Gold,CallCenter,Phuket,1250,Cosmetics,SunSafe,False,4.25,Campaign,0.05,Lazada,COD,1,1415.37,0.13,184.0,1231.37,4,5,3,6,1,0
LGS1ORD0000762,C000494,2025-03-02 07:00:00,Female,65,Bronze,Lazada,Bangkok,456,Cosmetics,SunSafe,True,3.66,Campaign,0.05,Shopee,COD,1,1274.78,0.08,101.98,1172.8,3,7,3,6,1,0
LGS1ORD0000763,C000762,2025-03-02 09:00:00,Male,51,Platinum,Shopee,Bangkok,1202,Cosmetics,SunSafe,False,4.31,Campaign,0.05,TV_Show,COD,2,474.5,0.15,142.35,806.66,1,9,3,6,1,0
LGS1ORD0000764,C000369,2025-03-02 10:00:00,Male,47,Silver,Lazada,Bangkok,1382,Health,WellPlus,False,4.32,Campaign,0.05,Web,Bank_Transfer,2,3271.58,0.1,654.32,5888.85,1,10,3,6,1,0
LGS1ORD0000765,C000022,2025-03-02 12:00:00,Male,45,Silver,Web,Phuket,1479,Home_Appliance,PureAir,True,4.2,No Promotion,0.0,Web,PromptPay,1,6698.07,0.05,334.9,6363.17,5,12,3,6,1,0
LGS1ORD0000766,C000879,2025-03-02 14:00:00,Male,30,Bronze,TV,Phuket,596,Fashion,FitStyle,False,3.59,Campaign,0.1,Web,COD,1,464.61,0.13,60.4,404.21,4,14,3,6,1,1
LGS1ORD0000767,C000693,2025-03-02 16:00:00,Female,18,Gold,Web,Bangkok,939,Health,VitaLife,False,4.19,Campaign,0.05,Shopee,COD,1,3516.26,0.13,457.11,3059.14,5,16,3,6,1,0
LGS1ORD0000768,C000098,2025-03-02 18:00:00,Female,49,Silver,TV,Phuket,1357,Kitchen,CookEasy,True,4.04,Campaign,0.05,Shopee,Credit_Card,2,4772.67,0.1,954.53,8590.81,1,18,3,6,1,1
LGS1ORD0000769,C000753,2025-03-02 20:00:00,Female,47,Gold,TV,Songkhla,266,Cosmetics,FreshLook,False,3.89,Campaign,0.1,TV_Show,COD,1,409.47,0.18,73.7,335.77,3,20,3,6,1,0
LGS1ORD0000770,C000819,2025-03-02 22:00:00,Male,36,Silver,TV,Remote_Area,1257,Home_Appliance,HomePro,True,4.07,No Promotion,0.0,TV_Show,Credit_Card,1,1248.48,0.05,62.42,1186.05,4,22,3,6,1,0
LGS1ORD0000771,C000921,2025-03-03 00:00:00,Female,61,Bronze,TV,Remote_Area,790,Electronics,NovaTech,False,3.38,Clearance,0.2,Web,COD,1,9003.98,0.23,2070.92,6933.07,5,0,3,0,0,1
LGS1ORD0000772,C000951,2025-03-03 02:00:00,Female,60,Silver,TV,Chonburi,827,Fashion,FitStyle,False,3.91,No Promotion,0.0,Web,Credit_Card,2,1410.12,0.05,141.01,2679.23,1,2,3,0,0,1
LGS1ORD0000773,C000062,2025-03-03 04:00:00,Female,35,Silver,Web,Bangkok,1234,Electronics,GadgetWorld,False,3.86,Campaign,0.05,Web,COD,1,4458.21,0.1,445.82,4012.39,1,4,3,0,0,0
LGS1ORD0000774,C000971,2025-03-03 05:00:00,Male,40,Bronze,Web,Chonburi,309,Electronics,ShieldCase,True,4.04,Campaign,0.15,Shopee,COD,1,11478.73,0.18,2066.17,9412.56,4,5,3,0,0,0
LGS1ORD0000775,C000115,2025-03-03 07:00:00,Male,47,Bronze,Shopee,Khon Kaen,546,Kitchen,CookEasy,False,4.09,Campaign,0.05,Shopee,COD,1,4999.61,0.08,399.97,4599.64,1,7,3,0,0,0
LGS1ORD0000776,C001130,2025-03-03 09:00:00,Male,37,Bronze,TV,Bangkok,1476,Health,VitaLife,False,4.36,Campaign,0.1,CallCenter,COD,1,338.83,0.13,44.05,294.78,1,9,3,0,0,0
LGS1ORD0000777,C000641,2025-03-03 11:00:00,Male,57,Bronze,TV,Chonburi,157,Kitchen,ChefHome,False,3.83,No Promotion,0.0,Web,Credit_Card,2,2364.78,0.03,141.89,4587.66,3,11,3,0,0,0
LGS1ORD0000778,C000993,2025-03-03 13:00:00,Male,42,Silver,Lazada,Chiang Mai,1355,Kitchen,ChefHome,False,3.68,Campaign,0.15,TV_Show,COD,1,3100.93,0.2,620.19,2480.75,1,13,3,0,0,0
LGS1ORD0000779,C000277,2025-03-03 15:00:00,Male,44,Bronze,Shopee,Bangkok,982,Fashion,UrbanWear,False,3.48,Campaign,0.15,TV_Show,COD,1,773.52,0.18,139.23,634.28,3,15,3,0,0,0
LGS1ORD0000780,C000323,2025-03-03 17:00:00,Female,43,Silver,Shopee,Khon Kaen,1262,Health,WellPlus,False,4.14,Campaign,0.1,CallCenter,PromptPay,2,740.49,0.15,222.15,1258.83,4,17,3,0,0,0
LGS1ORD0000781,C000156,2025-03-03 19:00:00,Male,50,Silver,Web,Nakhon Ratchasima,683,Fashion,UrbanWear,False,3.51,Campaign,0.1,Shopee,PromptPay,1,451.79,0.15,67.77,384.02,5,19,3,0,0,0
LGS1ORD0000782,C000515,2025-03-03 21:00:00,Male,34,Bronze,Shopee,Chonburi,1280,Home_Appliance,PureAir,False,4.16,Campaign,0.15,TV_Show,Credit_Card,2,9217.56,0.18,3318.32,15116.79,3,21,3,0,0,0
LGS1ORD0000783,C000722,2025-03-03 23:00:00,Male,40,Bronze,TV,Songkhla,744,Kitchen,KitchenMax,True,4.54,No Promotion,0.0,Shopee,PromptPay,3,5828.67,0.03,524.58,16961.44,4,23,3,0,0,0
LGS1ORD0000784,C000460,2025-03-04 00:00:00,Male,34,Bronze,Lazada,Chonburi,662,Fashion,SilkTouch,False,3.9,Campaign,0.15,Shopee,COD,1,643.32,0.18,115.8,527.52,3,0,3,1,0,1
LGS1ORD0000785,C000398,2025-03-04 02:00:00,Female,43,Silver,TV,Phuket,521,Cosmetics,SunSafe,False,4.06,Clearance,0.25,CallCenter,COD,2,657.39,0.3,394.43,920.34,5,2,3,1,0,0
LGS1ORD0000786,C000168,2025-03-04 04:00:00,Female,32,Gold,Web,Chiang Mai,364,Health,WellPlus,True,4.28,No Promotion,0.0,TV_Show,Credit_Card,1,1440.44,0.08,115.24,1325.2,5,4,3,1,0,0
LGS1ORD0000787,C000301,2025-03-04 06:00:00,Male,31,Silver,TV,Khon Kaen,1356,Fashion,UrbanWear,False,3.72,Clearance,0.2,TV_Show,COD,2,2439.28,0.25,1219.64,3658.92,3,6,3,1,0,0
LGS1ORD0000788,C000327,2025-03-04 08:00:00,Male,43,Silver,Lazada,Bangkok,1218,Cosmetics,Beauty Lab,False,4.03,Campaign,0.1,Shopee,COD,1,1672.89,0.15,250.93,1421.96,4,8,3,1,0,0
LGS1ORD0000789,C001149,2025-03-04 10:00:00,Female,44,Bronze,Web,Khon Kaen,938,Fashion,UrbanWear,False,3.6,No Promotion,0.0,Shopee,COD,4,2227.59,0.03,267.31,8643.06,4,10,3,1,0,0
LGS1ORD0000790,C000625,2025-03-04 12:00:00,Male,54,Gold,TV,Phuket,147,Fashion,UrbanWear,True,3.78,Campaign,0.05,Shopee,PromptPay,2,1628.18,0.13,423.33,2833.03,3,12,3,1,0,0
LGS1ORD0000791,C000209,2025-03-04 14:00:00,Female,32,Bronze,CallCenter,Nakhon Ratchasima,459,Cosmetics,FreshLook,False,4.0,No Promotion,0.0,Web,COD,1,2170.67,0.03,65.12,2105.55,5,14,3,1,0,0
LGS1ORD0000792,C000771,2025-03-04 16:00:00,Female,51,Silver,Shopee,Bangkok,607,Home_Appliance,CleanMate,True,4.32,Campaign,0.15,CallCenter,Bank_Transfer,1,3841.73,0.2,768.35,3073.39,3,16,3,1,0,0
LGS1ORD0000793,C000575,2025-03-04 18:00:00,Female,27,Bronze,TV,Chonburi,215,Electronics,ShieldCase,False,3.9,No Promotion,0.0,TV_Show,Credit_Card,1,2131.84,0.03,63.96,2067.88,4,18,3,1,0,1
LGS1ORD0000794,C000372,2025-03-04 19:00:00,Female,18,Gold,Web,Bangkok,1298,Electronics,ShieldCase,False,3.84,Campaign,0.05,Shopee,COD,1,1098.35,0.13,142.79,955.56,1,19,3,1,0,0
LGS1ORD0000795,C000681,2025-03-04 21:00:00,Male,42,Platinum,TV,Songkhla,1068,Electronics,NovaTech,True,4.02,Clearance,0.2,TV_Show,COD,2,10969.12,0.3,6581.47,15356.77,3,21,3,1,0,0
LGS1ORD0000796,C001130,2025-03-04 23:00:00,Male,37,Bronze,TV,Bangkok,1477,Kitchen,CookEasy,False,3.92,No Promotion,0.0,CallCenter,COD,1,3142.58,0.03,94.28,3048.31,1,23,3,1,0,0
LGS1ORD0000797,C000692,2025-03-05 01:00:00,Female,58,Bronze,TV,Chonburi,801,Home_Appliance,PureAir,True,4.21,Campaign,0.15,CallCenter,COD,1,13594.52,0.18,2447.01,11147.51,5,1,3,2,0,1
LGS1ORD0000798,C000886,2025-03-05 03:00:00,Male,45,Gold,TV,Chiang Mai,505,Electronics,NovaTech,False,3.38,Campaign,0.05,CallCenter,PromptPay,1,8633.45,0.13,1122.35,7511.1,3,3,3,2,0,0
LGS1ORD0000799,C000534,2025-03-05 05:00:00,Female,43,Bronze,CallCenter,Chiang Mai,1486,Home_Appliance,PureAir,False,4.15,Clearance,0.2,Lazada,Bank_Transfer,2,7246.33,0.23,3333.31,11159.35,5,5,3,2,0,0
LGS1ORD0000800,C000964,2025-03-05 07:00:00,Male,21,Bronze,TV,Chiang Mai,160,Electronics,NovaTech,False,4.12,Campaign,0.15,TV_Show,Credit_Card,1,10394.76,0.18,1871.06,8523.7,1,7,3,2,0,0
LGS1ORD0000801,C000434,2025-03-05 09:00:00,Male,47,Silver,Shopee,Khon Kaen,400,Kitchen,ChefHome,False,3.68,Campaign,0.1,Shopee,Credit_Card,3,3369.77,0.15,1516.4,8592.91,3,9,3,2,0,0
LGS1ORD0000802,C000248,2025-03-05 11:00:00,Male,57,Gold,TV,Remote_Area,748,Home_Appliance,CleanMate,False,3.81,No Promotion,0.0,Web,COD,1,6010.07,0.08,480.81,5529.26,1,11,3,2,0,0
LGS1ORD0000803,C000437,2025-03-05 13:00:00,Female,44,Bronze,CallCenter,Khon Kaen,1287,Fashion,SilkTouch,False,3.75,Campaign,0.15,Shopee,PromptPay,3,1456.81,0.18,786.68,3583.75,1,13,3,2,0,0
LGS1ORD0000804,C000236,2025-03-05 14:00:00,Male,53,Gold,Lazada,Bangkok,1054,Fashion,UrbanWear,False,3.45,No Promotion,0.0,TV_Show,Bank_Transfer,1,1222.73,0.08,97.82,1124.91,1,14,3,2,0,0
LGS1ORD0000805,C001049,2025-03-05 16:00:00,Male,53,Bronze,Shopee,Remote_Area,511,Fashion,FitStyle,False,3.7,No Promotion,0.0,Web,Bank_Transfer,2,2226.81,0.03,133.61,4320.02,3,16,3,2,0,0
LGS1ORD0000806,C000712,2025-03-05 18:00:00,Female,37,Bronze,Web,Songkhla,1384,Fashion,SilkTouch,False,3.86,Campaign,0.05,Shopee,PromptPay,1,528.04,0.08,42.24,485.8,4,18,3,2,0,0
LGS1ORD0000807,C001007,2025-03-05 20:00:00,Female,52,Silver,CallCenter,Nakhon Ratchasima,189,Fashion,FitStyle,False,3.7,No Promotion,0.0,Web,Credit_Card,2,560.99,0.05,56.1,1065.88,3,20,3,2,0,1
LGS1ORD0000808,C000287,2025-03-05 22:00:00,Female,50,Gold,Web,Khon Kaen,581,Home_Appliance,HomePro,True,4.16,Campaign,0.1,TV_Show,COD,1,8785.98,0.18,1581.48,7204.5,3,22,3,2,0,0
LGS1ORD0000809,C000137,2025-03-06 00:00:00,Male,50,Bronze,Web,Songkhla,1308,Fashion,UrbanWear,True,3.71,Clearance,0.2,TV_Show,COD,1,672.08,0.23,154.58,517.5,3,0,3,3,0,1
LGS1ORD0000810,C000131,2025-03-06 02:00:00,Male,51,Bronze,TV,Bangkok,940,Home_Appliance,PureAir,False,4.02,Campaign,0.05,CallCenter,COD,2,13252.87,0.08,2120.46,24385.28,5,2,3,3,0,0
LGS1ORD0000811,C001074,2025-03-06 04:00:00,Female,30,Bronze,Web,Bangkok,453,Kitchen,CookEasy,True,4.04,Campaign,0.1,CallCenter,COD,2,5004.54,0.13,1301.18,8707.9,1,4,3,3,0,0
LGS1ORD0000812,C000086,2025-03-06 06:00:00,Male,63,Bronze,TV,Phuket,1421,Cosmetics,FreshLook,False,3.95,Campaign,0.15,Shopee,COD,1,1515.31,0.18,272.76,1242.55,1,6,3,3,0,0
LGS1ORD0000813,C000801,2025-03-06 08:00:00,Female,41,Bronze,CallCenter,Phuket,234,Electronics,ShieldCase,False,3.77,No Promotion,0.0,Shopee,COD,1,2589.11,0.03,77.67,2511.44,5,8,3,3,0,0
LGS1ORD0000814,C001028,2025-03-06 09:00:00,Female,41,Gold,Web,Remote_Area,1393,Electronics,NovaTech,False,4.0,Clearance,0.2,TV_Show,Bank_Transfer,1,7790.62,0.28,2181.37,5609.25,1,9,3,3,0,0
LGS1ORD0000815,C001080,2025-03-06 11:00:00,Male,40,Gold,Lazada,Bangkok,1069,Fashion,SilkTouch,False,3.77,Clearance,0.25,Lazada,Credit_Card,1,1031.18,0.33,340.29,690.89,5,11,3,3,0,0
LGS1ORD0000816,C000557,2025-03-06 13:00:00,Female,23,Bronze,Shopee,Bangkok,955,Cosmetics,FreshLook,False,4.14,Campaign,0.05,Shopee,COD,1,1392.41,0.08,111.39,1281.02,1,13,3,3,0,0
LGS1ORD0000817,C000831,2025-03-06 15:00:00,Male,60,Bronze,TV,Bangkok,965,Kitchen,ChefHome,True,3.95,Clearance,0.25,Lazada,Bank_Transfer,1,1214.38,0.28,340.03,874.36,4,15,3,3,0,1
LGS1ORD0000818,C001170,2025-03-06 17:00:00,Male,44,Bronze,Web,Chiang Mai,1258,Kitchen,CookEasy,False,3.98,Campaign,0.15,Web,COD,1,763.25,0.18,137.39,625.87,4,17,3,3,0,0
LGS1ORD0000819,C000317,2025-03-06 19:00:00,Female,40,Bronze,TV,Bangkok,1311,Fashion,SilkTouch,False,3.43,No Promotion,0.0,Web,COD,1,1197.26,0.03,35.92,1161.35,5,19,3,3,0,0
LGS1ORD0000820,C000849,2025-03-06 21:00:00,Female,53,Bronze,TV,Bangkok,443,Fashion,UrbanWear,False,3.22,Campaign,0.15,Web,PromptPay,1,839.49,0.18,151.11,688.38,3,21,3,3,0,0
LGS1ORD0000821,C000047,2025-03-06 23:00:00,Male,30,Silver,Web,Songkhla,1336,Electronics,GadgetWorld,False,3.71,No Promotion,0.0,Web,PromptPay,1,7536.67,0.05,376.83,7159.83,1,23,3,3,0,0
LGS1ORD0000822,C000863,2025-03-07 01:00:00,Female,32,Gold,Web,Khon Kaen,311,Cosmetics,SunSafe,False,4.47,Campaign,0.1,CallCenter,COD,2,1223.42,0.18,440.43,2006.41,1,1,3,4,0,0
LGS1ORD0000823,C000540,2025-03-07 03:00:00,Female,37,Bronze,Web,Bangkok,1379,Fashion,UrbanWear,False,3.29,Campaign,0.15,TV_Show,Credit_Card,2,976.94,0.18,351.7,1602.18,3,3,3,4,0,1
LGS1ORD0000824,C000286,2025-03-07 05:00:00,Female,48,Silver,Web,Chonburi,143,Cosmetics,Beauty Lab,False,3.76,Clearance,0.2,Web,PromptPay,1,1656.33,0.25,414.08,1242.25,1,5,3,4,0,0
LGS1ORD0000825,C000146,2025-03-07 06:00:00,Female,53,Silver,TV,Remote_Area,289,Health,MediCare,False,4.35,Campaign,0.05,Lazada,Bank_Transfer,1,3732.06,0.1,373.21,3358.86,1,6,3,4,0,0
LGS1ORD0000826,C000665,2025-03-07 08:00:00,Male,39,Silver,TV,Khon Kaen,682,Home_Appliance,CleanMate,True,4.06,No Promotion,0.0,CallCenter,COD,2,5304.57,0.05,530.46,10078.68,1,8,3,4,0,0
LGS1ORD0000827,C000619,2025-03-07 10:00:00,Female,70,Bronze,TV,Nakhon Ratchasima,1046,Electronics,ShieldCase,True,3.63,Campaign,0.05,Lazada,COD,2,3461.28,0.08,553.8,6368.75,1,10,3,4,0,1
LGS1ORD0000828,C001187,2025-03-07 12:00:00,Male,58,Bronze,Shopee,Chiang Mai,943,Home_Appliance,PureAir,False,3.58,Clearance,0.2,Shopee,COD,1,8378.92,0.23,1927.15,6451.77,5,12,3,4,0,1
LGS1ORD0000829,C000728,2025-03-07 14:00:00,Female,35,Bronze,TV,Chiang Mai,1296,Health,MediCare,False,4.39,No Promotion,0.0,Web,COD,1,4161.59,0.03,124.85,4036.74,5,14,3,4,0,0
LGS1ORD0000830,C000475,2025-03-07 16:00:00,Female,48,Silver,Shopee,Bangkok,1252,Fashion,UrbanWear,False,3.82,Campaign,0.15,TV_Show,COD,1,686.61,0.2,137.32,549.29,3,16,3,4,0,0
LGS1ORD0000831,C000292,2025-03-07 18:00:00,Female,55,Gold,Web,Khon Kaen,1177,Home_Appliance,HomePro,True,3.76,Campaign,0.05,Lazada,COD,2,12381.82,0.13,3219.27,21544.37,1,18,3,4,0,0
LGS1ORD0000832,C000019,2025-03-07 20:00:00,Male,61,Platinum,TV,Phuket,1218,Fashion,SilkTouch,False,3.65,Campaign,0.15,TV_Show,Credit_Card,4,1994.71,0.25,1994.71,5984.12,3,20,3,4,0,0
LGS1ORD0000833,C000442,2025-03-07 22:00:00,Male,51,Bronze,Shopee,Bangkok,726,Fashion,SilkTouch,True,3.4,No Promotion,0.0,Lazada,COD,1,1604.31,0.03,48.13,1556.18,1,22,3,4,0,1
LGS1ORD0000834,C000448,2025-03-08 00:00:00,Female,35,Silver,Shopee,Nakhon Ratchasima,821,Electronics,NovaTech,True,3.94,Clearance,0.2,TV_Show,Credit_Card,2,1070.22,0.25,535.11,1605.33,3,0,3,5,1,0
LGS1ORD0000835,C000109,2025-03-08 01:00:00,Male,22,Bronze,CallCenter,Bangkok,1357,Electronics,GadgetWorld,False,3.78,Campaign,0.05,Shopee,PromptPay,1,5160.95,0.08,412.88,4748.07,1,1,3,5,1,0
LGS1ORD0000836,C000744,2025-03-08 03:00:00,Female,52,Gold,TV,Remote_Area,1084,Cosmetics,FreshLook,False,4.14,Campaign,0.05,Shopee,PromptPay,2,1522.1,0.13,395.75,2648.45,5,3,3,5,1,0
LGS1ORD0000837,C000724,2025-03-08 05:00:00,Female,72,Silver,Lazada,Nakhon Ratchasima,683,Fashion,FitStyle,True,3.85,Campaign,0.1,Lazada,Credit_Card,1,1174.88,0.15,176.23,998.65,3,5,3,5,1,0
LGS1ORD0000838,C001067,2025-03-08 07:00:00,Female,56,Bronze,Web,Nakhon Ratchasima,1014,Electronics,NovaTech,False,3.7,No Promotion,0.0,CallCenter,Credit_Card,1,6693.18,0.03,200.8,6492.38,3,7,3,5,1,0
LGS1ORD0000839,C000077,2025-03-08 09:00:00,Male,53,Bronze,Web,Nakhon Ratchasima,529,Home_Appliance,PureAir,True,4.2,Campaign,0.05,TV_Show,COD,1,10768.41,0.08,861.47,9906.94,1,9,3,5,1,0
LGS1ORD0000840,C000846,2025-03-08 11:00:00,Male,56,Silver,Lazada,Songkhla,911,Fashion,UrbanWear,False,3.45,Clearance,0.25,Lazada,Credit_Card,2,946.02,0.3,567.61,1324.42,3,11,3,5,1,1
LGS1ORD0000841,C000786,2025-03-08 13:00:00,Female,61,Bronze,CallCenter,Chiang Mai,1318,Cosmetics,FreshLook,False,4.0,No Promotion,0.0,Lazada,COD,2,2308.3,0.03,138.5,4478.09,5,13,3,5,1,0
LGS1ORD0000842,C001038,2025-03-08 15:00:00,Female,26,Bronze,Web,Chonburi,95,Electronics,ShieldCase,False,3.8,Campaign,0.1,TV_Show,COD,2,6551.68,0.13,1703.44,11399.92,1,15,3,5,1,0
LGS1ORD0000843,C000265,2025-03-08 17:00:00,Female,71,Gold,TV,Bangkok,380,Home_Appliance,CleanMate,True,4.24,No Promotion,0.0,Shopee,COD,1,7149.12,0.08,571.93,6577.19,4,17,3,5,1,0
LGS1ORD0000844,C000173,2025-03-08 19:00:00,Male,49,Bronze,Web,Chiang Mai,576,Fashion,FitStyle,False,3.59,Campaign,0.15,CallCenter,COD,1,437.7,0.18,78.79,358.92,5,19,3,5,1,1
LGS1ORD0000845,C000983,2025-03-08 20:00:00,Female,45,Bronze,Web,Remote_Area,392,Electronics,NovaTech,False,3.68,Campaign,0.05,Web,Credit_Card,1,4513.5,0.08,361.08,4152.42,5,20,3,5,1,0
LGS1ORD0000846,C000476,2025-03-08 22:00:00,Male,47,Bronze,TV,Remote_Area,289,Fashion,SilkTouch,False,3.5,Clearance,0.25,Lazada,Credit_Card,1,1940.29,0.28,543.28,1397.01,4,22,3,5,1,1
LGS1ORD0000847,C000698,2025-03-09 00:00:00,Female,47,Gold,TV,Chonburi,395,Cosmetics,FreshLook,False,4.26,Campaign,0.1,Lazada,COD,2,2094.38,0.18,753.98,3434.78,5,0,3,6,1,0
LGS1ORD0000848,C000300,2025-03-09 02:00:00,Female,43,Bronze,TV,Remote_Area,1197,Kitchen,CookEasy,True,3.96,Clearance,0.25,CallCenter,PromptPay,2,2969.29,0.28,1662.8,4275.78,3,2,3,6,1,1
LGS1ORD0000849,C000637,2025-03-09 04:00:00,Female,57,Bronze,Lazada,Nakhon Ratchasima,611,Electronics,NovaTech,False,4.0,Campaign,0.15,Web,COD,1,8714.48,0.18,1568.61,7145.87,1,4,3,6,1,1
LGS1ORD0000850,C000007,2025-03-09 06:00:00,Male,27,Gold,CallCenter,Phuket,1257,Electronics,ShieldCase,True,3.86,Campaign,0.05,Web,Credit_Card,1,4115.53,0.13,535.02,3580.51,3,6,3,6,1,0
LGS1ORD0000851,C000229,2025-03-09 08:00:00,Female,27,Silver,Web,Chonburi,1370,Electronics,ShieldCase,False,3.9,Campaign,0.05,CallCenter,COD,2,2008.79,0.1,401.76,3615.82,1,8,3,6,1,0
LGS1ORD0000852,C000912,2025-03-09 10:00:00,Male,30,Silver,Web,Bangkok,81,Home_Appliance,HomePro,False,3.71,Campaign,0.05,Web,COD,3,7292.6,0.1,2187.78,19690.02,4,10,3,6,1,1
LGS1ORD0000853,C000628,2025-03-09 12:00:00,Male,43,Bronze,CallCenter,Bangkok,871,Home_Appliance,CleanMate,True,3.91,Campaign,0.15,Web,Bank_Transfer,1,8591.12,0.18,1546.4,7044.72,4,12,3,6,1,0
LGS1ORD0000854,C001095,2025-03-09 14:00:00,Female,46,Bronze,Web,Chiang Mai,1134,Kitchen,ChefHome,False,4.15,Clearance,0.25,Shopee,COD,2,4568.41,0.28,2558.31,6578.51,3,14,3,6,1,0
LGS1ORD0000855,C000196,2025-03-09 15:00:00,Male,25,Silver,Lazada,Bangkok,1176,Health,VitaLife,False,3.95,No Promotion,0.0,Web,PromptPay,1,1932.08,0.05,96.6,1835.47,1,15,3,6,1,0
LGS1ORD0000856,C001197,2025-03-09 17:00:00,Female,30,Bronze,Web,Chiang Mai,935,Electronics,NovaTech,True,3.94,Clearance,0.25,TV_Show,COD,1,10473.06,0.28,2932.46,7540.6,3,17,3,6,1,1
LGS1ORD0000857,C000508,2025-03-09 19:00:00,Female,51,Silver,TV,Bangkok,367,Health,VitaLife,True,4.05,No Promotion,0.0,TV_Show,PromptPay,1,3744.97,0.05,187.25,3557.72,1,19,3,6,1,1
LGS1ORD0000858,C000601,2025-03-09 21:00:00,Male,30,Bronze,Web,Nakhon Ratchasima,306,Fashion,UrbanWear,True,3.77,No Promotion,0.0,Web,COD,3,1841.01,0.03,165.69,5357.35,3,21,3,6,1,0
LGS1ORD0000859,C000229,2025-03-09 23:00:00,Female,27,Silver,Web,Chonburi,1370,Fashion,UrbanWear,False,3.72,Campaign,0.15,Lazada,COD,1,2235.06,0.2,447.01,1788.05,3,23,3,6,1,1
LGS1ORD0000860,C000136,2025-03-10 01:00:00,Female,45,Bronze,Web,Khon Kaen,103,Home_Appliance,CleanMate,False,4.58,Campaign,0.05,Lazada,Bank_Transfer,3,2385.84,0.08,572.6,6584.91,5,1,3,0,0,0
LGS1ORD0000861,C001184,2025-03-10 03:00:00,Male,32,Silver,Web,Bangkok,691,Cosmetics,Beauty Lab,True,4.08,No Promotion,0.0,Lazada,Credit_Card,1,509.53,0.05,25.48,484.05,3,3,3,0,0,0
LGS1ORD0000862,C000774,2025-03-10 05:00:00,Female,43,Bronze,Web,Chiang Mai,509,Health,MediCare,False,4.24,Clearance,0.2,Web,PromptPay,1,1686.13,0.23,387.81,1298.32,5,5,3,0,0,0
LGS1ORD0000863,C000297,2025-03-10 07:00:00,Male,56,Silver,TV,Chiang Mai,1087,Cosmetics,SunSafe,False,3.75,No Promotion,0.0,Web,PromptPay,3,2124.69,0.05,318.7,6055.37,4,7,3,0,0,0
LGS1ORD0000864,C001161,2025-03-10 09:00:00,Male,39,Bronze,TV,Chiang Mai,1260,Electronics,NovaTech,False,3.81,Clearance,0.2,Shopee,COD,1,10486.7,0.23,2411.94,8074.76,3,9,3,0,0,1
LGS1ORD0000865,C001108,2025-03-10 10:00:00,Male,64,Silver,Shopee,Remote_Area,1363,Fashion,FitStyle,True,3.85,Clearance,0.25,Web,Credit_Card,1,1165.82,0.3,349.75,816.08,5,10,3,0,0,0
LGS1ORD0000866,C000233,2025-03-10 12:00:00,Female,50,Silver,Web,Remote_Area,1224,Kitchen,ChefHome,False,4.34,Campaign,0.15,TV_Show,PromptPay,1,2583.77,0.2,516.75,2067.01,5,12,3,0,0,0
LGS1ORD0000867,C000242,2025-03-10 14:00:00,Male,29,Gold,Web,Khon Kaen,694,Electronics,NovaTech,True,3.46,Clearance,0.25,CallCenter,COD,2,7319.39,0.33,4830.8,9807.98,3,14,3,0,0,1
LGS1ORD0000868,C000034,2025-03-10 16:00:00,Female,38,Bronze,Web,Khon Kaen,506,Health,MediCare,False,4.15,Clearance,0.25,Shopee,COD,1,4447.11,0.28,1245.19,3201.92,3,16,3,0,0,0
LGS1ORD0000869,C000909,2025-03-10 18:00:00,Male,43,Gold,Shopee,Chonburi,1340,Electronics,NovaTech,False,3.38,Clearance,0.2,Web,COD,3,8315.81,0.28,6985.28,17962.16,4,18,3,0,0,1
LGS1ORD0000870,C000287,2025-03-10 20:00:00,Female,50,Gold,Web,Khon Kaen,586,Electronics,NovaTech,False,3.92,Clearance,0.2,Web,PromptPay,2,9724.98,0.28,5445.99,14003.97,3,20,3,0,0,0
LGS1ORD0000871,C000188,2025-03-10 22:00:00,Male,57,Bronze,TV,Chonburi,1083,Cosmetics,Beauty Lab,False,3.79,Campaign,0.15,CallCenter,COD,2,1533.19,0.18,551.95,2514.43,1,22,3,0,0,1
LGS1ORD0000872,C000169,2025-03-11 00:00:00,Male,42,Bronze,Web,Chiang Mai,1250,Cosmetics,SunSafe,True,3.96,Campaign,0.15,Web,Credit_Card,2,275.5,0.18,99.18,451.82,1,0,3,1,0,0
LGS1ORD0000873,C000070,2025-03-11 02:00:00,Female,53,Gold,TV,Nakhon Ratchasima,1187,Fashion,SilkTouch,False,3.5,Clearance,0.25,Lazada,Bank_Transfer,2,1934.03,0.33,1276.46,2591.59,3,2,3,1,0,0
LGS1ORD0000874,C000042,2025-03-11 04:00:00,Female,54,Silver,CallCenter,Songkhla,1343,Kitchen,ChefHome,True,3.63,Clearance,0.2,Lazada,COD,1,347.52,0.25,86.88,260.64,5,4,3,1,0,1
LGS1ORD0000875,C001013,2025-03-11 05:00:00,Female,42,Silver,Lazada,Chonburi,240,Home_Appliance,HomePro,True,3.73,No Promotion,0.0,Shopee,Credit_Card,2,9834.63,0.05,983.46,18685.8,1,5,3,1,0,0
LGS1ORD0000876,C000002,2025-03-11 07:00:00,Male,44,Bronze,TV,Songkhla,350,Cosmetics,SunSafe,False,4.31,Campaign,0.1,Shopee,COD,1,462.3,0.13,60.1,402.2,1,7,3,1,0,0
LGS1ORD0000877,C001168,2025-03-11 09:00:00,Male,55,Silver,Shopee,Chonburi,854,Fashion,FitStyle,False,3.41,No Promotion,0.0,Shopee,COD,1,929.17,0.05,46.46,882.71,5,9,3,1,0,0
LGS1ORD0000878,C000396,2025-03-11 11:00:00,Male,66,Silver,Web,Remote_Area,1196,Cosmetics,Beauty Lab,False,4.21,No Promotion,0.0,Web,Credit_Card,1,2088.05,0.05,104.4,1983.65,5,11,3,1,0,0
LGS1ORD0000879,C000446,2025-03-11 13:00:00,Male,49,Bronze,Web,Nakhon Ratchasima,850,Cosmetics,SunSafe,False,4.17,No Promotion,0.0,Lazada,COD,1,1835.49,0.03,55.06,1780.42,1,13,3,1,0,0
LGS1ORD0000880,C000376,2025-03-11 15:00:00,Female,41,Bronze,TV,Bangkok,1521,Health,MediCare,False,4.77,Clearance,0.25,CallCenter,COD,3,237.86,0.28,199.8,513.77,3,15,3,1,0,1
LGS1ORD0000881,C000825,2025-03-11 17:00:00,Male,38,Silver,Shopee,Khon Kaen,344,Electronics,GadgetWorld,True,4.0,Campaign,0.05,Web,Bank_Transfer,2,2603.81,0.1,520.76,4686.86,4,17,3,1,0,1
LGS1ORD0000882,C000684,2025-03-11 19:00:00,Female,48,Platinum,Lazada,Chonburi,1202,Fashion,FitStyle,False,3.48,Campaign,0.15,Shopee,COD,1,1892.05,0.25,473.01,1419.03,1,19,3,1,0,1
LGS1ORD0000883,C000486,2025-03-11 21:00:00,Male,45,Gold,Web,Chonburi,1448,Electronics,ShieldCase,False,3.96,Clearance,0.2,TV_Show,COD,1,3154.59,0.28,883.29,2271.31,3,21,3,1,0,0
LGS1ORD0000884,C000857,2025-03-11 23:00:00,Female,56,Bronze,Shopee,Songkhla,1231,Electronics,ShieldCase,False,3.64,No Promotion,0.0,Shopee,COD,1,1169.15,0.03,35.07,1134.07,1,23,3,1,0,1
LGS1ORD0000885,C001181,2025-03-12 00:00:00,Female,43,Silver,Web,Chiang Mai,519,Fashion,FitStyle,False,3.44,Campaign,0.1,TV_Show,Credit_Card,1,827.0,0.15,124.05,702.95,4,0,3,2,0,0
LGS1ORD0000886,C000842,2025-03-12 02:00:00,Female,35,Silver,TV,Khon Kaen,391,Electronics,ShieldCase,True,3.43,Clearance,0.2,TV_Show,COD,2,5234.12,0.25,2617.06,7851.18,4,2,3,2,0,1
LGS1ORD0000887,C000952,2025-03-12 04:00:00,Female,30,Bronze,TV,Bangkok,329,Cosmetics,Beauty Lab,False,3.79,Campaign,0.1,Shopee,COD,1,1490.82,0.13,193.81,1297.01,1,4,3,2,0,1
LGS1ORD0000888,C000885,2025-03-12 06:00:00,Male,38,Bronze,Shopee,Remote_Area,616,Kitchen,KitchenMax,True,4.1,Campaign,0.05,CallCenter,COD,2,2799.7,0.08,447.95,5151.45,3,6,3,2,0,0
LGS1ORD0000889,C000955,2025-03-12 08:00:00,Female,65,Silver,TV,Nakhon Ratchasima,1114,Electronics,ShieldCase,True,3.63,No Promotion,0.0,Web,Credit_Card,1,3268.2,0.05,163.41,3104.79,5,8,3,2,0,0
LGS1ORD0000890,C000135,2025-03-12 10:00:00,Female,58,Bronze,Web,Remote_Area,1106,Home_Appliance,PureAir,True,3.92,Clearance,0.2,Shopee,COD,1,3693.92,0.23,849.6,2844.32,5,10,3,2,0,1
LGS1ORD0000891,C000566,2025-03-12 12:00:00,Female,50,Silver,CallCenter,Chiang Mai,763,Home_Appliance,PureAir,True,4.0,No Promotion,0.0,CallCenter,COD,1,14657.43,0.05,732.87,13924.56,4,12,3,2,0,0
LGS1ORD0000892,C000918,2025-03-12 14:00:00,Male,59,Silver,Web,Bangkok,500,Health,MediCare,False,4.15,No Promotion,0.0,Shopee,PromptPay,1,4099.35,0.05,204.97,3894.38,4,14,3,2,0,0
LGS1ORD0000893,C000619,2025-03-12 16:00:00,Female,70,Bronze,TV,Nakhon Ratchasima,1051,Electronics,ShieldCase,False,3.9,Campaign,0.1,Lazada,COD,2,1989.61,0.13,517.3,3461.92,1,16,3,2,0,0
LGS1ORD0000894,C000722,2025-03-12 18:00:00,Male,40,Bronze,TV,Songkhla,753,Electronics,NovaTech,False,4.03,Campaign,0.05,Shopee,PromptPay,2,8840.92,0.08,1414.55,16267.3,3,18,3,2,0,0
LGS1ORD0000895,C000950,2025-03-12 19:00:00,Male,54,Gold,Web,Bangkok,1152,Cosmetics,FreshLook,False,3.94,Campaign,0.15,CallCenter,PromptPay,1,935.78,0.2299999999999999,215.23,720.55,3,19,3,2,0,1
LGS1ORD0000896,C000010,2025-03-12 21:00:00,Female,42,Bronze,Lazada,Songkhla,1356,Kitchen,CookEasy,True,3.86,Clearance,0.2,CallCenter,Credit_Card,2,1676.17,0.23,771.04,2581.31,4,21,3,2,0,1
LGS1ORD0000897,C000025,2025-03-12 23:00:00,Male,42,Gold,Lazada,Chiang Mai,1367,Kitchen,ChefHome,False,4.02,Clearance,0.2,Lazada,Bank_Transfer,1,691.93,0.28,193.74,498.19,3,23,3,2,0,0
LGS1ORD0000898,C000915,2025-03-13 01:00:00,Female,64,Bronze,TV,Phuket,326,Fashion,SilkTouch,False,3.65,No Promotion,0.0,Web,COD,3,1836.67,0.03,165.3,5344.71,5,1,3,3,0,1
LGS1ORD0000899,C001106,2025-03-13 03:00:00,Female,47,Bronze,Shopee,Bangkok,956,Cosmetics,Beauty Lab,False,3.9,Campaign,0.15,Shopee,COD,1,1655.58,0.18,298.01,1357.58,5,3,3,3,0,1
LGS1ORD0000900,C001020,2025-03-13 05:00:00,Male,23,Silver,Web,Bangkok,135,Home_Appliance,PureAir,False,4.1,Campaign,0.15,CallCenter,COD,2,12276.63,0.2,4910.65,19642.6,1,5,3,3,0,0
LGS1ORD0000901,C000686,2025-03-13 07:00:00,Female,49,Bronze,TV,Chonburi,677,Home_Appliance,CleanMate,True,4.11,No Promotion,0.0,CallCenter,PromptPay,1,8093.24,0.03,242.8,7850.44,3,7,3,3,0,0
LGS1ORD0000902,C000159,2025-03-13 09:00:00,Female,42,Bronze,CallCenter,Songkhla,1445,Kitchen,CookEasy,True,3.96,Clearance,0.25,Lazada,COD,1,3071.75,0.28,860.09,2211.66,3,9,3,3,0,1
LGS1ORD0000903,C000721,2025-03-13 11:00:00,Female,36,Bronze,Web,Remote_Area,679,Cosmetics,SunSafe,False,4.24,No Promotion,0.0,Shopee,Bank_Transfer,1,1900.45,0.03,57.01,1843.44,3,11,3,3,0,0
LGS1ORD0000904,C000463,2025-03-13 13:00:00,Male,45,Gold,Web,Songkhla,167,Kitchen,ChefHome,False,4.16,Campaign,0.15,Lazada,Bank_Transfer,1,1682.98,0.2299999999999999,387.08,1295.89,5,13,3,3,0,0
LGS1ORD0000905,C001175,2025-03-13 14:00:00,Male,49,Bronze,TV,Chiang Mai,1140,Electronics,GadgetWorld,False,3.89,Campaign,0.1,CallCenter,COD,1,3297.78,0.13,428.71,2869.07,4,14,3,3,0,0
LGS1ORD0000906,C001162,2025-03-13 16:00:00,Male,35,Bronze,CallCenter,Bangkok,915,Kitchen,KitchenMax,True,3.98,Campaign,0.05,Shopee,Credit_Card,1,2606.69,0.08,208.54,2398.16,3,16,3,3,0,0
LGS1ORD0000907,C000673,2025-03-13 18:00:00,Male,38,Gold,Shopee,Chiang Mai,340,Fashion,SilkTouch,False,3.65,Campaign,0.1,CallCenter,COD,1,1824.88,0.18,328.48,1496.4,1,18,3,3,0,0
LGS1ORD0000908,C000191,2025-03-13 20:00:00,Female,40,Bronze,Web,Phuket,1085,Electronics,NovaTech,False,3.6,Campaign,0.15,Web,Credit_Card,1,7733.44,0.18,1392.02,6341.42,1,20,3,3,0,1
LGS1ORD0000909,C000009,2025-03-13 22:00:00,Male,51,Silver,TV,Chiang Mai,791,Electronics,GadgetWorld,True,3.92,Clearance,0.25,Web,COD,1,6839.19,0.3,2051.76,4787.43,3,22,3,3,0,0
LGS1ORD0000910,C000500,2025-03-14 00:00:00,Male,47,Silver,Shopee,Bangkok,1058,Electronics,ShieldCase,False,3.82,Campaign,0.1,Lazada,Bank_Transfer,3,7107.07,0.15,3198.18,18123.02,4,0,3,4,0,0
LGS1ORD0000911,C000903,2025-03-14 02:00:00,Female,31,Silver,TV,Chiang Mai,1525,Electronics,ShieldCase,False,3.84,Campaign,0.1,Shopee,COD,1,1077.57,0.15,161.64,915.93,4,2,3,4,0,0
LGS1ORD0000912,C000461,2025-03-14 04:00:00,Male,37,Silver,TV,Khon Kaen,1049,Fashion,FitStyle,False,3.53,Clearance,0.25,Shopee,PromptPay,2,1780.32,0.3,1068.19,2492.45,1,4,3,4,0,0
LGS1ORD0000913,C000932,2025-03-14 06:00:00,Other,54,Bronze,Lazada,Chiang Mai,1079,Electronics,ShieldCase,False,3.82,Campaign,0.15,Lazada,COD,1,7555.62,0.18,1360.01,6195.61,4,6,3,4,0,1
LGS1ORD0000914,C000411,2025-03-14 08:00:00,Female,34,Bronze,TV,Nakhon Ratchasima,800,Home_Appliance,PureAir,True,4.11,Clearance,0.2,Shopee,COD,2,3528.37,0.23,1623.05,5433.69,1,8,3,4,0,0
LGS1ORD0000915,C000455,2025-03-14 09:00:00,Male,39,Bronze,TV,Phuket,160,Cosmetics,SunSafe,False,4.47,No Promotion,0.0,Web,PromptPay,1,1107.52,0.03,33.23,1074.29,1,9,3,4,0,0
LGS1ORD0000916,C000076,2025-03-14 11:00:00,Female,65,Platinum,Web,Nakhon Ratchasima,1413,Health,MediCare,False,4.39,Campaign,0.05,TV_Show,PromptPay,2,4311.23,0.15,1293.37,7329.09,1,11,3,4,0,0
LGS1ORD0000917,C000373,2025-03-14 13:00:00,Male,35,Bronze,Lazada,Khon Kaen,141,Fashion,FitStyle,False,3.41,Clearance,0.2,Shopee,Bank_Transfer,2,952.67,0.23,438.23,1467.11,1,13,3,4,0,0
LGS1ORD0000918,C000668,2025-03-14 15:00:00,Male,42,Silver,Shopee,Phuket,1234,Electronics,GadgetWorld,False,3.89,Campaign,0.05,TV_Show,PromptPay,1,3118.57,0.1,311.86,2806.71,5,15,3,4,0,0
LGS1ORD0000919,C000412,2025-03-14 17:00:00,Female,35,Platinum,Web,Khon Kaen,739,Fashion,FitStyle,False,3.51,No Promotion,0.0,TV_Show,Bank_Transfer,2,893.54,0.1,178.71,1608.36,3,17,3,4,0,0
LGS1ORD0000920,C000932,2025-03-14 19:00:00,Other,54,Bronze,Lazada,Chiang Mai,1079,Kitchen,CookEasy,False,3.98,No Promotion,0.0,Web,Credit_Card,1,732.88,0.03,21.99,710.89,5,19,3,4,0,0
LGS1ORD0000921,C000498,2025-03-14 21:00:00,Female,50,Silver,TV,Songkhla,399,Kitchen,ChefHome,False,3.83,Campaign,0.15,Lazada,Credit_Card,2,2289.75,0.2,915.9,3663.6,4,21,3,4,0,0
LGS1ORD0000922,C001082,2025-03-14 23:00:00,Male,49,Platinum,Web,Chonburi,1018,Electronics,ShieldCase,True,3.7,Campaign,0.15,Shopee,COD,3,9752.18,0.25,7314.13,21942.4,5,23,3,4,0,0
LGS1ORD0000923,C000093,2025-03-15 01:00:00,Male,48,Bronze,Web,Remote_Area,1227,Electronics,NovaTech,True,3.94,Campaign,0.05,Web,COD,3,11431.05,0.08,2743.45,31549.7,3,1,3,5,1,0
LGS1ORD0000924,C000810,2025-03-15 03:00:00,Male,51,Bronze,TV,Songkhla,215,Health,WellPlus,False,4.32,No Promotion,0.0,Shopee,COD,2,3357.87,0.03,201.47,6514.26,5,3,3,5,1,0
LGS1ORD0000925,C000448,2025-03-15 05:00:00,Female,35,Silver,Shopee,Nakhon Ratchasima,828,Fashion,FitStyle,False,3.53,Clearance,0.25,TV_Show,PromptPay,1,1836.21,0.3,550.86,1285.35,3,5,3,5,1,1
LGS1ORD0000926,C000503,2025-03-15 06:00:00,Male,42,Gold,Lazada,Bangkok,1390,Cosmetics,SunSafe,False,4.06,Campaign,0.15,TV_Show,COD,4,627.54,0.2299999999999999,577.33,1932.81,3,6,3,5,1,0
LGS1ORD0000927,C000188,2025-03-15 08:00:00,Male,57,Bronze,TV,Chonburi,1088,Home_Appliance,CleanMate,True,4.24,Campaign,0.15,Shopee,PromptPay,1,7231.06,0.18,1301.59,5929.47,4,8,3,5,1,0
LGS1ORD0000928,C000060,2025-03-15 10:00:00,Male,42,Bronze,Shopee,Songkhla,464,Electronics,GadgetWorld,True,4.0,No Promotion,0.0,Shopee,COD,3,2693.74,0.03,242.44,7838.79,4,10,3,5,1,0
LGS1ORD0000929,C000354,2025-03-15 12:00:00,Female,35,Bronze,Lazada,Nakhon Ratchasima,538,Kitchen,CookEasy,False,4.01,No Promotion,0.0,CallCenter,Credit_Card,2,1954.5,0.03,117.27,3791.73,1,12,3,5,1,0
LGS1ORD0000930,C000977,2025-03-15 14:00:00,Female,69,Bronze,TV,Songkhla,508,Fashion,FitStyle,False,3.59,Clearance,0.25,TV_Show,COD,3,456.76,0.28,383.68,986.61,3,14,3,5,1,1
LGS1ORD0000931,C000753,2025-03-15 16:00:00,Female,47,Gold,TV,Songkhla,279,Kitchen,CookEasy,False,4.09,No Promotion,0.0,Web,COD,1,5281.6,0.08,422.53,4859.08,1,16,3,5,1,0
LGS1ORD0000932,C000158,2025-03-15 18:00:00,Female,55,Silver,Lazada,Bangkok,1387,Electronics,ShieldCase,False,3.61,Campaign,0.05,Lazada,Credit_Card,1,8812.44,0.1,881.24,7931.2,3,18,3,5,1,0
LGS1ORD0000933,C000869,2025-03-15 20:00:00,Female,46,Gold,Shopee,Bangkok,87,Health,VitaLife,True,4.31,Clearance,0.2,Web,COD,1,2788.77,0.28,780.86,2007.91,1,20,3,5,1,0
LGS1ORD0000934,C000806,2025-03-15 22:00:00,Male,51,Bronze,CallCenter,Songkhla,1277,Electronics,NovaTech,True,3.46,Campaign,0.15,Lazada,COD,1,8401.8,0.18,1512.32,6889.48,1,22,3,5,1,1
LGS1ORD0000935,C001063,2025-03-16 00:00:00,Male,58,Bronze,Shopee,Songkhla,518,Cosmetics,SunSafe,True,3.96,No Promotion,0.0,Web,COD,2,312.71,0.03,18.76,606.66,5,0,3,6,1,0
LGS1ORD0000936,C001088,2025-03-16 01:00:00,Male,44,Platinum,Lazada,Chonburi,997,Fashion,UrbanWear,False,4.16,No Promotion,0.0,Web,COD,2,1847.91,0.1,369.58,3326.23,1,1,3,6,1,0
LGS1ORD0000937,C000119,2025-03-16 03:00:00,Male,47,Bronze,TV,Songkhla,214,Electronics,ShieldCase,False,3.8,Campaign,0.05,Shopee,Credit_Card,1,6844.59,0.08,547.57,6297.02,3,3,3,6,1,0
LGS1ORD0000938,C001147,2025-03-16 05:00:00,Male,33,Platinum,TV,Chiang Mai,752,Cosmetics,Beauty Lab,False,4.03,Campaign,0.05,TV_Show,COD,1,1828.57,0.15,274.29,1554.28,1,5,3,6,1,0
LGS1ORD0000939,C000303,2025-03-16 07:00:00,Male,45,Silver,CallCenter,Bangkok,371,Fashion,UrbanWear,True,3.68,Clearance,0.2,TV_Show,Bank_Transfer,1,1896.77,0.25,474.19,1422.58,3,7,3,6,1,0
LGS1ORD0000940,C000010,2025-03-16 09:00:00,Female,42,Bronze,Lazada,Songkhla,1360,Fashion,UrbanWear,False,3.49,No Promotion,0.0,Web,Credit_Card,3,528.62,0.03,47.58,1538.29,3,9,3,6,1,1
LGS1ORD0000941,C000162,2025-03-16 11:00:00,Female,33,Gold,TV,Remote_Area,1273,Kitchen,KitchenMax,True,3.76,Campaign,0.15,Web,Credit_Card,1,3301.46,0.2299999999999999,759.34,2542.12,4,11,3,6,1,0
LGS1ORD0000942,C000861,2025-03-16 13:00:00,Female,52,Bronze,Lazada,Bangkok,1141,Electronics,GadgetWorld,False,3.57,Campaign,0.05,TV_Show,COD,1,594.85,0.08,47.59,547.26,3,13,3,6,1,1
LGS1ORD0000943,C000822,2025-03-16 15:00:00,Female,44,Silver,TV,Bangkok,1532,Cosmetics,FreshLook,False,4.05,Campaign,0.15,CallCenter,Credit_Card,1,716.61,0.2,143.32,573.29,3,15,3,6,1,1
LGS1ORD0000944,C000722,2025-03-16 17:00:00,Male,40,Bronze,TV,Songkhla,757,Home_Appliance,CleanMate,True,4.06,Campaign,0.15,Shopee,Credit_Card,2,5167.5,0.18,1860.3,8474.7,3,17,3,6,1,0
LGS1ORD0000945,C000830,2025-03-16 19:00:00,Female,56,Bronze,TV,Bangkok,332,Electronics,ShieldCase,False,3.64,Campaign,0.15,Shopee,COD,1,1084.06,0.18,195.13,888.93,4,19,3,6,1,0
LGS1ORD0000946,C000330,2025-03-16 20:00:00,Male,44,Bronze,Web,Bangkok,1499,Fashion,FitStyle,False,3.55,Campaign,0.15,Lazada,COD,1,852.01,0.18,153.36,698.65,1,20,3,6,1,1
LGS1ORD0000947,C000060,2025-03-16 22:00:00,Male,42,Bronze,Shopee,Songkhla,465,Electronics,ShieldCase,True,3.43,Campaign,0.05,Web,PromptPay,4,5637.05,0.08,1803.86,20744.34,4,22,3,6,1,0
LGS1ORD0000948,C001048,2025-03-17 00:00:00,Male,31,Silver,TV,Nakhon Ratchasima,1429,Electronics,GadgetWorld,False,3.81,Campaign,0.05,Lazada,COD,2,484.22,0.1,96.84,871.6,5,0,3,0,0,0
LGS1ORD0000949,C000186,2025-03-17 02:00:00,Male,55,Bronze,TV,Phuket,1238,Home_Appliance,CleanMate,True,3.73,Campaign,0.15,TV_Show,COD,1,2274.77,0.18,409.46,1865.31,3,2,3,0,0,1
LGS1ORD0000950,C000745,2025-03-17 04:00:00,Male,53,Silver,Shopee,Nakhon Ratchasima,1302,Home_Appliance,CleanMate,False,4.14,Campaign,0.1,CallCenter,PromptPay,1,12694.84,0.15,1904.23,10790.62,5,4,3,0,0,0
LGS1ORD0000951,C001007,2025-03-17 06:00:00,Female,52,Silver,CallCenter,Nakhon Ratchasima,201,Kitchen,KitchenMax,True,4.03,No Promotion,0.0,Lazada,COD,2,4940.76,0.05,494.08,9387.44,5,6,3,0,0,0
LGS1ORD0000952,C000587,2025-03-17 08:00:00,Female,55,Bronze,Shopee,Remote_Area,1346,Fashion,FitStyle,False,3.6,Campaign,0.05,Shopee,PromptPay,1,2656.88,0.08,212.55,2444.33,3,8,3,0,0,0
LGS1ORD0000953,C000580,2025-03-17 10:00:00,Female,51,Silver,Shopee,Phuket,885,Electronics,NovaTech,True,3.94,Campaign,0.1,Web,Credit_Card,1,11878.22,0.15,1781.73,10096.49,1,10,3,0,0,1
LGS1ORD0000954,C001182,2025-03-17 12:00:00,Female,41,Gold,CallCenter,Phuket,812,Electronics,NovaTech,False,3.77,No Promotion,0.0,TV_Show,Credit_Card,1,6042.49,0.08,483.4,5559.09,3,12,3,0,0,0
LGS1ORD0000955,C001083,2025-03-17 14:00:00,Female,51,Bronze,Lazada,Bangkok,387,Kitchen,CookEasy,True,4.04,Campaign,0.1,Shopee,PromptPay,1,4803.1,0.13,624.4,4178.7,1,14,3,0,0,0
LGS1ORD0000956,C000271,2025-03-17 15:00:00,Female,39,Bronze,Web,Phuket,1246,Fashion,UrbanWear,False,3.45,Campaign,0.15,TV_Show,PromptPay,1,1163.4,0.18,209.41,953.99,1,15,3,0,0,0
LGS1ORD0000957,C001115,2025-03-17 17:00:00,Female,32,Platinum,Web,Nakhon Ratchasima,1381,Home_Appliance,PureAir,True,3.98,Campaign,0.05,TV_Show,Credit_Card,1,14729.2,0.15,2209.38,12519.82,3,17,3,0,0,0
LGS1ORD0000958,C000242,2025-03-17 19:00:00,Male,29,Gold,Web,Khon Kaen,701,Fashion,SilkTouch,False,3.75,Clearance,0.2,TV_Show,PromptPay,3,1545.16,0.28,1297.93,3337.54,3,19,3,0,0,0
LGS1ORD0000959,C000326,2025-03-17 21:00:00,Male,45,Gold,Lazada,Khon Kaen,649,Kitchen,CookEasy,True,4.09,No Promotion,0.0,TV_Show,COD,1,4251.29,0.08,340.1,3911.18,3,21,3,0,0,1
LGS1ORD0000960,C000796,2025-03-17 23:00:00,Female,52,Gold,TV,Chiang Mai,976,Electronics,NovaTech,True,3.94,No Promotion,0.0,Web,Credit_Card,4,1049.37,0.08,335.8,3861.68,1,23,3,0,0,0
LGS1ORD0000961,C000407,2025-03-18 01:00:00,Female,19,Bronze,Shopee,Remote_Area,310,Fashion,SilkTouch,False,3.75,No Promotion,0.0,Web,COD,1,1586.21,0.03,47.59,1538.62,3,1,3,1,0,1
LGS1ORD0000962,C001019,2025-03-18 03:00:00,Female,61,Silver,Shopee,Remote_Area,642,Home_Appliance,PureAir,True,4.2,No Promotion,0.0,TV_Show,COD,2,6688.37,0.05,668.84,12707.9,1,3,3,1,0,0
LGS1ORD0000963,C000005,2025-03-18 05:00:00,Male,35,Bronze,TV,Bangkok,116,Home_Appliance,CleanMate,True,3.71,No Promotion,0.0,CallCenter,COD,1,8962.34,0.03,268.87,8693.47,3,5,3,1,0,0
LGS1ORD0000964,C000911,2025-03-18 07:00:00,Female,55,Gold,CallCenter,Bangkok,1202,Cosmetics,SunSafe,False,3.9,Campaign,0.05,Web,COD,1,2108.94,0.13,274.16,1834.78,5,7,3,1,0,0
LGS1ORD0000965,C001178,2025-03-18 09:00:00,Female,36,Bronze,Lazada,Khon Kaen,340,Fashion,UrbanWear,True,3.61,Campaign,0.05,CallCenter,Credit_Card,4,1044.93,0.08,334.38,3845.35,3,9,3,1,0,0
LGS1ORD0000966,C000475,2025-03-18 10:00:00,Female,48,Silver,Shopee,Bangkok,1263,Health,MediCare,False,3.83,No Promotion,0.0,Shopee,COD,1,3307.75,0.05,165.39,3142.37,5,10,3,1,0,0
LGS1ORD0000967,C000683,2025-03-18 12:00:00,Male,40,Bronze,Lazada,Remote_Area,676,Fashion,FitStyle,False,3.59,No Promotion,0.0,Web,Credit_Card,1,436.43,0.03,13.09,423.34,5,12,3,1,0,1
LGS1ORD0000968,C000571,2025-03-18 14:00:00,Male,27,Bronze,Lazada,Chonburi,984,Home_Appliance,CleanMate,False,3.82,Clearance,0.2,Web,PromptPay,1,2230.14,0.23,512.93,1717.2,5,14,3,1,0,0
LGS1ORD0000969,C000404,2025-03-18 16:00:00,Male,27,Bronze,TV,Remote_Area,206,Electronics,ShieldCase,False,3.8,Campaign,0.15,Lazada,Credit_Card,1,6346.18,0.18,1142.31,5203.86,3,16,3,1,0,0
LGS1ORD0000970,C001074,2025-03-18 18:00:00,Female,30,Bronze,Web,Bangkok,465,Electronics,NovaTech,True,3.94,Campaign,0.15,Shopee,Credit_Card,4,11126.38,0.18,8010.99,36494.52,1,18,3,1,0,0
LGS1ORD0000971,C000390,2025-03-18 20:00:00,Male,46,Bronze,CallCenter,Remote_Area,162,Cosmetics,FreshLook,False,3.94,Clearance,0.25,TV_Show,COD,2,442.2,0.28,247.63,636.77,5,20,3,1,0,0
LGS1ORD0000972,C000458,2025-03-18 22:00:00,Female,56,Silver,CallCenter,Remote_Area,557,Kitchen,ChefHome,False,3.68,Campaign,0.15,Web,COD,3,3434.98,0.2,2060.99,8243.94,3,22,3,1,0,1
LGS1ORD0000973,C001026,2025-03-19 00:00:00,Female,35,Silver,Lazada,Chiang Mai,688,Electronics,NovaTech,False,3.68,No Promotion,0.0,Web,COD,1,4337.91,0.05,216.9,4121.02,4,0,3,2,0,0
LGS1ORD0000974,C000361,2025-03-19 02:00:00,Female,41,Bronze,CallCenter,Phuket,134,Cosmetics,FreshLook,False,4.0,No Promotion,0.0,Lazada,COD,2,2151.96,0.03,129.12,4174.8,1,2,3,2,0,0
LGS1ORD0000975,C000903,2025-03-19 04:00:00,Female,31,Silver,TV,Chiang Mai,1530,Home_Appliance,PureAir,True,4.04,No Promotion,0.0,CallCenter,PromptPay,2,7730.94,0.05,773.09,14688.78,4,4,3,2,0,0
LGS1ORD0000976,C000136,2025-03-19 05:00:00,Female,45,Bronze,Web,Khon Kaen,112,Kitchen,ChefHome,False,4.13,Clearance,0.2,Web,PromptPay,1,5007.64,0.23,1151.76,3855.89,1,5,3,2,0,0
LGS1ORD0000977,C000352,2025-03-19 07:00:00,Female,37,Gold,Web,Songkhla,655,Home_Appliance,CleanMate,True,4.24,Campaign,0.1,Shopee,Credit_Card,2,7016.73,0.18,2526.02,11507.43,3,7,3,2,0,0
LGS1ORD0000978,C000708,2025-03-19 09:00:00,Male,57,Silver,Shopee,Chonburi,895,Kitchen,ChefHome,True,4.23,Campaign,0.15,TV_Show,COD,1,1965.08,0.2,393.02,1572.06,1,9,3,2,0,0
LGS1ORD0000979,C000993,2025-03-19 11:00:00,Male,42,Silver,Lazada,Chiang Mai,1371,Kitchen,ChefHome,False,4.02,Clearance,0.2,Web,Bank_Transfer,1,603.76,0.25,150.94,452.82,1,11,3,2,0,1
LGS1ORD0000980,C000288,2025-03-19 13:00:00,Male,42,Bronze,Shopee,Khon Kaen,1211,Fashion,FitStyle,False,3.62,Campaign,0.15,TV_Show,Credit_Card,1,2269.84,0.18,408.57,1861.27,4,13,3,2,0,0
LGS1ORD0000981,C001064,2025-03-19 15:00:00,Male,37,Gold,Shopee,Remote_Area,1414,Cosmetics,FreshLook,False,3.95,Clearance,0.25,TV_Show,COD,2,1616.7,0.33,1067.02,2166.37,3,15,3,2,0,0
LGS1ORD0000982,C000582,2025-03-19 17:00:00,Female,24,Bronze,TV,Bangkok,599,Electronics,NovaTech,True,3.94,Campaign,0.15,Lazada,Bank_Transfer,1,11422.98,0.18,2056.14,9366.84,4,17,3,2,0,0
LGS1ORD0000983,C000919,2025-03-19 19:00:00,Female,39,Gold,Web,Bangkok,1255,Health,WellPlus,False,4.15,Clearance,0.2,CallCenter,COD,1,2315.82,0.28,648.43,1667.39,3,19,3,2,0,0
LGS1ORD0000984,C001023,2025-03-19 21:00:00,Male,45,Silver,Web,Bangkok,1453,Home_Appliance,CleanMate,False,3.81,Campaign,0.15,CallCenter,COD,1,6183.59,0.2,1236.72,4946.87,3,21,3,2,0,1
LGS1ORD0000985,C000411,2025-03-19 23:00:00,Female,34,Bronze,TV,Nakhon Ratchasima,805,Cosmetics,SunSafe,False,4.09,Campaign,0.1,TV_Show,COD,3,1858.52,0.13,724.82,4850.74,3,23,3,2,0,0
LGS1ORD0000986,C000567,2025-03-20 00:00:00,Female,24,Platinum,Lazada,Bangkok,911,Kitchen,CookEasy,False,4.43,Clearance,0.2,Shopee,COD,1,3227.92,0.3,968.37,2259.54,1,0,3,3,0,0
LGS1ORD0000987,C000267,2025-03-20 02:00:00,Female,42,Bronze,TV,Chiang Mai,464,Cosmetics,Beauty Lab,False,3.89,Clearance,0.2,Web,Bank_Transfer,1,1117.47,0.23,257.02,860.46,1,2,3,3,0,0
LGS1ORD0000988,C000470,2025-03-20 04:00:00,Male,33,Platinum,Lazada,Bangkok,590,Home_Appliance,CleanMate,True,4.24,Campaign,0.15,Web,Credit_Card,1,6955.98,0.25,1739.0,5216.99,1,4,3,3,0,0
LGS1ORD0000989,C000284,2025-03-20 06:00:00,Female,35,Silver,Shopee,Khon Kaen,540,Electronics,NovaTech,False,3.92,Clearance,0.2,Shopee,Bank_Transfer,1,9429.39,0.25,2357.35,7072.04,3,6,3,3,0,0
LGS1ORD0000990,C000581,2025-03-20 08:00:00,Male,18,Platinum,TV,Bangkok,773,Fashion,FitStyle,False,3.7,Campaign,0.15,CallCenter,Credit_Card,2,587.71,0.25,293.86,881.57,3,8,3,3,0,0
LGS1ORD0000991,C000754,2025-03-20 10:00:00,Female,32,Gold,Web,Bangkok,240,Home_Appliance,CleanMate,False,4.05,Campaign,0.15,Shopee,Credit_Card,2,9708.63,0.2299999999999999,4465.97,14951.3,1,10,3,3,0,0
LGS1ORD0000992,C001061,2025-03-20 12:00:00,Female,28,Bronze,TV,Phuket,381,Cosmetics,Beauty Lab,True,4.21,Clearance,0.2,TV_Show,COD,1,2096.84,0.23,482.27,1614.56,5,12,3,3,0,0
LGS1ORD0000993,C000879,2025-03-20 14:00:00,Male,30,Bronze,TV,Phuket,614,Health,VitaLife,False,4.35,Campaign,0.1,Shopee,COD,1,1604.83,0.13,208.63,1396.21,4,14,3,3,0,0
LGS1ORD0000994,C000753,2025-03-20 16:00:00,Female,47,Gold,TV,Songkhla,284,Cosmetics,SunSafe,False,3.75,Campaign,0.1,Web,COD,1,2261.29,0.18,407.03,1854.26,3,16,3,3,0,0
LGS1ORD0000995,C000570,2025-03-20 18:00:00,Other,49,Bronze,Shopee,Chonburi,981,Fashion,SilkTouch,False,3.86,Campaign,0.15,Shopee,COD,1,2143.51,0.18,385.83,1757.68,1,18,3,3,0,0
LGS1ORD0000996,C000434,2025-03-20 19:00:00,Male,47,Silver,Shopee,Khon Kaen,415,Home_Appliance,PureAir,False,3.58,No Promotion,0.0,Shopee,COD,3,9135.63,0.05,1370.34,26036.55,1,19,3,3,0,0
LGS1ORD0000997,C000711,2025-03-20 21:00:00,Male,38,Bronze,Shopee,Remote_Area,434,Health,MediCare,False,4.37,Campaign,0.1,Lazada,PromptPay,1,3710.79,0.13,482.4,3228.39,5,21,3,3,0,0
LGS1ORD0000998,C000160,2025-03-20 23:00:00,Female,59,Silver,TV,Khon Kaen,198,Electronics,ShieldCase,False,3.63,Campaign,0.1,Web,COD,2,5525.69,0.15,1657.71,9393.68,3,23,3,3,0,0
LGS1ORD0000999,C000559,2025-03-21 01:00:00,Female,30,Bronze,Lazada,Bangkok,406,Electronics,NovaTech,True,3.94,Campaign,0.05,Web,Credit_Card,4,986.3,0.08,315.61,3629.57,3,1,3,4,0,0
LGS1ORD0001000,C000561,2025-03-21 03:00:00,Male,41,Bronze,TV,Nakhon Ratchasima,680,Fashion,UrbanWear,False,3.69,Clearance,0.2,Shopee,Credit_Card,1,474.43,0.23,109.12,365.31,3,3,3,4,0,0
LGS1ORD0001001,C000199,2025-03-21 05:00:00,Female,63,Platinum,Shopee,Chonburi,764,Fashion,FitStyle,False,3.59,Clearance,0.2,CallCenter,COD,1,1638.95,0.3,491.69,1147.27,1,5,3,4,0,1
LGS1ORD0001002,C000449,2025-03-21 07:00:00,Female,33,Gold,Lazada,Nakhon Ratchasima,1058,Home_Appliance,CleanMate,True,4.24,Campaign,0.05,TV_Show,PromptPay,1,7523.04,0.13,977.99,6545.04,3,7,3,4,0,0
LGS1ORD0001003,C000329,2025-03-21 09:00:00,Male,52,Bronze,Web,Bangkok,194,Home_Appliance,HomePro,True,4.1,No Promotion,0.0,Shopee,COD,1,3415.28,0.03,102.46,3312.82,5,9,3,4,0,1
LGS1ORD0001004,C000333,2025-03-21 11:00:00,Female,52,Bronze,Shopee,Remote_Area,566,Home_Appliance,PureAir,True,4.0,Campaign,0.15,CallCenter,COD,1,13064.85,0.18,2351.67,10713.18,1,11,3,4,0,1
LGS1ORD0001005,C000897,2025-03-21 13:00:00,Male,42,Silver,Web,Nakhon Ratchasima,1303,Cosmetics,Beauty Lab,False,4.15,Clearance,0.2,TV_Show,PromptPay,1,1196.6,0.25,299.15,897.45,4,13,3,4,0,0
LGS1ORD0001006,C000684,2025-03-21 14:00:00,Female,48,Platinum,Lazada,Chonburi,1212,Health,MediCare,True,4.31,Clearance,0.25,Lazada,COD,1,707.28,0.35,247.55,459.73,5,14,3,4,0,1
LGS1ORD0001007,C000696,2025-03-21 16:00:00,Male,50,Platinum,Shopee,Chiang Mai,1242,Fashion,SilkTouch,False,3.62,Campaign,0.05,Shopee,Credit_Card,1,1655.12,0.15,248.27,1406.85,4,16,3,4,0,0
LGS1ORD0001008,C001057,2025-03-21 18:00:00,Female,61,Silver,TV,Khon Kaen,1347,Fashion,FitStyle,False,3.41,Campaign,0.05,Web,COD,1,565.45,0.1,56.55,508.91,3,18,3,4,0,0
LGS1ORD0001009,C000211,2025-03-21 20:00:00,Male,46,Bronze,Lazada,Chonburi,1111,Cosmetics,FreshLook,False,4.26,Campaign,0.05,Lazada,COD,3,2158.75,0.08,518.1,5958.14,3,20,3,4,0,0
LGS1ORD0001010,C000088,2025-03-21 22:00:00,Female,43,Bronze,Shopee,Chiang Mai,1384,Health,VitaLife,False,3.95,Campaign,0.05,TV_Show,COD,3,1913.95,0.08,459.35,5282.5,5,22,3,4,0,0
LGS1ORD0001011,C000633,2025-03-22 00:00:00,Female,47,Gold,Web,Bangkok,484,Health,VitaLife,False,4.19,Campaign,0.05,TV_Show,COD,1,3157.63,0.13,410.49,2747.14,4,0,3,5,1,0
LGS1ORD0001012,C000531,2025-03-22 02:00:00,Male,30,Bronze,Web,Songkhla,218,Fashion,UrbanWear,False,3.69,Campaign,0.15,Web,PromptPay,1,523.06,0.18,94.15,428.91,5,2,3,5,1,1
LGS1ORD0001013,C000189,2025-03-22 04:00:00,Male,66,Bronze,CallCenter,Bangkok,1341,Electronics,NovaTech,False,3.68,Clearance,0.25,TV_Show,Credit_Card,1,4500.31,0.28,1260.09,3240.22,3,4,3,5,1,0
LGS1ORD0001014,C000870,2025-03-22 06:00:00,Female,39,Silver,Shopee,Chiang Mai,1383,Fashion,FitStyle,False,3.51,Campaign,0.15,TV_Show,COD,1,947.89,0.2,189.58,758.31,1,6,3,5,1,1
LGS1ORD0001015,C000561,2025-03-22 08:00:00,Male,41,Bronze,TV,Nakhon Ratchasima,681,Cosmetics,Beauty Lab,False,4.18,Campaign,0.05,Shopee,PromptPay,1,527.99,0.08,42.24,485.75,5,8,3,5,1,0
LGS1ORD0001016,C000981,2025-03-22 09:00:00,Female,24,Silver,Shopee,Chiang Mai,315,Fashion,UrbanWear,False,3.22,No Promotion,0.0,CallCenter,COD,1,936.68,0.05,46.83,889.85,3,9,3,5,1,0
LGS1ORD0001017,C000886,2025-03-22 11:00:00,Male,45,Gold,TV,Chiang Mai,522,Cosmetics,FreshLook,False,3.89,No Promotion,0.0,CallCenter,Credit_Card,3,420.3,0.08,100.87,1160.04,1,11,3,5,1,0
LGS1ORD0001018,C000654,2025-03-22 13:00:00,Female,57,Gold,TV,Chonburi,437,Health,MediCare,False,4.24,No Promotion,0.0,Shopee,COD,1,1697.27,0.08,135.78,1561.48,5,13,3,5,1,0
LGS1ORD0001019,C000963,2025-03-22 15:00:00,Other,18,Bronze,Shopee,Chonburi,663,Kitchen,ChefHome,False,4.2,Campaign,0.15,Shopee,Credit_Card,1,3398.09,0.18,611.66,2786.44,3,15,3,5,1,0
LGS1ORD0001020,C000022,2025-03-22 17:00:00,Male,45,Silver,Web,Phuket,1499,Home_Appliance,PureAir,True,4.0,Campaign,0.1,Shopee,COD,2,14701.58,0.15,4410.48,24992.69,3,17,3,5,1,0
LGS1ORD0001021,C000835,2025-03-22 19:00:00,Female,52,Gold,Lazada,Bangkok,730,Cosmetics,Beauty Lab,False,3.79,No Promotion,0.0,TV_Show,Credit_Card,4,1477.97,0.08,472.95,5438.91,3,19,3,5,1,0
LGS1ORD0001022,C000732,2025-03-22 21:00:00,Female,39,Gold,Lazada,Songkhla,267,Electronics,GadgetWorld,False,4.05,Campaign,0.15,Lazada,COD,1,3834.93,0.2299999999999999,882.03,2952.9,3,21,3,5,1,0
LGS1ORD0001023,C001097,2025-03-22 23:00:00,Female,47,Silver,TV,Chiang Mai,1155,Kitchen,ChefHome,False,4.02,Campaign,0.05,Web,Credit_Card,1,652.57,0.1,65.26,587.32,3,23,3,5,1,1
LGS1ORD0001024,C000122,2025-03-23 01:00:00,Female,41,Bronze,TV,Remote_Area,763,Cosmetics,FreshLook,True,3.82,Clearance,0.2,CallCenter,COD,2,1520.99,0.23,699.66,2342.33,5,1,3,6,1,1
LGS1ORD0001025,C000711,2025-03-23 03:00:00,Male,38,Bronze,Shopee,Remote_Area,437,Fashion,FitStyle,False,3.51,Campaign,0.15,CallCenter,COD,1,868.99,0.18,156.42,712.57,1,3,3,6,1,1
LGS1ORD0001026,C001047,2025-03-23 05:00:00,Male,44,Gold,Web,Chiang Mai,1045,Home_Appliance,CleanMate,True,4.08,Campaign,0.1,Shopee,PromptPay,1,12014.35,0.18,2162.58,9851.77,3,5,3,6,1,0
LGS1ORD0001027,C000306,2025-03-23 06:00:00,Female,60,Bronze,TV,Phuket,258,Kitchen,CookEasy,False,4.05,Campaign,0.15,CallCenter,COD,1,2280.46,0.18,410.48,1869.97,4,6,3,6,1,1
LGS1ORD0001028,C000875,2025-03-23 08:00:00,Female,53,Gold,TV,Bangkok,1248,Home_Appliance,PureAir,False,4.16,Campaign,0.05,Lazada,Bank_Transfer,2,10161.11,0.13,2641.89,17680.33,5,8,3,6,1,0
LGS1ORD0001029,C000592,2025-03-23 10:00:00,Male,44,Bronze,Lazada,Chonburi,1397,Kitchen,ChefHome,False,3.91,Clearance,0.2,Shopee,Bank_Transfer,1,4338.9,0.23,997.95,3340.95,1,10,3,6,1,0
LGS1ORD0001030,C000036,2025-03-23 12:00:00,Male,47,Bronze,Shopee,Chiang Mai,507,Home_Appliance,PureAir,False,3.96,No Promotion,0.0,Shopee,COD,3,3858.13,0.03,347.23,11227.16,1,12,3,6,1,1
LGS1ORD0001031,C001007,2025-03-23 14:00:00,Female,52,Silver,CallCenter,Nakhon Ratchasima,207,Kitchen,ChefHome,False,4.13,Clearance,0.2,Shopee,COD,2,5267.11,0.25,2633.55,7900.66,3,14,3,6,1,0
LGS1ORD0001032,C000508,2025-03-23 16:00:00,Female,51,Silver,TV,Bangkok,381,Kitchen,KitchenMax,False,4.07,No Promotion,0.0,Web,Bank_Transfer,1,3432.37,0.05,171.62,3260.75,3,16,3,6,1,0
LGS1ORD0001033,C000923,2025-03-23 18:00:00,Male,61,Silver,Lazada,Bangkok,211,Home_Appliance,HomePro,False,3.71,Campaign,0.15,Web,COD,3,6678.15,0.2,4006.89,16027.55,4,18,3,6,1,1
LGS1ORD0001034,C000452,2025-03-23 20:00:00,Female,40,Bronze,Web,Songkhla,154,Fashion,FitStyle,False,3.44,Campaign,0.15,CallCenter,COD,1,791.62,0.18,142.49,649.12,3,20,3,6,1,1
LGS1ORD0001035,C000298,2025-03-23 22:00:00,Female,49,Silver,Shopee,Khon Kaen,458,Electronics,GadgetWorld,True,3.81,No Promotion,0.0,TV_Show,COD,2,8943.83,0.05,894.38,16993.28,1,22,3,6,1,0
LGS1ORD0001036,C000499,2025-03-24 00:00:00,Female,45,Silver,TV,Songkhla,189,Electronics,GadgetWorld,False,3.57,Clearance,0.25,Lazada,Credit_Card,1,608.99,0.3,182.7,426.29,1,0,3,0,0,0
LGS1ORD0001037,C000623,2025-03-24 01:00:00,Male,46,Bronze,Shopee,Chonburi,1395,Kitchen,CookEasy,False,4.09,Campaign,0.05,Shopee,PromptPay,1,1392.42,0.08,111.39,1281.03,1,1,3,0,0,0
LGS1ORD0001038,C000913,2025-03-24 03:00:00,Female,64,Bronze,Lazada,Songkhla,680,Kitchen,ChefHome,False,4.38,Campaign,0.15,Web,Bank_Transfer,1,4735.54,0.18,852.4,3883.14,4,3,3,0,0,0
LGS1ORD0001039,C000436,2025-03-24 05:00:00,Female,70,Bronze,Web,Phuket,1375,Fashion,SilkTouch,True,3.91,Clearance,0.2,TV_Show,PromptPay,3,623.88,0.23,430.48,1441.17,4,5,3,0,0,0
LGS1ORD0001040,C001079,2025-03-24 07:00:00,Male,37,Bronze,TV,Nakhon Ratchasima,1473,Electronics,NovaTech,False,3.81,Campaign,0.15,TV_Show,COD,1,9787.31,0.18,1761.72,8025.6,3,7,3,0,0,0
LGS1ORD0001041,C001096,2025-03-24 09:00:00,Male,54,Silver,Shopee,Nakhon Ratchasima,496,Cosmetics,FreshLook,False,4.06,Clearance,0.2,Web,Credit_Card,1,1146.09,0.25,286.52,859.57,5,9,3,0,0,0
LGS1ORD0001042,C000314,2025-03-24 11:00:00,Female,53,Bronze,TV,Chiang Mai,686,Kitchen,ChefHome,False,4.16,Campaign,0.05,Shopee,Credit_Card,2,1733.6,0.08,277.38,3189.83,4,11,3,0,0,1
LGS1ORD0001043,C000075,2025-03-24 13:00:00,Female,31,Bronze,CallCenter,Chonburi,733,Electronics,GadgetWorld,False,3.74,Clearance,0.2,TV_Show,COD,1,1443.87,0.23,332.09,1111.78,4,13,3,0,0,1
LGS1ORD0001044,C000935,2025-03-24 15:00:00,Male,18,Platinum,Lazada,Bangkok,928,Fashion,UrbanWear,False,3.29,Campaign,0.05,Web,Credit_Card,1,1018.34,0.15,152.75,865.59,3,15,3,0,0,1
LGS1ORD0001045,C001150,2025-03-24 17:00:00,Female,55,Bronze,Lazada,Khon Kaen,315,Health,VitaLife,False,4.35,Campaign,0.15,Web,PromptPay,1,1652.38,0.18,297.43,1354.95,3,17,3,0,0,0
LGS1ORD0001046,C000951,2025-03-24 19:00:00,Female,60,Silver,TV,Chonburi,848,Cosmetics,FreshLook,False,3.86,Clearance,0.25,Lazada,COD,1,1923.06,0.3,576.92,1346.14,3,19,3,0,0,1
LGS1ORD0001047,C000026,2025-03-24 20:00:00,Female,49,Bronze,TV,Nakhon Ratchasima,175,Fashion,SilkTouch,False,3.47,Clearance,0.25,Web,Credit_Card,1,1936.55,0.28,542.23,1394.31,4,20,3,0,0,0
LGS1ORD0001048,C000099,2025-03-24 22:00:00,Female,37,Silver,TV,Chonburi,317,Kitchen,ChefHome,False,4.0,Campaign,0.15,TV_Show,Credit_Card,1,3219.85,0.2,643.97,2575.88,1,22,3,0,0,0
LGS1ORD0001049,C001063,2025-03-25 00:00:00,Male,58,Bronze,Shopee,Songkhla,527,Kitchen,ChefHome,True,3.63,Campaign,0.05,Shopee,COD,3,352.81,0.08,84.68,973.76,3,0,3,1,0,0
LGS1ORD0001050,C000399,2025-03-25 02:00:00,Female,50,Gold,TV,Nakhon Ratchasima,864,Electronics,ShieldCase,False,3.82,Campaign,0.15,Web,PromptPay,1,8079.34,0.2299999999999999,1858.25,6221.09,1,2,3,1,0,0
LGS1ORD0001051,C000374,2025-03-25 04:00:00,Male,39,Gold,TV,Chiang Mai,1398,Health,VitaLife,False,4.36,Campaign,0.15,TV_Show,Credit_Card,1,371.83,0.2299999999999999,85.52,286.31,4,4,3,1,0,0
LGS1ORD0001052,C000055,2025-03-25 06:00:00,Female,54,Silver,Web,Chonburi,477,Health,MediCare,True,4.26,No Promotion,0.0,TV_Show,Credit_Card,1,4474.14,0.05,223.71,4250.44,1,6,3,1,0,0
LGS1ORD0001053,C000740,2025-03-25 08:00:00,Male,32,Platinum,Lazada,Songkhla,1227,Electronics,ShieldCase,False,3.8,Campaign,0.05,Web,Bank_Transfer,1,6755.69,0.15,1013.35,5742.34,1,8,3,1,0,1
LGS1ORD0001054,C000551,2025-03-25 10:00:00,Male,56,Silver,Lazada,Bangkok,1447,Cosmetics,SunSafe,False,4.31,Campaign,0.1,TV_Show,COD,1,478.71,0.15,71.81,406.9,3,10,3,1,0,0
LGS1ORD0001055,C000208,2025-03-25 12:00:00,Female,35,Bronze,CallCenter,Songkhla,427,Cosmetics,SunSafe,False,4.24,Campaign,0.05,Shopee,COD,2,1763.39,0.08,282.14,3244.65,3,12,3,1,0,0
LGS1ORD0001056,C001139,2025-03-25 14:00:00,Female,66,Bronze,CallCenter,Bangkok,135,Fashion,FitStyle,False,3.59,Campaign,0.05,Lazada,COD,3,454.26,0.08,109.02,1253.77,3,14,3,1,0,1
LGS1ORD0001057,C000935,2025-03-25 15:00:00,Male,18,Platinum,Lazada,Bangkok,929,Home_Appliance,HomePro,False,4.05,Campaign,0.05,TV_Show,Credit_Card,3,5669.32,0.15,2551.19,14456.76,4,15,3,1,0,0
LGS1ORD0001058,C000042,2025-03-25 17:00:00,Female,54,Silver,CallCenter,Songkhla,1357,Home_Appliance,PureAir,True,3.76,Campaign,0.15,TV_Show,COD,3,4189.43,0.2,2513.66,10054.63,1,17,3,1,0,1
LGS1ORD0001059,C000387,2025-03-25 19:00:00,Female,25,Bronze,TV,Chonburi,757,Home_Appliance,HomePro,False,3.71,No Promotion,0.0,Web,COD,1,6988.17,0.03,209.65,6778.53,3,19,3,1,0,0
LGS1ORD0001060,C000034,2025-03-25 21:00:00,Female,38,Bronze,Web,Khon Kaen,521,Kitchen,KitchenMax,True,4.13,No Promotion,0.0,Shopee,COD,1,498.03,0.03,14.94,483.09,4,21,3,1,0,0
LGS1ORD0001061,C000812,2025-03-25 23:00:00,Female,43,Silver,Web,Bangkok,1469,Fashion,UrbanWear,False,3.68,No Promotion,0.0,Shopee,Bank_Transfer,2,990.77,0.05,99.08,1882.47,5,23,3,1,0,0
LGS1ORD0001062,C001005,2025-03-26 01:00:00,Male,46,Gold,Lazada,Nakhon Ratchasima,933,Health,MediCare,False,4.37,Clearance,0.25,Shopee,Credit_Card,2,3450.15,0.33,2277.1,4623.2,1,1,3,2,0,0
LGS1ORD0001063,C001157,2025-03-26 03:00:00,Female,53,Bronze,Lazada,Songkhla,1031,Cosmetics,Beauty Lab,False,4.11,Clearance,0.25,Web,Credit_Card,1,1753.18,0.28,490.89,1262.29,1,3,3,2,0,0
LGS1ORD0001064,C000303,2025-03-26 05:00:00,Male,45,Silver,CallCenter,Bangkok,381,Home_Appliance,PureAir,False,4.15,Campaign,0.15,Shopee,COD,2,7421.92,0.2,2968.77,11875.07,3,5,3,2,0,0
LGS1ORD0001065,C000737,2025-03-26 07:00:00,Male,51,Bronze,CallCenter,Bangkok,1423,Cosmetics,Beauty Lab,False,3.82,No Promotion,0.0,TV_Show,PromptPay,1,1715.53,0.03,51.47,1664.06,3,7,3,2,0,0
LGS1ORD0001066,C000090,2025-03-26 09:00:00,Male,29,Bronze,Web,Bangkok,1521,Cosmetics,SunSafe,False,4.47,Campaign,0.05,Web,Credit_Card,1,1231.89,0.08,98.55,1133.34,3,9,3,2,0,0
LGS1ORD0001067,C000365,2025-03-26 10:00:00,Female,18,Gold,Lazada,Bangkok,1005,Kitchen,KitchenMax,False,4.09,Campaign,0.15,TV_Show,PromptPay,1,5378.01,0.2299999999999999,1236.94,4141.07,1,10,3,2,0,0
LGS1ORD0001068,C000668,2025-03-26 12:00:00,Male,42,Silver,Shopee,Phuket,1246,Kitchen,KitchenMax,True,3.89,Campaign,0.15,Lazada,COD,1,3263.31,0.2,652.66,2610.65,3,12,3,2,0,0
LGS1ORD0001069,C000882,2025-03-26 14:00:00,Female,33,Silver,Lazada,Remote_Area,1087,Fashion,SilkTouch,True,3.4,Campaign,0.1,CallCenter,Credit_Card,1,1728.38,0.15,259.26,1469.12,1,14,3,2,0,1
LGS1ORD0001070,C000493,2025-03-26 16:00:00,Female,37,Bronze,Shopee,Chiang Mai,485,Kitchen,KitchenMax,False,4.09,No Promotion,0.0,CallCenter,Bank_Transfer,1,1221.7,0.03,36.65,1185.05,1,16,3,2,0,0
LGS1ORD0001071,C001169,2025-03-26 18:00:00,Female,30,Bronze,Lazada,Chonburi,377,Home_Appliance,CleanMate,False,4.47,Campaign,0.05,Lazada,COD,1,14524.1,0.08,1161.93,13362.17,1,18,3,2,0,0
LGS1ORD0001072,C000491,2025-03-26 20:00:00,Female,34,Gold,Web,Chonburi,1061,Health,WellPlus,True,4.22,No Promotion,0.0,Lazada,COD,1,4015.89,0.08,321.27,3694.62,3,20,3,2,0,1
LGS1ORD0001073,C000266,2025-03-26 22:00:00,Female,44,Bronze,CallCenter,Khon Kaen,993,Fashion,FitStyle,False,3.36,Campaign,0.05,Lazada,COD,1,987.03,0.08,78.96,908.07,3,22,3,2,0,0
LGS1ORD0001074,C000089,2025-03-27 00:00:00,Male,39,Bronze,TV,Khon Kaen,1268,Fashion,UrbanWear,True,3.77,Campaign,0.1,Shopee,Credit_Card,2,1703.62,0.13,442.94,2964.29,1,0,3,3,0,1
LGS1ORD0001075,C000166,2025-03-27 02:00:00,Male,22,Silver,Web,Chiang Mai,1387,Fashion,FitStyle,False,3.59,No Promotion,0.0,CallCenter,COD,2,463.0,0.05,46.3,879.7,4,2,3,3,0,1
LGS1ORD0001076,C001061,2025-03-27 04:00:00,Female,28,Bronze,TV,Phuket,388,Cosmetics,SunSafe,False,3.75,Clearance,0.25,Web,COD,1,2209.8,0.28,618.74,1591.06,1,4,3,3,0,1
LGS1ORD0001077,C000669,2025-03-27 05:00:00,Female,18,Silver,CallCenter,Chonburi,449,Electronics,NovaTech,False,4.06,Clearance,0.2,CallCenter,COD,1,9681.53,0.25,2420.38,7261.15,3,5,3,3,0,0
LGS1ORD0001078,C000637,2025-03-27 07:00:00,Female,57,Bronze,Lazada,Nakhon Ratchasima,629,Electronics,NovaTech,False,3.68,No Promotion,0.0,Shopee,COD,3,4978.37,0.03,448.05,14487.07,1,7,3,3,0,0
LGS1ORD0001079,C000184,2025-03-27 09:00:00,Male,18,Platinum,Shopee,Chiang Mai,1085,Electronics,GadgetWorld,False,4.07,No Promotion,0.0,TV_Show,Credit_Card,1,1201.55,0.1,120.15,1081.39,5,9,3,3,0,0
LGS1ORD0001080,C000865,2025-03-27 11:00:00,Female,49,Gold,TV,Bangkok,553,Home_Appliance,PureAir,True,4.21,Clearance,0.25,Web,COD,1,12761.4,0.33,4211.26,8550.14,1,11,3,3,0,0
LGS1ORD0001081,C000228,2025-03-27 13:00:00,Female,50,Bronze,CallCenter,Phuket,1292,Home_Appliance,CleanMate,False,4.05,Campaign,0.15,Web,COD,2,9404.36,0.18,3385.57,15423.15,5,13,3,3,0,1
LGS1ORD0001082,C000771,2025-03-27 15:00:00,Female,51,Silver,Shopee,Bangkok,630,Cosmetics,FreshLook,False,3.89,No Promotion,0.0,Lazada,COD,2,428.32,0.05,42.83,813.8,4,15,3,3,0,0
LGS1ORD0001083,C000384,2025-03-27 17:00:00,Female,35,Gold,Shopee,Bangkok,1488,Fashion,FitStyle,False,3.41,Clearance,0.2,Lazada,COD,1,888.71,0.28,248.84,639.87,4,17,3,3,0,0
LGS1ORD0001084,C000308,2025-03-27 19:00:00,Male,29,Bronze,Lazada,Bangkok,351,Cosmetics,FreshLook,False,3.89,Campaign,0.15,TV_Show,PromptPay,1,389.37,0.18,70.09,319.28,1,19,3,3,0,0
LGS1ORD0001085,C000657,2025-03-27 21:00:00,Male,60,Gold,Shopee,Bangkok,128,Cosmetics,Beauty Lab,True,4.08,Clearance,0.25,Web,COD,2,550.61,0.33,363.4,737.82,3,21,3,3,0,0
LGS1ORD0001086,C001121,2025-03-27 23:00:00,Male,58,Silver,Lazada,Bangkok,303,Electronics,NovaTech,True,3.5,Clearance,0.25,Shopee,COD,2,5434.61,0.3,3260.77,7608.46,3,23,3,3,0,0
LGS1ORD0001087,C000173,2025-03-28 00:00:00,Male,49,Bronze,Web,Chiang Mai,596,Kitchen,ChefHome,False,4.38,No Promotion,0.0,Lazada,Credit_Card,3,4531.71,0.03,407.85,13187.29,1,0,3,4,0,0
LGS1ORD0001088,C000335,2025-03-28 02:00:00,Male,19,Gold,Web,Bangkok,1484,Health,WellPlus,True,4.28,Campaign,0.05,CallCenter,Bank_Transfer,1,1335.61,0.13,173.63,1161.98,1,2,3,4,0,0
LGS1ORD0001089,C000923,2025-03-28 04:00:00,Male,61,Silver,Lazada,Bangkok,216,Home_Appliance,PureAir,True,4.25,Campaign,0.05,Lazada,COD,1,14861.71,0.1,1486.17,13375.53,3,4,3,4,0,0
LGS1ORD0001090,C000744,2025-03-28 06:00:00,Female,52,Gold,TV,Remote_Area,1104,Electronics,GadgetWorld,False,3.66,Campaign,0.1,Web,Credit_Card,2,6760.86,0.18,2433.91,11087.81,4,6,3,4,0,0
LGS1ORD0001091,C000684,2025-03-28 08:00:00,Female,48,Platinum,Lazada,Chonburi,1219,Fashion,UrbanWear,True,3.78,Clearance,0.2,Shopee,COD,1,1594.67,0.3,478.4,1116.27,5,8,3,4,0,1
LGS1ORD0001092,C000326,2025-03-28 10:00:00,Male,45,Gold,Lazada,Khon Kaen,660,Fashion,SilkTouch,False,3.65,No Promotion,0.0,Shopee,PromptPay,2,1784.21,0.08,285.47,3282.95,4,10,3,4,0,0
LGS1ORD0001093,C000163,2025-03-28 12:00:00,Female,56,Bronze,Web,Nakhon Ratchasima,98,Electronics,ShieldCase,False,3.77,Campaign,0.05,Web,COD,1,2631.99,0.08,210.56,2421.43,1,12,3,4,0,0
LGS1ORD0001094,C001068,2025-03-28 14:00:00,Female,48,Platinum,TV,Khon Kaen,264,Electronics,NovaTech,False,3.92,Clearance,0.25,Web,COD,3,9620.84,0.35,10101.88,18760.63,1,14,3,4,0,0
LGS1ORD0001095,C001125,2025-03-28 16:00:00,Male,57,Bronze,TV,Phuket,1036,Electronics,ShieldCase,True,4.33,Campaign,0.05,Web,COD,2,4173.23,0.08,667.72,7678.75,4,16,3,4,0,0
LGS1ORD0001096,C001158,2025-03-28 18:00:00,Female,48,Silver,TV,Bangkok,1415,Electronics,ShieldCase,False,3.9,Clearance,0.2,Lazada,PromptPay,2,2029.19,0.25,1014.59,3043.78,1,18,3,4,0,0
LGS1ORD0001097,C000615,2025-03-28 19:00:00,Female,44,Bronze,TV,Remote_Area,948,Health,WellPlus,False,4.32,No Promotion,0.0,Web,COD,3,2933.51,0.03,264.02,8536.53,3,19,3,4,0,0
LGS1ORD0001098,C000066,2025-03-28 21:00:00,Male,61,Bronze,Shopee,Nakhon Ratchasima,811,Home_Appliance,PureAir,True,4.14,No Promotion,0.0,TV_Show,COD,2,4108.0,0.03,246.48,7969.53,1,21,3,4,0,0
LGS1ORD0001099,C000411,2025-03-28 23:00:00,Female,34,Bronze,TV,Nakhon Ratchasima,814,Electronics,ShieldCase,False,3.69,Clearance,0.2,TV_Show,COD,4,6870.75,0.23,6321.09,21161.9,4,23,3,4,0,0
LGS1ORD0001100,C000761,2025-03-29 01:00:00,Female,51,Platinum,Web,Khon Kaen,616,Electronics,NovaTech,True,3.46,Campaign,0.1,TV_Show,Credit_Card,1,7016.04,0.2,1403.21,5612.83,4,1,3,5,1,0
LGS1ORD0001101,C000801,2025-03-29 03:00:00,Female,41,Bronze,CallCenter,Phuket,257,Home_Appliance,HomePro,True,4.07,Campaign,0.15,Web,Bank_Transfer,2,1298.9,0.18,467.6,2130.19,4,3,3,5,1,0
LGS1ORD0001102,C000658,2025-03-29 05:00:00,Male,42,Gold,Shopee,Bangkok,547,Fashion,UrbanWear,False,3.51,Campaign,0.15,Shopee,COD,2,425.56,0.2299999999999999,195.76,655.36,4,5,3,5,1,0
LGS1ORD0001103,C000979,2025-03-29 07:00:00,Male,51,Bronze,TV,Khon Kaen,823,Kitchen,ChefHome,False,4.2,Campaign,0.15,Web,PromptPay,1,3347.9,0.18,602.62,2745.28,3,7,3,5,1,0
LGS1ORD0001104,C001001,2025-03-29 09:00:00,Male,40,Silver,TV,Songkhla,619,Kitchen,KitchenMax,True,4.54,Campaign,0.05,TV_Show,Credit_Card,4,6219.61,0.1,2487.85,22390.61,3,9,3,5,1,0
LGS1ORD0001105,C001193,2025-03-29 11:00:00,Male,47,Silver,Web,Chonburi,350,Kitchen,ChefHome,False,4.08,Campaign,0.15,CallCenter,COD,2,5254.71,0.2,2101.89,8407.54,4,11,3,5,1,0
LGS1ORD0001106,C000571,2025-03-29 13:00:00,Male,27,Bronze,Lazada,Chonburi,995,Home_Appliance,CleanMate,True,4.06,Campaign,0.15,Lazada,Credit_Card,2,5910.3,0.18,2127.71,9692.88,3,13,3,5,1,0
LGS1ORD0001107,C000699,2025-03-29 14:00:00,Male,47,Bronze,Lazada,Songkhla,1273,Kitchen,CookEasy,True,4.25,Clearance,0.2,Shopee,Credit_Card,4,2166.99,0.23,1993.64,6674.34,3,14,3,5,1,0
LGS1ORD0001108,C000626,2025-03-29 16:00:00,Female,27,Silver,Web,Remote_Area,170,Home_Appliance,CleanMate,False,4.07,Campaign,0.15,Web,Credit_Card,1,7618.25,0.2,1523.65,6094.6,5,16,3,5,1,0
LGS1ORD0001109,C000860,2025-03-29 18:00:00,Female,45,Silver,Lazada,Bangkok,105,Cosmetics,FreshLook,False,4.05,Clearance,0.2,CallCenter,COD,1,772.03,0.25,193.01,579.03,3,18,3,5,1,0
LGS1ORD0001110,C000037,2025-03-29 20:00:00,Female,62,Gold,TV,Bangkok,418,Fashion,FitStyle,False,3.72,Campaign,0.1,Shopee,COD,1,2048.57,0.18,368.74,1679.83,3,20,3,5,1,0
LGS1ORD0001111,C000916,2025-03-29 22:00:00,Male,62,Bronze,Shopee,Bangkok,1172,Cosmetics,Beauty Lab,False,3.82,No Promotion,0.0,Shopee,Credit_Card,1,1584.0,0.03,47.52,1536.48,5,22,3,5,1,0
LGS1ORD0001112,C001172,2025-03-30 00:00:00,Male,34,Gold,Lazada,Chonburi,469,Electronics,GadgetWorld,False,3.8,Campaign,0.1,TV_Show,Credit_Card,1,9398.68,0.18,1691.76,7706.92,4,0,3,6,1,0
LGS1ORD0001113,C000512,2025-03-30 02:00:00,Male,38,Bronze,CallCenter,Phuket,525,Fashion,FitStyle,False,3.41,Clearance,0.2,Lazada,PromptPay,1,931.68,0.23,214.29,717.39,5,2,3,6,1,1
LGS1ORD0001114,C000012,2025-03-30 04:00:00,Female,44,Platinum,Lazada,Songkhla,298,Cosmetics,Beauty Lab,False,4.03,Campaign,0.05,Lazada,COD,1,1764.23,0.15,264.63,1499.59,4,4,3,6,1,0
LGS1ORD0001115,C000386,2025-03-30 06:00:00,Male,49,Bronze,Web,Khon Kaen,221,Kitchen,CookEasy,True,3.96,Campaign,0.15,CallCenter,COD,2,2730.04,0.18,982.82,4477.27,3,6,3,6,1,0
LGS1ORD0001116,C000359,2025-03-30 08:00:00,Female,43,Silver,TV,Bangkok,858,Fashion,UrbanWear,False,3.82,Clearance,0.25,Lazada,PromptPay,1,729.05,0.3,218.72,510.34,1,8,3,6,1,0
LGS1ORD0001117,C000977,2025-03-30 09:00:00,Female,69,Bronze,TV,Songkhla,523,Health,MediCare,False,4.51,Campaign,0.05,TV_Show,COD,3,3201.29,0.08,768.31,8835.55,3,9,3,6,1,0
LGS1ORD0001118,C000238,2025-03-30 11:00:00,Female,53,Bronze,Web,Bangkok,638,Home_Appliance,PureAir,False,3.96,Campaign,0.15,Lazada,COD,3,4130.67,0.18,2230.56,10161.46,5,11,3,6,1,0
LGS1ORD0001119,C000137,2025-03-30 13:00:00,Male,50,Bronze,Web,Songkhla,1332,Cosmetics,SunSafe,True,3.98,Clearance,0.2,Shopee,Credit_Card,4,2182.0,0.23,2007.44,6720.56,3,13,3,6,1,0
LGS1ORD0001120,C000327,2025-03-30 15:00:00,Male,43,Silver,Lazada,Bangkok,1244,Kitchen,ChefHome,False,4.29,No Promotion,0.0,Shopee,COD,1,1369.37,0.05,68.47,1300.9,1,15,3,6,1,0
LGS1ORD0001121,C000425,2025-03-30 17:00:00,Male,24,Silver,Shopee,Nakhon Ratchasima,1197,Health,VitaLife,False,4.36,Campaign,0.1,TV_Show,PromptPay,1,376.54,0.15,56.48,320.06,5,17,3,6,1,0
LGS1ORD0001122,C000802,2025-03-30 19:00:00,Male,23,Bronze,Lazada,Songkhla,135,Fashion,SilkTouch,False,3.73,Campaign,0.05,Shopee,PromptPay,2,667.53,0.08,106.81,1228.26,1,19,3,6,1,1
LGS1ORD0001123,C000076,2025-03-30 21:00:00,Female,65,Platinum,Web,Nakhon Ratchasima,1429,Fashion,UrbanWear,False,3.49,No Promotion,0.0,Lazada,COD,3,478.77,0.1,143.63,1292.68,3,21,3,6,1,0
LGS1ORD0001124,C000857,2025-03-30 23:00:00,Female,56,Bronze,Shopee,Songkhla,1250,Cosmetics,FreshLook,False,4.05,Clearance,0.2,CallCenter,COD,1,749.16,0.23,172.31,576.86,4,23,3,6,1,0
LGS1ORD0001125,C000729,2025-03-31 01:00:00,Female,34,Silver,Web,Chonburi,454,Cosmetics,Beauty Lab,False,4.21,Campaign,0.1,Lazada,COD,1,2105.31,0.15,315.8,1789.51,3,1,3,0,0,0
LGS1ORD0001126,C000610,2025-03-31 03:00:00,Female,30,Gold,Shopee,Songkhla,1016,Kitchen,KitchenMax,True,3.76,Campaign,0.15,TV_Show,PromptPay,2,3275.98,0.2299999999999999,1506.95,5045.0,1,3,3,0,0,0
LGS1ORD0001127,C001158,2025-03-31 05:00:00,Female,48,Silver,TV,Bangkok,1418,Electronics,GadgetWorld,False,4.05,Clearance,0.2,Web,Credit_Card,1,3799.16,0.25,949.79,2849.37,3,5,3,0,0,0
LGS1ORD0001128,C000725,2025-03-31 06:00:00,Male,18,Gold,Shopee,Chiang Mai,1461,Cosmetics,SunSafe,True,3.96,No Promotion,0.0,Lazada,Bank_Transfer,4,297.15,0.08,95.09,1093.5,3,6,3,0,0,0
LGS1ORD0001129,C001011,2025-03-31 08:00:00,Male,63,Bronze,Web,Bangkok,858,Fashion,UrbanWear,False,3.75,Campaign,0.1,Lazada,COD,1,821.01,0.13,106.73,714.28,1,8,3,0,0,0
LGS1ORD0001130,C000622,2025-03-31 10:00:00,Female,42,Platinum,Web,Bangkok,456,Electronics,NovaTech,True,3.94,Campaign,0.1,Shopee,PromptPay,1,1006.34,0.2,201.27,805.07,1,10,3,0,0,0
LGS1ORD0001131,C000121,2025-03-31 12:00:00,Female,44,Bronze,TV,Bangkok,1019,Electronics,ShieldCase,False,3.8,Campaign,0.1,Web,Credit_Card,3,7258.67,0.13,2830.88,18945.13,3,12,3,0,0,0
LGS1ORD0001132,C000963,2025-03-31 14:00:00,Other,18,Bronze,Shopee,Chonburi,672,Kitchen,ChefHome,False,4.13,Campaign,0.15,TV_Show,COD,1,5062.06,0.18,911.17,4150.89,1,14,3,0,0,0
LGS1ORD0001133,C000354,2025-03-31 16:00:00,Female,35,Bronze,Lazada,Nakhon Ratchasima,554,Cosmetics,Beauty Lab,False,3.9,Clearance,0.2,Web,COD,1,1657.38,0.23,381.2,1276.19,1,16,3,0,0,0
LGS1ORD0001134,C000914,2025-03-31 18:00:00,Female,48,Silver,Shopee,Phuket,633,Electronics,ShieldCase,True,4.04,Campaign,0.1,Lazada,COD,3,10982.54,0.15,4942.14,28005.48,3,18,3,0,0,0
LGS1ORD0001135,C001131,2025-03-31 20:00:00,Male,23,Gold,Lazada,Nakhon Ratchasima,332,Fashion,UrbanWear,True,3.71,Campaign,0.1,Lazada,Credit_Card,1,646.12,0.18,116.3,529.82,4,20,3,0,0,0
LGS1ORD0001136,C000340,2025-03-31 22:00:00,Female,28,Gold,Lazada,Songkhla,281,Health,MediCare,False,4.4,No Promotion,0.0,CallCenter,Credit_Card,1,3848.21,0.08,307.86,3540.35,1,22,3,0,0,0
LGS1ORD0001137,C000851,2025-04-01 00:00:00,Male,18,Bronze,Lazada,Chiang Mai,1091,Fashion,SilkTouch,False,3.43,Campaign,0.05,TV_Show,COD,2,1357.71,0.08,217.23,2498.19,3,0,4,1,0,0
LGS1ORD0001138,C001117,2025-04-01 01:00:00,Male,45,Bronze,TV,Nakhon Ratchasima,833,Fashion,FitStyle,False,3.72,Clearance,0.2,TV_Show,COD,3,2117.17,0.23,1460.85,4890.66,4,1,4,1,0,1
LGS1ORD0001139,C000993,2025-04-01 03:00:00,Male,42,Silver,Lazada,Chiang Mai,1384,Health,WellPlus,True,4.28,Clearance,0.25,Lazada,PromptPay,1,1382.09,0.3,414.63,967.46,5,3,4,1,0,0
LGS1ORD0001140,C000384,2025-04-01 05:00:00,Female,35,Gold,Shopee,Bangkok,1493,Home_Appliance,PureAir,True,4.11,No Promotion,0.0,TV_Show,COD,1,3304.97,0.08,264.4,3040.58,5,5,4,1,0,0
LGS1ORD0001141,C001026,2025-04-01 07:00:00,Female,35,Silver,Lazada,Chiang Mai,701,Electronics,ShieldCase,True,3.79,Campaign,0.15,CallCenter,PromptPay,3,7250.49,0.2,4350.3,17401.19,3,7,4,1,0,0
LGS1ORD0001142,C000375,2025-04-01 09:00:00,Male,51,Gold,TV,Nakhon Ratchasima,514,Kitchen,CookEasy,True,4.04,Campaign,0.05,Web,COD,1,4714.25,0.13,612.85,4101.4,3,9,4,1,0,1
LGS1ORD0001143,C000403,2025-04-01 11:00:00,Female,37,Platinum,Shopee,Remote_Area,635,Home_Appliance,PureAir,True,4.08,Campaign,0.1,CallCenter,Credit_Card,3,1519.62,0.2,911.77,3647.08,3,11,4,1,0,0
LGS1ORD0001144,C000649,2025-04-01 13:00:00,Male,52,Silver,Lazada,Khon Kaen,360,Cosmetics,FreshLook,False,3.94,Campaign,0.05,Web,PromptPay,2,997.86,0.1,199.57,1796.15,3,13,4,1,0,0
LGS1ORD0001145,C001131,2025-04-01 15:00:00,Male,23,Gold,Lazada,Nakhon Ratchasima,333,Kitchen,CookEasy,False,4.19,Campaign,0.1,Shopee,PromptPay,1,5377.87,0.18,968.02,4409.85,4,15,4,1,0,0
LGS1ORD0001146,C000313,2025-04-01 17:00:00,Female,25,Gold,Web,Chiang Mai,281,Kitchen,ChefHome,False,4.22,Campaign,0.05,CallCenter,Credit_Card,3,1210.6,0.13,472.13,3159.67,1,17,4,1,0,0
LGS1ORD0001147,C000605,2025-04-01 19:00:00,Female,40,Silver,TV,Chiang Mai,525,Electronics,GadgetWorld,False,3.98,Campaign,0.15,Web,Credit_Card,1,3070.87,0.2,614.17,2456.69,3,19,4,1,0,0
LGS1ORD0001148,C000354,2025-04-01 20:00:00,Female,35,Bronze,Lazada,Nakhon Ratchasima,555,Health,WellPlus,False,4.37,Clearance,0.25,CallCenter,COD,1,3991.96,0.28,1117.75,2874.21,3,20,4,1,0,0
LGS1ORD0001149,C000046,2025-04-01 22:00:00,Female,35,Bronze,CallCenter,Nakhon Ratchasima,1091,Home_Appliance,CleanMate,True,3.75,Clearance,0.2,TV_Show,COD,2,5433.78,0.23,2499.54,8368.02,4,22,4,1,0,1
LGS1ORD0001150,C001199,2025-04-02 00:00:00,Male,72,Bronze,Web,Khon Kaen,727,Fashion,FitStyle,False,3.51,Campaign,0.05,Web,Credit_Card,1,869.28,0.08,69.54,799.74,1,0,4,2,0,0
LGS1ORD0001151,C000941,2025-04-02 02:00:00,Female,55,Gold,TV,Bangkok,416,Fashion,UrbanWear,False,3.45,Campaign,0.15,Lazada,COD,1,1164.51,0.2299999999999999,267.84,896.67,3,2,4,2,0,1
LGS1ORD0001152,C000091,2025-04-02 04:00:00,Female,28,Silver,TV,Chiang Mai,175,Electronics,ShieldCase,False,3.77,Clearance,0.2,TV_Show,Credit_Card,2,2818.1,0.25,1409.05,4227.15,5,4,4,2,0,0
LGS1ORD0001153,C000781,2025-04-02 06:00:00,Female,49,Bronze,Web,Khon Kaen,1105,Electronics,ShieldCase,False,3.77,Clearance,0.2,Web,COD,2,2656.18,0.23,1221.84,4090.51,5,6,4,2,0,0
LGS1ORD0001154,C001029,2025-04-02 08:00:00,Male,19,Bronze,Shopee,Bangkok,468,Electronics,ShieldCase,True,3.7,Campaign,0.05,Shopee,COD,2,10089.0,0.08,1614.24,18563.76,5,8,4,2,0,1
LGS1ORD0001155,C000435,2025-04-02 10:00:00,Female,66,Bronze,TV,Chonburi,1311,Fashion,UrbanWear,True,3.61,Campaign,0.15,Web,Bank_Transfer,2,1050.37,0.18,378.13,1722.61,1,10,4,2,0,0
LGS1ORD0001156,C001008,2025-04-02 12:00:00,Other,35,Bronze,TV,Bangkok,443,Kitchen,ChefHome,True,4.23,Campaign,0.1,Shopee,COD,1,2069.93,0.13,269.09,1800.84,1,12,4,2,0,0
LGS1ORD0001157,C001188,2025-04-02 14:00:00,Female,60,Silver,Lazada,Khon Kaen,1314,Electronics,NovaTech,False,3.7,Campaign,0.1,CallCenter,PromptPay,1,6082.25,0.15,912.34,5169.92,3,14,4,2,0,0
LGS1ORD0001158,C000560,2025-04-02 15:00:00,Female,51,Bronze,CallCenter,Bangkok,1052,Electronics,NovaTech,False,3.77,Campaign,0.15,Lazada,COD,2,5881.97,0.18,2117.51,9646.44,3,15,4,2,0,0
LGS1ORD0001159,C000789,2025-04-02 17:00:00,Other,22,Bronze,Shopee,Chonburi,212,Health,MediCare,True,4.26,No Promotion,0.0,TV_Show,COD,4,4765.37,0.03,571.84,18489.62,1,17,4,2,0,0
LGS1ORD0001160,C000087,2025-04-02 19:00:00,Female,68,Platinum,TV,Nakhon Ratchasima,1141,Fashion,SilkTouch,False,3.65,Campaign,0.15,TV_Show,COD,1,1916.18,0.25,479.05,1437.14,5,19,4,2,0,1
LGS1ORD0001161,C000430,2025-04-02 21:00:00,Female,46,Bronze,CallCenter,Khon Kaen,422,Fashion,SilkTouch,False,3.5,Clearance,0.2,Web,Credit_Card,2,1898.1,0.23,873.13,2923.07,1,21,4,2,0,0
LGS1ORD0001162,C000635,2025-04-02 23:00:00,Female,44,Gold,Web,Bangkok,1078,Home_Appliance,CleanMate,False,4.14,Campaign,0.15,Lazada,COD,1,13266.91,0.2299999999999999,3051.39,10215.52,4,23,4,2,0,1
LGS1ORD0001163,C001188,2025-04-03 01:00:00,Female,60,Silver,Lazada,Khon Kaen,1315,Home_Appliance,PureAir,False,4.42,Campaign,0.1,Web,COD,1,9708.51,0.15,1456.28,8252.23,1,1,4,3,0,0
LGS1ORD0001164,C000858,2025-04-03 03:00:00,Female,38,Bronze,TV,Chiang Mai,156,Cosmetics,FreshLook,False,4.2,Campaign,0.1,Web,Credit_Card,1,1541.64,0.13,200.41,1341.22,3,3,4,3,0,0
LGS1ORD0001165,C000727,2025-04-03 05:00:00,Other,43,Silver,Lazada,Songkhla,1099,Cosmetics,SunSafe,False,4.31,No Promotion,0.0,Web,Credit_Card,1,490.81,0.05,24.54,466.27,5,5,4,3,0,0
LGS1ORD0001166,C000723,2025-04-03 07:00:00,Male,41,Gold,TV,Chonburi,428,Home_Appliance,CleanMate,False,4.07,Campaign,0.05,TV_Show,COD,2,7854.83,0.13,2042.26,13667.4,3,7,4,3,0,1
LGS1ORD0001167,C000769,2025-04-03 09:00:00,Male,32,Bronze,Shopee,Chiang Mai,762,Kitchen,KitchenMax,False,3.83,Campaign,0.1,Lazada,COD,2,4319.82,0.13,1123.15,7516.49,3,9,4,3,0,0
LGS1ORD0001168,C000641,2025-04-03 10:00:00,Male,57,Bronze,TV,Chonburi,188,Electronics,GadgetWorld,False,3.89,Campaign,0.15,CallCenter,Bank_Transfer,2,3273.15,0.18,1178.33,5367.97,1,10,4,3,0,1
LGS1ORD0001169,C000143,2025-04-03 12:00:00,Female,29,Bronze,TV,Nakhon Ratchasima,261,Kitchen,ChefHome,True,4.23,Campaign,0.15,CallCenter,COD,2,1955.58,0.18,704.01,3207.16,1,12,4,3,0,0
LGS1ORD0001170,C001052,2025-04-03 14:00:00,Female,39,Platinum,Web,Chiang Mai,558,Fashion,SilkTouch,False,3.77,No Promotion,0.0,Shopee,COD,1,949.65,0.1,94.97,854.69,1,14,4,3,0,0
LGS1ORD0001171,C001099,2025-04-03 16:00:00,Female,59,Silver,Shopee,Phuket,996,Electronics,GadgetWorld,False,3.78,Campaign,0.05,Shopee,Credit_Card,1,5447.12,0.1,544.71,4902.41,5,16,4,3,0,1
LGS1ORD0001172,C000557,2025-04-03 18:00:00,Female,23,Bronze,Shopee,Bangkok,983,Electronics,NovaTech,True,3.94,Clearance,0.2,TV_Show,COD,1,11264.63,0.23,2590.87,8673.77,4,18,4,3,0,0
LGS1ORD0001173,C001051,2025-04-03 20:00:00,Female,53,Silver,TV,Nakhon Ratchasima,807,Cosmetics,Beauty Lab,False,4.5,No Promotion,0.0,TV_Show,COD,3,1226.09,0.05,183.91,3494.36,3,20,4,3,0,0
LGS1ORD0001174,C000350,2025-04-03 22:00:00,Male,44,Gold,Shopee,Chiang Mai,921,Kitchen,CookEasy,True,4.04,No Promotion,0.0,CallCenter,Credit_Card,1,4945.16,0.08,395.61,4549.55,1,22,4,3,0,0
LGS1ORD0001175,C001005,2025-04-04 00:00:00,Male,46,Gold,Lazada,Nakhon Ratchasima,942,Kitchen,CookEasy,False,4.09,Campaign,0.15,TV_Show,Credit_Card,1,1319.69,0.2299999999999999,303.53,1016.16,1,0,4,4,0,0
LGS1ORD0001176,C000499,2025-04-04 02:00:00,Female,45,Silver,TV,Songkhla,200,Home_Appliance,PureAir,False,4.02,No Promotion,0.0,TV_Show,COD,2,11688.24,0.05,1168.82,22207.66,1,2,4,4,0,0
LGS1ORD0001177,C000132,2025-04-04 04:00:00,Female,18,Bronze,TV,Chonburi,763,Kitchen,ChefHome,True,4.18,Campaign,0.05,Shopee,COD,3,2383.9,0.08,572.14,6579.58,5,4,4,4,0,0
LGS1ORD0001178,C000196,2025-04-04 05:00:00,Male,25,Silver,Lazada,Bangkok,1202,Kitchen,CookEasy,False,4.09,No Promotion,0.0,TV_Show,Credit_Card,3,5495.1,0.05,824.27,15661.04,1,5,4,4,0,0
LGS1ORD0001179,C001005,2025-04-04 07:00:00,Male,46,Gold,Lazada,Nakhon Ratchasima,942,Home_Appliance,PureAir,True,4.2,Campaign,0.15,CallCenter,PromptPay,1,12220.62,0.2299999999999999,2810.74,9409.88,5,7,4,4,0,0
LGS1ORD0001180,C001093,2025-04-04 09:00:00,Male,63,Silver,Shopee,Songkhla,1092,Home_Appliance,HomePro,True,4.16,Campaign,0.15,Web,COD,4,8755.71,0.2,7004.57,28018.28,1,9,4,4,0,0
LGS1ORD0001181,C000740,2025-04-04 11:00:00,Male,32,Platinum,Lazada,Songkhla,1237,Home_Appliance,PureAir,False,3.58,No Promotion,0.0,Lazada,COD,2,7798.48,0.1,1559.7,14037.27,3,11,4,4,0,1
LGS1ORD0001182,C000084,2025-04-04 13:00:00,Male,52,Silver,Shopee,Bangkok,1365,Electronics,GadgetWorld,False,3.57,Clearance,0.2,Web,PromptPay,1,592.04,0.25,148.01,444.03,5,13,4,4,0,0
LGS1ORD0001183,C001071,2025-04-04 15:00:00,Female,43,Silver,Lazada,Khon Kaen,789,Kitchen,ChefHome,False,4.13,Campaign,0.05,Shopee,COD,2,5413.73,0.1,1082.75,9744.72,1,15,4,4,0,0
LGS1ORD0001184,C000772,2025-04-04 17:00:00,Male,40,Gold,Web,Bangkok,365,Home_Appliance,CleanMate,True,4.32,Campaign,0.1,Web,Credit_Card,2,3767.62,0.18,1356.34,6178.89,5,17,4,4,0,0
LGS1ORD0001185,C000925,2025-04-04 19:00:00,Female,36,Platinum,Lazada,Bangkok,395,Fashion,SilkTouch,False,3.87,No Promotion,0.0,Shopee,Bank_Transfer,1,2656.39,0.1,265.64,2390.75,3,19,4,4,0,0
LGS1ORD0001186,C001052,2025-04-04 21:00:00,Female,39,Platinum,Web,Chiang Mai,559,Fashion,FitStyle,False,3.41,No Promotion,0.0,Web,PromptPay,1,856.86,0.1,85.69,771.18,5,21,4,4,0,0
LGS1ORD0001187,C000052,2025-04-04 23:00:00,Female,61,Silver,Web,Phuket,1368,Fashion,FitStyle,False,3.18,Clearance,0.25,Shopee,COD,2,594.36,0.3,356.62,832.1,5,23,4,4,0,1
LGS1ORD0001188,C000300,2025-04-05 00:00:00,Female,43,Bronze,TV,Remote_Area,1224,Cosmetics,FreshLook,False,3.94,No Promotion,0.0,Shopee,Credit_Card,1,430.75,0.03,12.92,417.83,4,0,4,5,1,0
LGS1ORD0001189,C001134,2025-04-05 02:00:00,Female,34,Bronze,CallCenter,Songkhla,661,Cosmetics,SunSafe,True,4.1,No Promotion,0.0,CallCenter,COD,1,596.37,0.03,17.89,578.48,5,2,4,5,1,1
LGS1ORD0001190,C001138,2025-04-05 04:00:00,Male,26,Gold,Lazada,Khon Kaen,703,Home_Appliance,PureAir,True,4.06,No Promotion,0.0,TV_Show,Credit_Card,1,3978.05,0.08,318.24,3659.8,4,4,4,5,1,0
LGS1ORD0001191,C000666,2025-04-05 06:00:00,Male,51,Silver,TV,Bangkok,818,Fashion,FitStyle,False,4.0,Campaign,0.05,Shopee,PromptPay,1,2672.96,0.1,267.3,2405.66,4,6,4,5,1,0
LGS1ORD0001192,C000628,2025-04-05 08:00:00,Male,43,Bronze,CallCenter,Bangkok,898,Kitchen,ChefHome,False,3.9,Campaign,0.1,TV_Show,COD,1,3148.72,0.13,409.33,2739.39,5,8,4,5,1,0
LGS1ORD0001193,C000431,2025-04-05 10:00:00,Male,56,Silver,CallCenter,Songkhla,948,Kitchen,KitchenMax,False,4.0,Campaign,0.15,TV_Show,COD,2,4951.99,0.2,1980.8,7923.18,5,10,4,5,1,0
LGS1ORD0001194,C000561,2025-04-05 12:00:00,Male,41,Bronze,TV,Nakhon Ratchasima,695,Health,WellPlus,True,3.95,Campaign,0.15,Web,COD,1,1213.62,0.18,218.45,995.17,4,12,4,5,1,0
LGS1ORD0001195,C000378,2025-04-05 14:00:00,Male,45,Silver,TV,Bangkok,1404,Fashion,FitStyle,False,3.41,Campaign,0.15,Lazada,Bank_Transfer,1,542.33,0.2,108.47,433.87,3,14,4,5,1,0
LGS1ORD0001196,C000605,2025-04-05 16:00:00,Female,40,Silver,TV,Chiang Mai,529,Cosmetics,SunSafe,False,3.75,No Promotion,0.0,Web,COD,1,2174.52,0.05,108.73,2065.79,3,16,4,5,1,1
LGS1ORD0001197,C001099,2025-04-05 18:00:00,Female,59,Silver,Shopee,Phuket,998,Health,VitaLife,False,4.44,No Promotion,0.0,Web,COD,2,1593.76,0.05,159.38,3028.14,5,18,4,5,1,0
LGS1ORD0001198,C001195,2025-04-05 19:00:00,Female,35,Bronze,TV,Bangkok,846,Cosmetics,SunSafe,False,4.28,Campaign,0.1,Web,PromptPay,1,1332.7,0.13,173.25,1159.45,4,19,4,5,1,0
LGS1ORD0001199,C000315,2025-04-05 21:00:00,Female,48,Silver,Shopee,Bangkok,581,Electronics,ShieldCase,False,3.82,No Promotion,0.0,Lazada,Credit_Card,3,7168.78,0.05,1075.32,20431.01,3,21,4,5,1,0
LGS1ORD0001200,C000581,2025-04-05 23:00:00,Male,18,Platinum,TV,Bangkok,789,Electronics,GadgetWorld,True,4.17,Campaign,0.05,CallCenter,PromptPay,1,3067.07,0.15,460.06,2607.01,1,23,4,5,1,0
LGS1ORD0001201,C000475,2025-04-06 01:00:00,Female,48,Silver,Shopee,Bangkok,1282,Fashion,FitStyle,False,3.7,Campaign,0.15,CallCenter,COD,2,2184.56,0.2,873.83,3495.3,1,1,4,6,1,1
LGS1ORD0001202,C000437,2025-04-06 03:00:00,Female,44,Bronze,CallCenter,Khon Kaen,1319,Fashion,UrbanWear,False,3.69,Campaign,0.15,Web,COD,4,2525.6,0.18,1818.43,8283.95,3,3,4,6,1,0
LGS1ORD0001203,C000140,2025-04-06 05:00:00,Female,59,Gold,TV,Songkhla,498,Fashion,UrbanWear,False,3.75,No Promotion,0.0,Shopee,Credit_Card,1,789.19,0.08,63.14,726.06,4,5,4,6,1,0
LGS1ORD0001204,C000315,2025-04-06 07:00:00,Female,48,Silver,Shopee,Bangkok,582,Electronics,NovaTech,True,3.46,Clearance,0.2,CallCenter,COD,3,7146.15,0.25,5359.61,16078.83,3,7,4,6,1,0
LGS1ORD0001205,C000335,2025-04-06 09:00:00,Male,19,Gold,Web,Bangkok,1493,Home_Appliance,PureAir,False,4.11,No Promotion,0.0,Web,PromptPay,1,6302.42,0.08,504.19,5798.23,1,9,4,6,1,0
LGS1ORD0001206,C000590,2025-04-06 11:00:00,Female,46,Bronze,Shopee,Nakhon Ratchasima,1229,Home_Appliance,PureAir,False,4.42,No Promotion,0.0,Lazada,COD,2,9493.0,0.03,569.58,18416.43,5,11,4,6,1,1
LGS1ORD0001207,C001055,2025-04-06 13:00:00,Male,44,Gold,Lazada,Chiang Mai,1255,Home_Appliance,HomePro,True,3.97,Campaign,0.05,TV_Show,COD,1,8171.4,0.13,1062.28,7109.12,4,13,4,6,1,0
LGS1ORD0001208,C000122,2025-04-06 14:00:00,Female,41,Bronze,TV,Remote_Area,777,Kitchen,CookEasy,True,4.04,Clearance,0.2,CallCenter,Credit_Card,1,5013.46,0.23,1153.1,3860.36,1,14,4,6,1,1
LGS1ORD0001209,C000963,2025-04-06 16:00:00,Other,18,Bronze,Shopee,Chonburi,678,Electronics,GadgetWorld,False,3.74,Clearance,0.25,Web,Credit_Card,1,1416.0,0.28,396.48,1019.52,3,16,4,6,1,0
LGS1ORD0001210,C000572,2025-04-06 18:00:00,Female,31,Bronze,Web,Khon Kaen,1133,Cosmetics,Beauty Lab,False,3.94,Clearance,0.2,Web,PromptPay,3,1722.32,0.23,1188.4,3978.56,4,18,4,6,1,0
LGS1ORD0001211,C000219,2025-04-06 20:00:00,Female,38,Bronze,TV,Chiang Mai,799,Electronics,ShieldCase,False,3.64,No Promotion,0.0,TV_Show,Credit_Card,2,1118.94,0.03,67.14,2170.75,4,20,4,6,1,0
LGS1ORD0001212,C000302,2025-04-06 22:00:00,Female,46,Gold,TV,Songkhla,893,Fashion,UrbanWear,False,3.51,Campaign,0.05,TV_Show,Credit_Card,2,453.06,0.13,117.8,788.33,5,22,4,6,1,0
LGS1ORD0001213,C000934,2025-04-07 00:00:00,Male,18,Gold,Shopee,Bangkok,691,Electronics,ShieldCase,False,3.82,Clearance,0.25,TV_Show,Credit_Card,2,6916.96,0.33,4565.19,9268.73,3,0,4,0,0,0
LGS1ORD0001214,C000784,2025-04-07 02:00:00,Female,51,Gold,Shopee,Bangkok,1526,Fashion,FitStyle,False,3.44,Clearance,0.2,Web,Credit_Card,2,867.96,0.28,486.06,1249.87,3,2,4,0,0,1
LGS1ORD0001215,C000296,2025-04-07 04:00:00,Female,47,Bronze,TV,Remote_Area,1152,Fashion,FitStyle,False,3.48,Campaign,0.15,Web,COD,1,1802.12,0.18,324.38,1477.74,3,4,4,0,0,1
LGS1ORD0001216,C000821,2025-04-07 06:00:00,Male,56,Bronze,Lazada,Remote_Area,726,Health,VitaLife,True,4.05,Clearance,0.2,TV_Show,COD,1,3802.83,0.23,874.65,2928.18,3,6,4,0,0,1
LGS1ORD0001217,C001125,2025-04-07 08:00:00,Male,57,Bronze,TV,Phuket,1046,Home_Appliance,CleanMate,False,4.05,Campaign,0.15,Web,Credit_Card,1,8984.44,0.18,1617.2,7367.24,4,8,4,0,0,0
LGS1ORD0001218,C000797,2025-04-07 09:00:00,Male,25,Gold,Web,Songkhla,1305,Home_Appliance,HomePro,True,3.76,No Promotion,0.0,Lazada,Bank_Transfer,1,12177.86,0.08,974.23,11203.63,3,9,4,0,0,0
LGS1ORD0001219,C000575,2025-04-07 11:00:00,Female,27,Bronze,TV,Chonburi,249,Electronics,NovaTech,True,3.64,Campaign,0.15,Lazada,COD,3,1476.93,0.18,797.54,3633.26,5,11,4,0,0,1
LGS1ORD0001220,C000974,2025-04-07 13:00:00,Female,35,Bronze,TV,Remote_Area,1123,Home_Appliance,CleanMate,True,4.06,Campaign,0.15,Lazada,Credit_Card,2,5425.38,0.18,1953.14,8897.62,3,13,4,0,0,0
LGS1ORD0001221,C000136,2025-04-07 15:00:00,Female,45,Bronze,Web,Khon Kaen,131,Cosmetics,FreshLook,False,4.22,Campaign,0.15,TV_Show,COD,1,1455.44,0.18,261.98,1193.46,5,15,4,0,0,0
LGS1ORD0001222,C000674,2025-04-07 17:00:00,Female,34,Bronze,Shopee,Khon Kaen,355,Home_Appliance,PureAir,False,4.2,Campaign,0.15,TV_Show,COD,1,15428.01,0.18,2777.04,12650.96,1,17,4,0,0,0
LGS1ORD0001223,C000523,2025-04-07 19:00:00,Male,18,Bronze,Lazada,Chiang Mai,630,Electronics,NovaTech,True,3.5,Campaign,0.05,Web,Bank_Transfer,1,5164.42,0.08,413.15,4751.27,5,19,4,0,0,1
LGS1ORD0001224,C000018,2025-04-07 21:00:00,Female,28,Silver,Web,Phuket,1471,Electronics,ShieldCase,False,3.7,Clearance,0.2,Web,Bank_Transfer,1,12013.28,0.25,3003.32,9009.96,3,21,4,0,0,0
LGS1ORD0001225,C000918,2025-04-07 23:00:00,Male,59,Silver,Web,Bangkok,526,Fashion,FitStyle,False,3.69,No Promotion,0.0,Shopee,Credit_Card,1,898.96,0.05,44.95,854.01,4,23,4,0,0,1
LGS1ORD0001226,C000046,2025-04-08 01:00:00,Female,35,Bronze,CallCenter,Nakhon Ratchasima,1098,Electronics,GadgetWorld,False,4.07,Clearance,0.2,CallCenter,COD,2,1125.28,0.23,517.63,1732.93,3,1,4,1,0,0
LGS1ORD0001227,C001026,2025-04-08 03:00:00,Female,35,Silver,Lazada,Chiang Mai,708,Home_Appliance,CleanMate,False,4.05,Campaign,0.15,Web,COD,2,9444.89,0.2,3777.96,15111.82,5,3,4,1,0,1
LGS1ORD0001228,C001028,2025-04-08 05:00:00,Female,41,Gold,Web,Remote_Area,1426,Health,WellPlus,False,4.38,Campaign,0.1,Shopee,Credit_Card,2,1006.96,0.18,362.5,1651.41,4,5,4,1,0,1
LGS1ORD0001229,C000487,2025-04-08 06:00:00,Female,45,Gold,CallCenter,Bangkok,825,Electronics,NovaTech,False,3.75,Clearance,0.2,Shopee,COD,2,10216.74,0.28,5721.37,14712.1,1,6,4,1,0,0
LGS1ORD0001230,C000151,2025-04-08 08:00:00,Male,48,Gold,Shopee,Khon Kaen,1114,Health,MediCare,False,4.62,No Promotion,0.0,CallCenter,Bank_Transfer,2,2863.34,0.08,458.13,5268.55,5,8,4,1,0,0
LGS1ORD0001231,C000737,2025-04-08 10:00:00,Male,51,Bronze,CallCenter,Bangkok,1436,Home_Appliance,PureAir,True,4.0,No Promotion,0.0,CallCenter,PromptPay,1,12829.29,0.03,384.88,12444.41,1,10,4,1,0,0
LGS1ORD0001232,C000896,2025-04-08 12:00:00,Female,37,Bronze,TV,Remote_Area,1533,Cosmetics,FreshLook,False,4.13,Campaign,0.15,Web,COD,1,835.14,0.18,150.32,684.81,5,12,4,1,0,0
LGS1ORD0001233,C000074,2025-04-08 14:00:00,Male,32,Bronze,TV,Phuket,1313,Electronics,GadgetWorld,True,4.0,No Promotion,0.0,TV_Show,Credit_Card,1,2621.78,0.03,78.65,2543.13,3,14,4,1,0,0
LGS1ORD0001234,C000095,2025-04-08 16:00:00,Male,69,Bronze,Lazada,Remote_Area,1554,Electronics,NovaTech,False,3.81,Clearance,0.2,Lazada,COD,1,10713.52,0.23,2464.11,8249.41,3,16,4,1,0,1
LGS1ORD0001235,C000496,2025-04-08 18:00:00,Male,55,Bronze,Web,Remote_Area,536,Fashion,SilkTouch,False,3.21,Clearance,0.2,CallCenter,COD,2,2012.45,0.23,925.73,3099.17,1,18,4,1,0,1
LGS1ORD0001236,C000653,2025-04-08 20:00:00,Female,32,Gold,Lazada,Khon Kaen,141,Fashion,FitStyle,False,3.7,Clearance,0.2,Web,Bank_Transfer,1,2263.02,0.28,633.65,1629.38,5,20,4,1,0,0
LGS1ORD0001237,C000755,2025-04-08 22:00:00,Female,18,Platinum,CallCenter,Bangkok,1322,Electronics,NovaTech,True,3.94,Campaign,0.05,Web,COD,2,926.79,0.15,278.04,1575.55,5,22,4,1,0,0
LGS1ORD0001238,C000360,2025-04-09 00:00:00,Female,50,Platinum,Shopee,Songkhla,227,Cosmetics,FreshLook,True,3.82,Clearance,0.2,Web,COD,1,1597.39,0.3,479.22,1118.17,3,0,4,2,0,1
LGS1ORD0001239,C000794,2025-04-09 01:00:00,Female,49,Bronze,Web,Bangkok,1098,Fashion,UrbanWear,False,3.22,Clearance,0.2,Shopee,Credit_Card,2,899.68,0.23,413.85,1385.5,3,1,4,2,0,1
LGS1ORD0001240,C000227,2025-04-09 03:00:00,Male,43,Gold,Web,Khon Kaen,1388,Kitchen,ChefHome,False,4.2,No Promotion,0.0,Shopee,Credit_Card,1,3470.67,0.08,277.65,3193.02,3,3,4,2,0,0
LGS1ORD0001241,C000243,2025-04-09 05:00:00,Female,35,Bronze,Lazada,Bangkok,1144,Cosmetics,SunSafe,False,4.47,No Promotion,0.0,Lazada,PromptPay,2,1154.76,0.03,69.29,2240.23,5,5,4,2,0,0
LGS1ORD0001242,C000830,2025-04-09 07:00:00,Female,56,Bronze,TV,Bangkok,356,Cosmetics,FreshLook,True,4.1,Clearance,0.2,Web,COD,2,1016.26,0.23,467.48,1565.04,1,7,4,2,0,0
LGS1ORD0001243,C000354,2025-04-09 09:00:00,Female,35,Bronze,Lazada,Nakhon Ratchasima,563,Fashion,UrbanWear,False,3.81,Campaign,0.15,TV_Show,COD,1,1905.67,0.18,343.02,1562.65,5,9,4,2,0,0
LGS1ORD0001244,C000722,2025-04-09 11:00:00,Male,40,Bronze,TV,Songkhla,781,Electronics,ShieldCase,False,3.97,Campaign,0.05,Lazada,COD,2,2854.1,0.08,456.66,5251.54,1,11,4,2,0,0
LGS1ORD0001245,C001167,2025-04-09 13:00:00,Female,66,Bronze,Web,Khon Kaen,1268,Health,WellPlus,False,4.37,Clearance,0.25,TV_Show,Credit_Card,1,3925.6,0.28,1099.17,2826.43,3,13,4,2,0,0
LGS1ORD0001246,C000687,2025-04-09 15:00:00,Female,48,Silver,Web,Chiang Mai,1478,Fashion,UrbanWear,False,3.51,Campaign,0.05,TV_Show,PromptPay,1,455.53,0.1,45.55,409.98,3,15,4,2,0,0
LGS1ORD0001247,C000275,2025-04-09 17:00:00,Male,41,Gold,Shopee,Chiang Mai,297,Health,WellPlus,True,4.22,Clearance,0.2,Web,COD,1,4116.24,0.28,1152.55,2963.69,4,17,4,2,0,0
LGS1ORD0001248,C000031,2025-04-09 19:00:00,Male,30,Silver,Web,Bangkok,1438,Health,WellPlus,False,4.39,Campaign,0.05,Web,COD,1,2467.13,0.1,246.71,2220.42,5,19,4,2,0,0
LGS1ORD0001249,C000210,2025-04-09 20:00:00,Female,39,Bronze,Shopee,Chonburi,849,Fashion,SilkTouch,False,3.43,Campaign,0.05,Shopee,COD,2,1187.97,0.08,190.08,2185.87,1,20,4,2,0,0
LGS1ORD0001250,C000391,2025-04-09 22:00:00,Female,49,Bronze,Lazada,Bangkok,403,Home_Appliance,CleanMate,False,4.47,No Promotion,0.0,Lazada,PromptPay,4,15783.74,0.03,1894.05,61240.91,5,22,4,2,0,0
LGS1ORD0001251,C000736,2025-04-10 00:00:00,Male,22,Platinum,Lazada,Bangkok,1383,Cosmetics,Beauty Lab,False,3.94,Clearance,0.25,Lazada,COD,1,1733.74,0.35,606.81,1126.93,5,0,4,3,0,0
LGS1ORD0001252,C000862,2025-04-10 02:00:00,Female,39,Silver,TV,Khon Kaen,1441,Kitchen,CookEasy,False,4.01,Campaign,0.05,TV_Show,Credit_Card,1,1765.11,0.1,176.51,1588.6,1,2,4,3,0,1
LGS1ORD0001253,C000080,2025-04-10 04:00:00,Female,39,Bronze,Web,Nakhon Ratchasima,312,Cosmetics,FreshLook,False,4.05,Campaign,0.15,Web,PromptPay,2,725.29,0.18,261.1,1189.47,1,4,4,3,0,0
LGS1ORD0001254,C000612,2025-04-10 06:00:00,Female,41,Bronze,TV,Bangkok,871,Kitchen,ChefHome,False,4.2,Campaign,0.15,Shopee,COD,2,3447.07,0.18,1240.95,5653.2,3,6,4,3,0,0
LGS1ORD0001255,C000431,2025-04-10 08:00:00,Male,56,Silver,CallCenter,Songkhla,953,Fashion,SilkTouch,True,3.91,Campaign,0.05,Web,Credit_Card,1,690.44,0.1,69.04,621.39,3,8,4,3,0,0
LGS1ORD0001256,C000046,2025-04-10 10:00:00,Female,35,Bronze,CallCenter,Nakhon Ratchasima,1100,Home_Appliance,CleanMate,True,4.0,Clearance,0.2,Shopee,Credit_Card,2,10527.82,0.23,4842.8,16212.85,3,10,4,3,0,1
LGS1ORD0001257,C000630,2025-04-10 12:00:00,Male,62,Gold,CallCenter,Chonburi,461,Health,MediCare,False,4.42,Campaign,0.05,Shopee,COD,3,2476.89,0.13,965.99,6464.68,1,12,4,3,0,0
LGS1ORD0001258,C000159,2025-04-10 14:00:00,Female,42,Bronze,CallCenter,Songkhla,1473,Cosmetics,Beauty Lab,False,3.9,No Promotion,0.0,TV_Show,COD,1,1645.32,0.03,49.36,1595.96,5,14,4,3,0,1
LGS1ORD0001259,C000466,2025-04-10 15:00:00,Male,41,Silver,Web,Chonburi,927,Home_Appliance,HomePro,False,4.29,Campaign,0.05,TV_Show,COD,1,1632.32,0.1,163.23,1469.08,1,15,4,3,0,0
LGS1ORD0001260,C000395,2025-04-10 17:00:00,Female,47,Bronze,TV,Phuket,550,Home_Appliance,CleanMate,True,4.32,Campaign,0.15,Lazada,Credit_Card,3,3844.29,0.18,2075.92,9456.95,5,17,4,3,0,0
LGS1ORD0001261,C001133,2025-04-10 19:00:00,Female,29,Silver,TV,Bangkok,1464,Fashion,FitStyle,False,3.7,Clearance,0.2,Web,Credit_Card,1,557.97,0.25,139.49,418.48,1,19,4,3,0,0
LGS1ORD0001262,C000143,2025-04-10 21:00:00,Female,29,Bronze,TV,Nakhon Ratchasima,268,Electronics,NovaTech,False,4.12,Campaign,0.05,Web,PromptPay,1,10498.67,0.08,839.89,9658.78,5,21,4,3,0,0
LGS1ORD0001263,C001124,2025-04-10 23:00:00,Male,29,Gold,Shopee,Bangkok,132,Electronics,NovaTech,True,3.5,No Promotion,0.0,Web,COD,1,7370.31,0.08,589.62,6780.69,1,23,4,3,0,0
LGS1ORD0001264,C000275,2025-04-11 01:00:00,Male,41,Gold,Shopee,Chiang Mai,299,Fashion,UrbanWear,False,3.51,Clearance,0.2,Lazada,COD,1,433.55,0.28,121.39,312.16,3,1,4,4,0,1
LGS1ORD0001265,C000982,2025-04-11 03:00:00,Female,43,Bronze,Web,Chonburi,1308,Kitchen,KitchenMax,True,4.1,Campaign,0.05,Lazada,PromptPay,1,2798.36,0.08,223.87,2574.49,3,3,4,4,0,0
LGS1ORD0001266,C000651,2025-04-11 05:00:00,Female,40,Bronze,TV,Khon Kaen,1261,Fashion,UrbanWear,False,3.72,Clearance,0.2,Web,COD,2,2744.6,0.23,1262.51,4226.68,3,5,4,4,0,0
LGS1ORD0001267,C000867,2025-04-11 07:00:00,Male,45,Bronze,Shopee,Remote_Area,1460,Electronics,GadgetWorld,False,3.83,Campaign,0.15,Web,COD,3,2186.72,0.18,1180.83,5379.34,1,7,4,4,0,1
LGS1ORD0001268,C000333,2025-04-11 09:00:00,Female,52,Bronze,Shopee,Remote_Area,587,Electronics,ShieldCase,False,3.97,Campaign,0.05,Web,Bank_Transfer,1,2894.08,0.08,231.53,2662.55,4,9,4,4,0,1
LGS1ORD0001269,C001048,2025-04-11 10:00:00,Male,31,Silver,TV,Nakhon Ratchasima,1454,Cosmetics,Beauty Lab,False,3.9,Campaign,0.15,Shopee,Credit_Card,1,1772.83,0.2,354.57,1418.26,3,10,4,4,0,0
LGS1ORD0001270,C000876,2025-04-11 12:00:00,Male,41,Bronze,CallCenter,Remote_Area,1260,Home_Appliance,PureAir,False,4.11,No Promotion,0.0,Lazada,COD,2,5974.16,0.03,358.45,11589.86,3,12,4,4,0,0
LGS1ORD0001271,C000084,2025-04-11 14:00:00,Male,52,Silver,Shopee,Bangkok,1372,Cosmetics,Beauty Lab,False,3.94,Clearance,0.2,Web,Credit_Card,1,1760.05,0.25,440.01,1320.04,5,14,4,4,0,0
LGS1ORD0001272,C000014,2025-04-11 16:00:00,Male,44,Bronze,Shopee,Nakhon Ratchasima,242,Electronics,GadgetWorld,False,3.61,No Promotion,0.0,Lazada,COD,2,5157.0,0.03,309.42,10004.57,4,16,4,4,0,0
LGS1ORD0001273,C000744,2025-04-11 18:00:00,Female,52,Gold,TV,Remote_Area,1118,Home_Appliance,PureAir,False,4.1,Clearance,0.2,Web,COD,1,11759.6,0.28,3292.69,8466.91,5,18,4,4,0,0
LGS1ORD0001274,C000179,2025-04-11 20:00:00,Female,18,Bronze,Web,Songkhla,1101,Fashion,FitStyle,False,3.68,Clearance,0.2,Shopee,COD,2,2015.66,0.23,927.2,3104.12,1,20,4,4,0,0
LGS1ORD0001275,C000893,2025-04-11 22:00:00,Male,58,Gold,CallCenter,Bangkok,341,Cosmetics,SunSafe,True,3.66,No Promotion,0.0,Shopee,PromptPay,1,1262.0,0.08,100.96,1161.04,3,22,4,4,0,1
LGS1ORD0001276,C000405,2025-04-12 00:00:00,Female,48,Bronze,Shopee,Nakhon Ratchasima,1557,Home_Appliance,HomePro,True,4.1,Campaign,0.15,Shopee,COD,3,3263.87,0.18,1762.49,8029.11,3,0,4,5,1,0
LGS1ORD0001277,C001030,2025-04-12 02:00:00,Female,59,Silver,Web,Chonburi,569,Fashion,UrbanWear,False,3.68,No Promotion,0.0,Web,COD,2,928.32,0.05,92.83,1763.8,3,2,4,5,1,1
LGS1ORD0001278,C000638,2025-04-12 04:00:00,Female,35,Silver,Lazada,Remote_Area,1190,Electronics,ShieldCase,True,3.86,Campaign,0.1,Shopee,COD,1,4228.8,0.15,634.32,3594.48,3,4,4,5,1,0
LGS1ORD0001279,C000561,2025-04-12 05:00:00,Male,41,Bronze,TV,Nakhon Ratchasima,702,Kitchen,KitchenMax,False,4.07,Campaign,0.15,Shopee,COD,1,3398.42,0.18,611.72,2786.71,3,5,4,5,1,0
LGS1ORD0001280,C000973,2025-04-12 07:00:00,Female,50,Bronze,TV,Bangkok,1003,Home_Appliance,CleanMate,True,3.73,Clearance,0.2,TV_Show,COD,2,2048.76,0.23,942.43,3155.09,1,7,4,5,1,0
LGS1ORD0001281,C000964,2025-04-12 09:00:00,Male,21,Bronze,TV,Chiang Mai,198,Fashion,FitStyle,False,3.44,Clearance,0.2,Web,Credit_Card,1,822.59,0.23,189.2,633.4,3,9,4,5,1,0
LGS1ORD0001282,C000212,2025-04-12 11:00:00,Male,38,Bronze,TV,Phuket,1131,Cosmetics,FreshLook,False,4.22,Clearance,0.2,Lazada,Bank_Transfer,3,1507.88,0.23,1040.44,3483.21,1,11,4,5,1,0
LGS1ORD0001283,C000689,2025-04-12 13:00:00,Female,48,Bronze,Shopee,Bangkok,885,Cosmetics,FreshLook,True,3.9,No Promotion,0.0,Lazada,COD,1,1164.18,0.03,34.93,1129.26,1,13,4,5,1,1
LGS1ORD0001284,C001001,2025-04-12 15:00:00,Male,40,Silver,TV,Songkhla,633,Fashion,FitStyle,False,3.44,No Promotion,0.0,TV_Show,COD,4,790.83,0.05,158.17,3005.16,1,15,4,5,1,0
LGS1ORD0001285,C000531,2025-04-12 17:00:00,Male,30,Bronze,Web,Songkhla,239,Electronics,ShieldCase,False,3.84,Campaign,0.05,Web,Credit_Card,3,1067.47,0.08,256.19,2946.22,4,17,4,5,1,0
LGS1ORD0001286,C000082,2025-04-12 19:00:00,Female,56,Gold,Lazada,Songkhla,565,Electronics,NovaTech,False,4.12,Campaign,0.1,Shopee,COD,1,10227.33,0.18,1840.92,8386.41,4,19,4,5,1,0
LGS1ORD0001287,C000513,2025-04-12 21:00:00,Male,59,Silver,CallCenter,Bangkok,1125,Home_Appliance,HomePro,True,4.07,Campaign,0.1,TV_Show,Credit_Card,2,1241.41,0.15,372.42,2110.41,1,21,4,5,1,1
LGS1ORD0001288,C000545,2025-04-12 23:00:00,Male,38,Bronze,TV,Nakhon Ratchasima,1250,Cosmetics,SunSafe,False,4.28,Clearance,0.2,Shopee,PromptPay,1,1308.98,0.23,301.07,1007.92,1,23,4,5,1,0
LGS1ORD0001289,C001107,2025-04-13 00:00:00,Male,34,Bronze,Lazada,Remote_Area,1388,Health,MediCare,False,4.24,Campaign,0.05,Web,PromptPay,2,1652.44,0.08,264.39,3040.49,1,0,4,6,1,1
LGS1ORD0001290,C000052,2025-04-13 02:00:00,Female,61,Silver,Web,Phuket,1377,Fashion,SilkTouch,False,3.47,Campaign,0.15,Lazada,Bank_Transfer,2,1820.93,0.2,728.37,2913.49,3,2,4,6,1,1
LGS1ORD0001291,C000041,2025-04-13 04:00:00,Female,37,Silver,CallCenter,Khon Kaen,241,Fashion,UrbanWear,False,4.16,No Promotion,0.0,Web,COD,1,1838.79,0.05,91.94,1746.85,1,4,4,6,1,1
LGS1ORD0001292,C000948,2025-04-13 06:00:00,Male,31,Bronze,Web,Chonburi,982,Electronics,GadgetWorld,False,3.71,No Promotion,0.0,TV_Show,COD,1,7732.83,0.03,231.98,7500.84,1,6,4,6,1,0
LGS1ORD0001293,C000019,2025-04-13 08:00:00,Male,61,Platinum,TV,Phuket,1255,Fashion,SilkTouch,False,3.48,Clearance,0.25,Lazada,COD,1,1581.39,0.35,553.49,1027.9,5,8,4,6,1,1
LGS1ORD0001294,C000882,2025-04-13 10:00:00,Female,33,Silver,Lazada,Remote_Area,1105,Fashion,UrbanWear,False,3.45,No Promotion,0.0,Shopee,PromptPay,1,1154.72,0.05,57.74,1096.99,4,10,4,6,1,0
LGS1ORD0001295,C000149,2025-04-13 12:00:00,Female,33,Silver,Shopee,Nakhon Ratchasima,1079,Home_Appliance,PureAir,True,4.11,Campaign,0.15,CallCenter,COD,1,3615.55,0.2,723.11,2892.44,3,12,4,6,1,0
LGS1ORD0001296,C001045,2025-04-13 14:00:00,Male,54,Silver,Shopee,Songkhla,735,Electronics,ShieldCase,False,3.64,Campaign,0.05,Web,PromptPay,1,1172.66,0.1,117.27,1055.4,3,14,4,6,1,0
LGS1ORD0001297,C001109,2025-04-13 16:00:00,Male,31,Bronze,Shopee,Chiang Mai,317,Cosmetics,Beauty Lab,False,3.76,Campaign,0.1,Lazada,PromptPay,1,1811.07,0.13,235.44,1575.63,4,16,4,6,1,0
LGS1ORD0001298,C000126,2025-04-13 18:00:00,Male,28,Bronze,CallCenter,Khon Kaen,998,Cosmetics,FreshLook,False,4.0,Campaign,0.15,CallCenter,COD,1,2117.23,0.18,381.1,1736.13,3,18,4,6,1,0
LGS1ORD0001299,C000534,2025-04-13 19:00:00,Female,43,Bronze,CallCenter,Chiang Mai,1525,Fashion,UrbanWear,True,3.78,No Promotion,0.0,Shopee,Credit_Card,1,1487.01,0.03,44.61,1442.4,1,19,4,6,1,0
LGS1ORD0001300,C000366,2025-04-13 21:00:00,Female,58,Platinum,Web,Chonburi,1474,Health,VitaLife,False,4.36,Campaign,0.1,TV_Show,Credit_Card,2,374.52,0.2,149.81,599.23,3,21,4,6,1,0
LGS1ORD0001301,C001108,2025-04-13 23:00:00,Male,64,Silver,Shopee,Remote_Area,1397,Electronics,NovaTech,False,3.75,No Promotion,0.0,CallCenter,COD,3,9754.09,0.05,1463.11,27799.15,1,23,4,6,1,0
LGS1ORD0001302,C000892,2025-04-14 01:00:00,Other,42,Bronze,Shopee,Chiang Mai,627,Health,MediCare,False,3.79,Clearance,0.2,CallCenter,Credit_Card,1,327.88,0.23,75.41,252.47,3,1,4,0,0,0
LGS1ORD0001303,C000730,2025-04-14 03:00:00,Female,59,Bronze,Shopee,Chiang Mai,189,Fashion,FitStyle,False,3.69,Campaign,0.15,Shopee,PromptPay,1,818.4,0.18,147.31,671.09,4,3,4,0,0,0
LGS1ORD0001304,C001064,2025-04-14 05:00:00,Male,37,Gold,Shopee,Remote_Area,1440,Health,VitaLife,False,4.36,Campaign,0.05,Web,Credit_Card,2,345.83,0.13,89.92,601.75,5,5,4,0,0,0
LGS1ORD0001305,C000350,2025-04-14 07:00:00,Male,44,Gold,Shopee,Chiang Mai,932,Fashion,SilkTouch,True,3.4,Campaign,0.15,TV_Show,COD,1,1694.48,0.2299999999999999,389.73,1304.75,4,7,4,0,0,0
LGS1ORD0001306,C000860,2025-04-14 09:00:00,Female,45,Silver,Lazada,Bangkok,121,Cosmetics,FreshLook,False,3.95,No Promotion,0.0,TV_Show,COD,1,1633.38,0.05,81.67,1551.72,3,9,4,0,0,0
LGS1ORD0001307,C000149,2025-04-14 11:00:00,Female,33,Silver,Shopee,Nakhon Ratchasima,1080,Health,VitaLife,False,4.16,Campaign,0.15,TV_Show,COD,4,3753.96,0.2,3003.17,12012.67,1,11,4,0,0,0
LGS1ORD0001308,C000492,2025-04-14 13:00:00,Female,43,Silver,Lazada,Nakhon Ratchasima,560,Fashion,UrbanWear,False,3.22,Campaign,0.15,Shopee,COD,1,884.99,0.2,177.0,707.99,5,13,4,0,0,1
LGS1ORD0001309,C000914,2025-04-14 14:00:00,Female,48,Silver,Shopee,Phuket,647,Electronics,NovaTech,True,3.46,Campaign,0.15,Web,COD,1,7614.91,0.2,1522.98,6091.92,4,14,4,0,0,0
LGS1ORD0001310,C000771,2025-04-14 16:00:00,Female,51,Silver,Shopee,Bangkok,648,Fashion,UrbanWear,False,3.6,Campaign,0.05,CallCenter,COD,2,730.4,0.1,146.08,1314.72,4,16,4,0,0,0
LGS1ORD0001311,C000039,2025-04-14 18:00:00,Female,48,Bronze,Shopee,Bangkok,1510,Home_Appliance,HomePro,True,4.33,No Promotion,0.0,TV_Show,COD,2,10606.4,0.03,636.38,20576.41,3,18,4,0,0,0
LGS1ORD0001312,C001200,2025-04-14 20:00:00,Female,41,Silver,Web,Bangkok,222,Health,VitaLife,True,4.67,Campaign,0.05,TV_Show,PromptPay,3,3499.22,0.1,1049.77,9447.9,1,20,4,0,0,0
LGS1ORD0001313,C001147,2025-04-14 22:00:00,Male,33,Platinum,TV,Chiang Mai,781,Kitchen,ChefHome,False,3.83,Campaign,0.05,Shopee,PromptPay,1,2306.75,0.15,346.01,1960.74,5,22,4,0,0,0
LGS1ORD0001314,C000285,2025-04-15 00:00:00,Female,65,Bronze,Shopee,Chiang Mai,1237,Cosmetics,FreshLook,False,4.2,No Promotion,0.0,Lazada,COD,3,1528.78,0.03,137.59,4448.74,3,0,4,1,0,0
LGS1ORD0001315,C001011,2025-04-15 02:00:00,Male,63,Bronze,Web,Bangkok,873,Cosmetics,FreshLook,False,3.94,Campaign,0.15,Lazada,Credit_Card,1,407.23,0.18,73.3,333.93,3,2,4,1,0,0
LGS1ORD0001316,C000751,2025-04-15 04:00:00,Female,39,Silver,TV,Nakhon Ratchasima,1077,Fashion,UrbanWear,True,3.78,No Promotion,0.0,Shopee,Credit_Card,2,1604.85,0.05,160.49,3049.22,3,4,4,1,0,1
LGS1ORD0001317,C001156,2025-04-15 06:00:00,Female,42,Silver,Web,Chiang Mai,590,Electronics,ShieldCase,True,4.33,Campaign,0.05,Shopee,COD,4,4656.42,0.1,1862.57,16763.1,1,6,4,1,0,0
LGS1ORD0001318,C000324,2025-04-15 08:00:00,Female,53,Silver,CallCenter,Chonburi,248,Cosmetics,SunSafe,True,3.98,Campaign,0.15,CallCenter,Credit_Card,1,2297.6,0.2,459.52,1838.08,3,8,4,1,0,0
LGS1ORD0001319,C001129,2025-04-15 09:00:00,Female,34,Bronze,Web,Khon Kaen,1261,Fashion,SilkTouch,False,3.86,Clearance,0.2,Lazada,PromptPay,1,2122.56,0.23,488.19,1634.37,3,9,4,1,0,0
LGS1ORD0001320,C000928,2025-04-15 11:00:00,Male,31,Gold,Shopee,Bangkok,1495,Electronics,ShieldCase,True,3.86,Campaign,0.15,Web,COD,2,4326.01,0.2299999999999999,1989.96,6662.05,3,11,4,1,0,1
LGS1ORD0001321,C001099,2025-04-15 13:00:00,Female,59,Silver,Shopee,Phuket,1008,Electronics,ShieldCase,True,4.04,Campaign,0.05,Lazada,Credit_Card,1,10786.28,0.1,1078.63,9707.66,4,13,4,1,0,0
LGS1ORD0001322,C000919,2025-04-15 15:00:00,Female,39,Gold,Web,Bangkok,1282,Electronics,NovaTech,False,4.06,Campaign,0.05,Shopee,COD,1,10520.05,0.13,1367.61,9152.44,1,15,4,1,0,0
LGS1ORD0001323,C000410,2025-04-15 17:00:00,Female,18,Silver,Shopee,Chonburi,1526,Home_Appliance,PureAir,True,4.2,Campaign,0.05,Shopee,PromptPay,1,11437.28,0.1,1143.73,10293.55,5,17,4,1,0,0
LGS1ORD0001324,C000562,2025-04-15 19:00:00,Male,54,Bronze,Lazada,Bangkok,1147,Electronics,NovaTech,True,3.94,Clearance,0.2,Shopee,COD,1,1031.7,0.23,237.29,794.41,3,19,4,1,0,0
LGS1ORD0001325,C000852,2025-04-15 21:00:00,Male,72,Bronze,Shopee,Nakhon Ratchasima,286,Fashion,UrbanWear,False,3.29,No Promotion,0.0,Web,COD,2,1088.96,0.03,65.34,2112.58,5,21,4,1,0,1
LGS1ORD0001326,C000551,2025-04-15 23:00:00,Male,56,Silver,Lazada,Bangkok,1468,Health,WellPlus,False,4.37,Campaign,0.15,Shopee,COD,1,3755.0,0.2,751.0,3004.0,1,23,4,1,0,0
LGS1ORD0001327,C000782,2025-04-16 01:00:00,Female,33,Silver,TV,Khon Kaen,1107,Kitchen,KitchenMax,True,3.84,No Promotion,0.0,TV_Show,COD,2,5059.01,0.05,505.9,9612.11,1,1,4,2,0,0
LGS1ORD0001328,C001026,2025-04-16 03:00:00,Female,35,Silver,Lazada,Chiang Mai,716,Fashion,FitStyle,False,3.4,Campaign,0.15,Web,COD,1,2205.07,0.2,441.01,1764.06,5,3,4,2,0,1
LGS1ORD0001329,C000858,2025-04-16 05:00:00,Female,38,Bronze,TV,Chiang Mai,169,Kitchen,CookEasy,False,4.05,Campaign,0.05,Lazada,COD,2,2350.04,0.08,376.01,4324.06,3,5,4,2,0,1
LGS1ORD0001330,C001091,2025-04-16 06:00:00,Female,57,Bronze,TV,Bangkok,950,Fashion,UrbanWear,False,3.49,Clearance,0.25,TV_Show,PromptPay,3,505.78,0.28,424.86,1092.48,1,6,4,2,0,1
LGS1ORD0001331,C000952,2025-04-16 08:00:00,Female,30,Bronze,TV,Bangkok,364,Cosmetics,SunSafe,False,4.24,Clearance,0.2,TV_Show,Credit_Card,1,1664.35,0.23,382.8,1281.55,3,8,4,2,0,0
LGS1ORD0001332,C000940,2025-04-16 10:00:00,Female,52,Silver,TV,Chonburi,1481,Cosmetics,SunSafe,False,3.75,No Promotion,0.0,Shopee,PromptPay,1,2154.95,0.05,107.75,2047.2,5,10,4,2,0,0
LGS1ORD0001333,C000562,2025-04-16 12:00:00,Male,54,Bronze,Lazada,Bangkok,1148,Home_Appliance,CleanMate,False,4.14,No Promotion,0.0,TV_Show,Credit_Card,2,13024.53,0.03,781.47,25267.6,3,12,4,2,0,0
LGS1ORD0001334,C000433,2025-04-16 14:00:00,Female,42,Bronze,Shopee,Remote_Area,1425,Fashion,SilkTouch,False,3.43,Campaign,0.05,CallCenter,COD,3,1307.36,0.08,313.77,3608.33,3,14,4,2,0,0
LGS1ORD0001335,C000937,2025-04-16 16:00:00,Female,51,Silver,CallCenter,Bangkok,432,Cosmetics,SunSafe,True,4.7,Campaign,0.05,TV_Show,Credit_Card,3,1740.48,0.1,522.14,4699.3,5,16,4,2,0,0
LGS1ORD0001336,C000155,2025-04-16 18:00:00,Male,44,Gold,CallCenter,Songkhla,892,Kitchen,KitchenMax,True,3.98,Campaign,0.1,TV_Show,COD,1,2772.79,0.18,499.1,2273.69,5,18,4,2,0,0
LGS1ORD0001337,C000304,2025-04-16 20:00:00,Female,44,Bronze,TV,Chonburi,1019,Fashion,UrbanWear,False,3.69,Campaign,0.1,Shopee,Credit_Card,1,492.35,0.13,64.01,428.35,5,20,4,2,0,0
LGS1ORD0001338,C001154,2025-04-16 22:00:00,Female,40,Bronze,TV,Remote_Area,908,Electronics,GadgetWorld,False,3.61,Campaign,0.15,TV_Show,COD,1,5141.78,0.18,925.52,4216.26,1,22,4,2,0,1
LGS1ORD0001339,C000420,2025-04-17 00:00:00,Female,49,Silver,Web,Remote_Area,157,Cosmetics,SunSafe,False,4.28,Clearance,0.2,TV_Show,COD,2,1305.54,0.25,652.77,1958.3,1,0,4,3,0,0
LGS1ORD0001340,C001035,2025-04-17 01:00:00,Male,36,Silver,Shopee,Khon Kaen,565,Fashion,SilkTouch,False,3.87,No Promotion,0.0,Lazada,COD,1,2339.13,0.05,116.96,2222.17,1,1,4,3,0,0
LGS1ORD0001341,C000338,2025-04-17 03:00:00,Male,54,Bronze,Shopee,Khon Kaen,714,Fashion,FitStyle,True,3.85,Campaign,0.15,Shopee,COD,2,1114.37,0.18,401.17,1827.56,1,3,4,3,0,0
LGS1ORD0001342,C000012,2025-04-17 05:00:00,Female,44,Platinum,Lazada,Songkhla,316,Electronics,NovaTech,True,3.64,Clearance,0.2,CallCenter,Credit_Card,3,1520.3,0.3,1368.27,3192.63,3,5,4,3,0,0
LGS1ORD0001343,C000569,2025-04-17 07:00:00,Male,18,Bronze,TV,Remote_Area,1483,Home_Appliance,CleanMate,False,3.81,Campaign,0.05,Shopee,COD,2,11090.53,0.08,1774.48,20406.57,5,7,4,3,0,0
LGS1ORD0001344,C000862,2025-04-17 09:00:00,Female,39,Silver,TV,Khon Kaen,1448,Health,MediCare,True,4.26,No Promotion,0.0,TV_Show,Credit_Card,1,4785.49,0.05,239.27,4546.21,5,9,4,3,0,1
LGS1ORD0001345,C000027,2025-04-17 11:00:00,Male,54,Silver,Web,Nakhon Ratchasima,1007,Electronics,GadgetWorld,True,4.17,Campaign,0.15,Lazada,COD,2,3081.9,0.2,1232.76,4931.05,5,11,4,3,0,0
LGS1ORD0001346,C000076,2025-04-17 13:00:00,Female,65,Platinum,Web,Nakhon Ratchasima,1447,Home_Appliance,PureAir,True,4.11,Clearance,0.2,Shopee,Bank_Transfer,1,3596.88,0.3,1079.07,2517.82,3,13,4,3,0,0
LGS1ORD0001347,C000940,2025-04-17 15:00:00,Female,52,Silver,TV,Chonburi,1482,Electronics,NovaTech,False,3.7,Clearance,0.25,Web,COD,1,5971.16,0.3,1791.35,4179.81,1,15,4,3,0,0
LGS1ORD0001348,C000527,2025-04-17 17:00:00,Female,31,Gold,Shopee,Khon Kaen,343,Kitchen,KitchenMax,False,4.46,Campaign,0.05,TV_Show,COD,1,2612.94,0.13,339.68,2273.26,5,17,4,3,0,0
LGS1ORD0001349,C000007,2025-04-17 19:00:00,Male,27,Gold,CallCenter,Phuket,1296,Fashion,FitStyle,False,3.72,No Promotion,0.0,Shopee,Credit_Card,1,2023.05,0.08,161.84,1861.21,4,19,4,3,0,0
LGS1ORD0001350,C001057,2025-04-17 20:00:00,Female,61,Silver,TV,Khon Kaen,1374,Kitchen,KitchenMax,True,4.54,Campaign,0.15,TV_Show,Credit_Card,1,5997.13,0.2,1199.43,4797.7,5,20,4,3,0,0
LGS1ORD0001351,C000836,2025-04-17 22:00:00,Male,31,Bronze,TV,Bangkok,1066,Home_Appliance,PureAir,True,4.11,Clearance,0.2,TV_Show,Credit_Card,1,3821.56,0.23,878.96,2942.6,4,22,4,3,0,0
LGS1ORD0001352,C000569,2025-04-18 00:00:00,Male,18,Bronze,TV,Remote_Area,1484,Kitchen,ChefHome,False,3.91,Campaign,0.05,Shopee,Credit_Card,1,3989.19,0.08,319.14,3670.05,3,0,4,4,0,0
LGS1ORD0001353,C000204,2025-04-18 02:00:00,Female,57,Silver,Shopee,Khon Kaen,1300,Fashion,FitStyle,False,3.41,Campaign,0.05,Web,COD,2,592.08,0.1,118.42,1065.74,1,2,4,4,0,0
LGS1ORD0001354,C000702,2025-04-18 04:00:00,Male,36,Silver,TV,Bangkok,878,Electronics,GadgetWorld,False,3.61,Campaign,0.1,Shopee,Credit_Card,1,4872.17,0.15,730.82,4141.34,3,4,4,4,0,0
LGS1ORD0001355,C000321,2025-04-18 06:00:00,Female,33,Bronze,Shopee,Bangkok,1107,Fashion,UrbanWear,False,3.48,Campaign,0.15,CallCenter,COD,2,768.39,0.18,276.62,1260.16,5,6,4,4,0,1
LGS1ORD0001356,C000659,2025-04-18 08:00:00,Female,29,Bronze,TV,Remote_Area,187,Electronics,GadgetWorld,True,3.81,No Promotion,0.0,Web,COD,1,8644.82,0.03,259.34,8385.48,3,8,4,4,0,0
LGS1ORD0001357,C000399,2025-04-18 10:00:00,Female,50,Gold,TV,Nakhon Ratchasima,888,Health,WellPlus,False,4.38,No Promotion,0.0,CallCenter,Credit_Card,1,942.7,0.08,75.42,867.29,3,10,4,4,0,0
LGS1ORD0001358,C001190,2025-04-18 12:00:00,Female,35,Gold,Lazada,Remote_Area,671,Fashion,UrbanWear,True,3.61,No Promotion,0.0,CallCenter,Credit_Card,2,1112.57,0.08,178.01,2047.13,3,12,4,4,0,1
LGS1ORD0001359,C000877,2025-04-18 14:00:00,Female,29,Bronze,TV,Songkhla,438,Fashion,FitStyle,False,3.53,Campaign,0.05,Shopee,PromptPay,1,1907.05,0.08,152.56,1754.49,1,14,4,4,0,0
LGS1ORD0001360,C001130,2025-04-18 15:00:00,Male,37,Bronze,TV,Bangkok,1522,Home_Appliance,HomePro,True,4.07,Clearance,0.2,Lazada,COD,2,1191.97,0.23,548.3,1835.63,1,15,4,4,0,0
LGS1ORD0001361,C000198,2025-04-18 17:00:00,Male,20,Bronze,TV,Songkhla,192,Fashion,SilkTouch,False,3.87,Campaign,0.05,CallCenter,Bank_Transfer,1,2189.51,0.08,175.16,2014.35,3,17,4,4,0,0
LGS1ORD0001362,C000774,2025-04-18 19:00:00,Female,43,Bronze,Web,Chiang Mai,548,Cosmetics,FreshLook,False,4.22,Campaign,0.15,CallCenter,COD,2,1585.24,0.18,570.69,2599.79,5,19,4,4,0,0
LGS1ORD0001363,C000550,2025-04-18 21:00:00,Female,41,Silver,CallCenter,Nakhon Ratchasima,996,Home_Appliance,CleanMate,True,3.75,Campaign,0.15,Shopee,PromptPay,2,5580.52,0.2,2232.21,8928.83,1,21,4,4,0,0
LGS1ORD0001364,C000637,2025-04-18 23:00:00,Female,57,Bronze,Lazada,Nakhon Ratchasima,651,Cosmetics,FreshLook,False,4.31,No Promotion,0.0,Shopee,PromptPay,1,2161.32,0.03,64.84,2096.48,1,23,4,4,0,0
LGS1ORD0001365,C001149,2025-04-19 01:00:00,Female,44,Bronze,Web,Khon Kaen,984,Health,MediCare,False,4.55,Campaign,0.1,CallCenter,COD,1,830.69,0.13,107.99,722.7,5,1,4,5,1,0
LGS1ORD0001366,C000657,2025-04-19 03:00:00,Male,60,Gold,Shopee,Bangkok,151,Home_Appliance,PureAir,False,4.11,No Promotion,0.0,Web,PromptPay,3,6329.81,0.08,1519.15,17470.26,5,3,4,5,1,0
LGS1ORD0001367,C000455,2025-04-19 05:00:00,Male,39,Bronze,TV,Phuket,196,Cosmetics,Beauty Lab,False,4.23,Campaign,0.1,Shopee,Bank_Transfer,1,1418.22,0.13,184.37,1233.85,3,5,4,5,1,0
LGS1ORD0001368,C001155,2025-04-19 07:00:00,Male,42,Silver,CallCenter,Chonburi,327,Cosmetics,SunSafe,False,4.24,Campaign,0.15,Shopee,COD,2,1891.86,0.2,756.74,3026.98,3,7,4,5,1,1
LGS1ORD0001369,C000089,2025-04-19 09:00:00,Male,39,Bronze,TV,Khon Kaen,1291,Home_Appliance,PureAir,True,4.0,Campaign,0.05,Web,Credit_Card,1,13061.85,0.08,1044.95,12016.9,3,9,4,5,1,0
LGS1ORD0001370,C000607,2025-04-19 10:00:00,Female,46,Bronze,Lazada,Chiang Mai,404,Health,VitaLife,False,4.16,No Promotion,0.0,TV_Show,COD,2,3432.83,0.03,205.97,6659.69,3,10,4,5,1,1
LGS1ORD0001371,C000382,2025-04-19 12:00:00,Male,63,Silver,Shopee,Bangkok,1166,Health,VitaLife,False,4.39,Clearance,0.2,Lazada,COD,1,2457.4,0.25,614.35,1843.05,3,12,4,5,1,0
LGS1ORD0001372,C000938,2025-04-19 14:00:00,Female,30,Gold,TV,Chonburi,1012,Cosmetics,FreshLook,False,3.95,No Promotion,0.0,Web,COD,4,1620.5,0.08,518.56,5963.45,3,14,4,5,1,0
LGS1ORD0001373,C000922,2025-04-19 16:00:00,Female,64,Bronze,TV,Bangkok,299,Electronics,ShieldCase,False,3.82,No Promotion,0.0,Lazada,COD,3,6763.9,0.03,608.75,19682.96,3,16,4,5,1,0
LGS1ORD0001374,C000223,2025-04-19 18:00:00,Female,63,Gold,Web,Chiang Mai,1294,Electronics,ShieldCase,True,3.63,No Promotion,0.0,Web,PromptPay,2,3573.23,0.08,571.72,6574.75,3,18,4,5,1,0
LGS1ORD0001375,C000818,2025-04-19 20:00:00,Female,59,Bronze,Web,Chonburi,847,Health,WellPlus,True,4.22,Clearance,0.25,CallCenter,PromptPay,2,4239.59,0.28,2374.17,6105.01,3,20,4,5,1,0
LGS1ORD0001376,C000469,2025-04-19 22:00:00,Female,58,Bronze,Shopee,Chiang Mai,686,Cosmetics,SunSafe,False,4.31,Clearance,0.25,Shopee,COD,4,462.07,0.28,517.52,1330.76,1,22,4,5,1,0
LGS1ORD0001377,C000812,2025-04-20 00:00:00,Female,43,Silver,Web,Bangkok,1495,Electronics,ShieldCase,False,4.03,Campaign,0.15,Web,Credit_Card,3,10884.26,0.2,6530.56,26122.22,1,0,4,6,1,0
LGS1ORD0001378,C001095,2025-04-20 02:00:00,Female,46,Bronze,Web,Chiang Mai,1176,Electronics,ShieldCase,False,3.77,Campaign,0.05,CallCenter,Credit_Card,2,2901.14,0.08,464.18,5338.1,4,2,4,6,1,0
LGS1ORD0001379,C000759,2025-04-20 04:00:00,Male,26,Silver,Web,Bangkok,146,Electronics,ShieldCase,False,3.97,Campaign,0.1,CallCenter,PromptPay,3,2777.07,0.15,1249.68,7081.52,1,4,4,6,1,0
LGS1ORD0001380,C000080,2025-04-20 05:00:00,Female,39,Bronze,Web,Nakhon Ratchasima,322,Cosmetics,Beauty Lab,False,3.82,Clearance,0.2,Web,COD,2,1806.29,0.23,830.89,2781.69,3,5,4,6,1,0
LGS1ORD0001381,C000963,2025-04-20 07:00:00,Other,18,Bronze,Shopee,Chonburi,692,Fashion,UrbanWear,False,3.22,Campaign,0.05,TV_Show,Credit_Card,4,868.52,0.08,277.93,3196.14,5,7,4,6,1,0
LGS1ORD0001382,C000795,2025-04-20 09:00:00,Female,36,Silver,Shopee,Remote_Area,958,Home_Appliance,HomePro,True,3.76,Campaign,0.15,Shopee,Bank_Transfer,2,11575.52,0.2,4630.21,18520.83,3,9,4,6,1,0
LGS1ORD0001383,C000095,2025-04-20 11:00:00,Male,69,Bronze,Lazada,Remote_Area,1566,Home_Appliance,CleanMate,True,4.24,Clearance,0.25,CallCenter,Credit_Card,3,7740.44,0.28,6501.97,16719.35,3,11,4,6,1,0
LGS1ORD0001384,C000998,2025-04-20 13:00:00,Male,44,Bronze,Shopee,Bangkok,1308,Cosmetics,SunSafe,True,3.98,Campaign,0.15,Shopee,Credit_Card,1,1932.51,0.18,347.85,1584.66,1,13,4,6,1,0
LGS1ORD0001385,C001092,2025-04-20 15:00:00,Female,46,Silver,TV,Songkhla,598,Health,MediCare,False,4.39,Campaign,0.05,TV_Show,COD,2,4488.3,0.1,897.66,8078.94,5,15,4,6,1,1
LGS1ORD0001386,C001080,2025-04-20 17:00:00,Male,40,Gold,Lazada,Bangkok,1114,Fashion,FitStyle,False,3.44,No Promotion,0.0,Web,Bank_Transfer,3,784.09,0.08,188.18,2164.1,1,17,4,6,1,0
LGS1ORD0001387,C000023,2025-04-20 19:00:00,Male,46,Bronze,Shopee,Bangkok,200,Fashion,UrbanWear,False,3.22,Campaign,0.05,Web,COD,1,846.14,0.08,67.69,778.45,3,19,4,6,1,1
LGS1ORD0001388,C000959,2025-04-20 21:00:00,Male,27,Bronze,Lazada,Bangkok,249,Fashion,UrbanWear,True,3.78,Campaign,0.15,Shopee,COD,1,1591.27,0.18,286.43,1304.84,1,21,4,6,1,0
LGS1ORD0001389,C000210,2025-04-20 23:00:00,Female,39,Bronze,Shopee,Chonburi,860,Cosmetics,FreshLook,False,4.14,Clearance,0.25,Lazada,PromptPay,2,1474.58,0.28,825.76,2123.39,1,23,4,6,1,0
LGS1ORD0001390,C000094,2025-04-21 00:00:00,Male,49,Silver,Shopee,Remote_Area,1535,Home_Appliance,HomePro,False,4.04,Campaign,0.1,Web,COD,2,6501.59,0.15,1950.48,11052.7,1,0,4,0,0,0
LGS1ORD0001391,C000632,2025-04-21 02:00:00,Female,35,Silver,TV,Nakhon Ratchasima,1544,Cosmetics,FreshLook,False,4.21,Clearance,0.25,CallCenter,Credit_Card,1,472.35,0.3,141.71,330.65,1,2,4,0,0,1
LGS1ORD0001392,C000172,2025-04-21 04:00:00,Male,62,Bronze,Shopee,Chonburi,687,Health,WellPlus,False,4.32,No Promotion,0.0,Lazada,COD,2,3204.62,0.03,192.28,6216.97,4,4,4,0,0,0
LGS1ORD0001393,C000412,2025-04-21 06:00:00,Female,35,Platinum,Web,Khon Kaen,777,Health,VitaLife,True,4.05,Campaign,0.15,Web,COD,1,3571.13,0.25,892.78,2678.34,5,6,4,0,0,0
LGS1ORD0001394,C000339,2025-04-21 08:00:00,Female,40,Silver,Web,Phuket,1467,Home_Appliance,HomePro,True,4.07,Campaign,0.15,Shopee,COD,1,1235.91,0.2,247.18,988.73,4,8,4,0,0,0
LGS1ORD0001395,C000893,2025-04-21 10:00:00,Male,58,Gold,CallCenter,Bangkok,351,Home_Appliance,PureAir,True,4.06,Campaign,0.15,Web,PromptPay,1,4146.46,0.2299999999999999,953.69,3192.77,3,10,4,0,0,0
LGS1ORD0001396,C000667,2025-04-21 12:00:00,Male,48,Bronze,TV,Phuket,1162,Fashion,SilkTouch,False,3.5,No Promotion,0.0,Shopee,COD,1,1929.52,0.03,57.89,1871.64,3,12,4,0,0,1
LGS1ORD0001397,C000376,2025-04-21 14:00:00,Female,41,Bronze,TV,Bangkok,1562,Kitchen,CookEasy,False,4.01,Clearance,0.25,Shopee,Bank_Transfer,1,1820.16,0.28,509.64,1310.52,3,14,4,0,0,0
LGS1ORD0001398,C000343,2025-04-21 16:00:00,Male,20,Gold,TV,Khon Kaen,532,Home_Appliance,HomePro,False,3.71,Clearance,0.25,Web,COD,2,7872.6,0.33,5195.92,10549.29,5,16,4,0,0,0
LGS1ORD0001399,C001027,2025-04-21 18:00:00,Female,55,Bronze,Lazada,Nakhon Ratchasima,176,Fashion,SilkTouch,False,3.77,Campaign,0.15,Shopee,COD,3,951.4,0.18,513.76,2340.45,5,18,4,0,0,1
LGS1ORD0001400,C000014,2025-04-21 19:00:00,Male,44,Bronze,Shopee,Nakhon Ratchasima,252,Cosmetics,Beauty Lab,True,4.08,Campaign,0.15,TV_Show,Credit_Card,2,524.65,0.18,188.88,860.43,5,19,4,0,0,0
LGS1ORD0001401,C000587,2025-04-21 21:00:00,Female,55,Bronze,Shopee,Remote_Area,1381,Fashion,FitStyle,False,3.46,Clearance,0.2,TV_Show,Credit_Card,2,1482.49,0.23,681.94,2283.03,1,21,4,0,0,1
LGS1ORD0001402,C000669,2025-04-21 23:00:00,Female,18,Silver,CallCenter,Chonburi,474,Home_Appliance,CleanMate,True,3.71,No Promotion,0.0,Shopee,COD,1,9900.54,0.05,495.03,9405.52,1,23,4,0,0,0
LGS1ORD0001403,C000945,2025-04-22 01:00:00,Female,28,Silver,Shopee,Khon Kaen,1317,Cosmetics,FreshLook,False,4.14,Campaign,0.1,Lazada,Credit_Card,1,1442.54,0.15,216.38,1226.16,5,1,4,1,0,0
LGS1ORD0001404,C000717,2025-04-22 03:00:00,Male,44,Bronze,TV,Phuket,608,Electronics,ShieldCase,False,3.9,No Promotion,0.0,TV_Show,COD,4,1981.5,0.03,237.78,7688.22,4,3,4,1,0,0
LGS1ORD0001405,C000589,2025-04-22 05:00:00,Female,45,Platinum,Web,Chiang Mai,1352,Fashion,UrbanWear,False,3.68,Campaign,0.05,Shopee,PromptPay,2,943.6,0.15,283.08,1604.12,5,5,4,1,0,0
LGS1ORD0001406,C001077,2025-04-22 07:00:00,Male,37,Silver,Web,Khon Kaen,578,Electronics,NovaTech,False,4.06,Clearance,0.2,TV_Show,Credit_Card,2,9755.73,0.25,4877.87,14633.6,3,7,4,1,0,1
LGS1ORD0001407,C000776,2025-04-22 09:00:00,Female,40,Bronze,Web,Chiang Mai,663,Kitchen,KitchenMax,True,4.13,No Promotion,0.0,Web,PromptPay,2,470.77,0.03,28.25,913.29,1,9,4,1,0,0
LGS1ORD0001408,C000331,2025-04-22 11:00:00,Other,25,Silver,CallCenter,Chonburi,255,Fashion,UrbanWear,False,3.61,Clearance,0.2,Lazada,Credit_Card,3,1621.6,0.25,1216.2,3648.6,5,11,4,1,0,0
LGS1ORD0001409,C000271,2025-04-22 13:00:00,Female,39,Bronze,Web,Phuket,1282,Home_Appliance,HomePro,False,4.05,No Promotion,0.0,Web,Bank_Transfer,1,5741.1,0.03,172.23,5568.87,1,13,4,1,0,0
LGS1ORD0001410,C001140,2025-04-22 14:00:00,Male,30,Platinum,Shopee,Bangkok,533,Cosmetics,Beauty Lab,False,4.15,No Promotion,0.0,TV_Show,Credit_Card,1,1140.37,0.1,114.04,1026.34,4,14,4,1,0,0
LGS1ORD0001411,C000097,2025-04-22 16:00:00,Female,31,Bronze,TV,Chiang Mai,840,Kitchen,KitchenMax,False,4.01,Clearance,0.2,Web,Credit_Card,1,3174.77,0.23,730.2,2444.57,1,16,4,1,0,0
LGS1ORD0001412,C000766,2025-04-22 18:00:00,Male,46,Gold,Lazada,Bangkok,1028,Cosmetics,Beauty Lab,True,4.21,No Promotion,0.0,Shopee,Bank_Transfer,1,2091.72,0.08,167.34,1924.38,3,18,4,1,0,0
LGS1ORD0001413,C000639,2025-04-22 20:00:00,Male,54,Bronze,Shopee,Bangkok,1514,Electronics,GadgetWorld,False,3.66,No Promotion,0.0,TV_Show,Bank_Transfer,3,6733.24,0.03,605.99,19593.73,4,20,4,1,0,0
LGS1ORD0001414,C000421,2025-04-22 22:00:00,Male,50,Bronze,TV,Khon Kaen,1045,Kitchen,KitchenMax,False,4.0,No Promotion,0.0,TV_Show,COD,2,5095.88,0.03,305.75,9886.0,3,22,4,1,0,1
LGS1ORD0001415,C000826,2025-04-23 00:00:00,Male,41,Bronze,TV,Chonburi,1462,Home_Appliance,CleanMate,True,4.06,Campaign,0.05,Lazada,Credit_Card,1,5172.91,0.08,413.83,4759.08,3,0,4,2,0,0
LGS1ORD0001416,C000852,2025-04-23 02:00:00,Male,72,Bronze,Shopee,Nakhon Ratchasima,294,Cosmetics,SunSafe,True,4.2,Campaign,0.05,Lazada,Credit_Card,2,2250.89,0.08,360.14,4141.64,5,2,4,2,0,0
LGS1ORD0001417,C000082,2025-04-23 04:00:00,Female,56,Gold,Lazada,Songkhla,576,Electronics,GadgetWorld,False,3.57,Campaign,0.05,CallCenter,COD,3,589.82,0.13,230.03,1539.42,3,4,4,2,0,0
LGS1ORD0001418,C001092,2025-04-23 06:00:00,Female,46,Silver,TV,Songkhla,601,Electronics,NovaTech,False,3.89,Campaign,0.15,TV_Show,COD,1,7279.37,0.2,1455.87,5823.5,3,6,4,2,0,1
LGS1ORD0001419,C000484,2025-04-23 08:00:00,Female,27,Bronze,Web,Bangkok,1267,Home_Appliance,CleanMate,True,4.1,Clearance,0.25,CallCenter,PromptPay,1,1317.27,0.28,368.84,948.43,5,8,4,2,0,0
LGS1ORD0001420,C000254,2025-04-23 09:00:00,Female,49,Gold,CallCenter,Bangkok,552,Fashion,SilkTouch,False,3.86,No Promotion,0.0,CallCenter,COD,3,2174.42,0.08,521.86,6001.4,3,9,4,2,0,0
LGS1ORD0001421,C000575,2025-04-23 11:00:00,Female,27,Bronze,TV,Chonburi,265,Electronics,NovaTech,False,3.6,Campaign,0.15,TV_Show,COD,1,8710.54,0.18,1567.9,7142.64,5,11,4,2,0,0
LGS1ORD0001422,C000042,2025-04-23 13:00:00,Female,54,Silver,CallCenter,Songkhla,1386,Kitchen,ChefHome,False,4.0,Clearance,0.2,TV_Show,COD,2,3439.05,0.25,1719.53,5158.58,3,13,4,2,0,1
LGS1ORD0001423,C000126,2025-04-23 15:00:00,Male,28,Bronze,CallCenter,Khon Kaen,1008,Fashion,UrbanWear,False,3.61,Clearance,0.2,Shopee,Credit_Card,1,869.55,0.23,200.0,669.56,3,15,4,2,0,1
LGS1ORD0001424,C000519,2025-04-23 17:00:00,Female,40,Silver,TV,Khon Kaen,1357,Health,VitaLife,False,4.44,Campaign,0.15,TV_Show,COD,1,1603.29,0.2,320.66,1282.63,3,17,4,2,0,0
LGS1ORD0001425,C001046,2025-04-23 19:00:00,Female,46,Bronze,Shopee,Songkhla,911,Home_Appliance,CleanMate,False,3.89,Campaign,0.15,TV_Show,PromptPay,1,10149.09,0.18,1826.84,8322.25,5,19,4,2,0,0
LGS1ORD0001426,C000292,2025-04-23 21:00:00,Female,55,Gold,Web,Khon Kaen,1224,Kitchen,ChefHome,False,3.83,Clearance,0.25,CallCenter,COD,3,2147.0,0.33,2125.53,4315.47,3,21,4,2,0,1
LGS1ORD0001427,C000443,2025-04-23 23:00:00,Male,23,Silver,Web,Bangkok,782,Electronics,ShieldCase,False,3.96,No Promotion,0.0,Shopee,COD,2,3174.66,0.05,317.47,6031.85,1,23,4,2,0,0
LGS1ORD0001428,C000971,2025-04-24 01:00:00,Male,40,Bronze,Web,Chonburi,361,Cosmetics,FreshLook,False,4.26,No Promotion,0.0,TV_Show,COD,3,2121.17,0.03,190.9,6172.59,5,1,4,3,0,0
LGS1ORD0001429,C000871,2025-04-24 03:00:00,Female,46,Bronze,Web,Chiang Mai,451,Home_Appliance,HomePro,True,4.33,Campaign,0.15,TV_Show,COD,1,9909.19,0.18,1783.65,8125.54,1,3,4,3,0,0
LGS1ORD0001430,C001016,2025-04-24 05:00:00,Female,27,Bronze,Lazada,Bangkok,159,Kitchen,KitchenMax,True,4.1,No Promotion,0.0,TV_Show,PromptPay,1,2970.28,0.03,89.11,2881.17,3,5,4,3,0,0
LGS1ORD0001431,C000977,2025-04-24 06:00:00,Female,69,Bronze,TV,Songkhla,548,Fashion,SilkTouch,False,3.77,No Promotion,0.0,TV_Show,PromptPay,1,982.33,0.03,29.47,952.86,3,6,4,3,0,0
LGS1ORD0001432,C000113,2025-04-24 08:00:00,Male,30,Silver,Web,Khon Kaen,569,Fashion,UrbanWear,True,3.61,Campaign,0.15,TV_Show,COD,1,1104.96,0.2,220.99,883.97,1,8,4,3,0,0
LGS1ORD0001433,C001188,2025-04-24 10:00:00,Female,60,Silver,Lazada,Khon Kaen,1336,Kitchen,CookEasy,True,3.96,Campaign,0.05,Web,COD,1,2899.6,0.1,289.96,2609.64,1,10,4,3,0,0
LGS1ORD0001434,C001051,2025-04-24 12:00:00,Female,53,Silver,TV,Nakhon Ratchasima,828,Home_Appliance,CleanMate,True,4.0,Campaign,0.15,TV_Show,COD,1,10672.29,0.2,2134.46,8537.83,4,12,4,3,0,0
LGS1ORD0001435,C000822,2025-04-24 14:00:00,Female,44,Silver,TV,Bangkok,1571,Health,VitaLife,False,4.35,Clearance,0.25,Shopee,Bank_Transfer,2,1509.11,0.3,905.47,2112.75,1,14,4,3,0,0
LGS1ORD0001436,C000871,2025-04-24 16:00:00,Female,46,Bronze,Web,Chiang Mai,451,Home_Appliance,CleanMate,True,4.1,Campaign,0.15,Shopee,COD,1,1295.49,0.18,233.19,1062.3,1,16,4,3,0,0
LGS1ORD0001437,C000744,2025-04-24 18:00:00,Female,52,Gold,TV,Remote_Area,1131,Kitchen,ChefHome,False,3.96,No Promotion,0.0,Lazada,COD,1,4685.99,0.08,374.88,4311.11,1,18,4,3,0,0
LGS1ORD0001438,C000950,2025-04-24 20:00:00,Male,54,Gold,Web,Bangkok,1195,Electronics,ShieldCase,True,3.63,Campaign,0.15,Web,COD,2,3338.43,0.2299999999999999,1535.68,5141.19,5,20,4,3,0,0
LGS1ORD0001439,C000287,2025-04-24 22:00:00,Female,50,Gold,Web,Khon Kaen,631,Electronics,GadgetWorld,False,3.89,Campaign,0.15,Lazada,COD,1,3273.93,0.2299999999999999,753.0,2520.93,5,22,4,3,0,1
LGS1ORD0001440,C000867,2025-04-25 00:00:00,Male,45,Bronze,Shopee,Remote_Area,1474,Fashion,FitStyle,False,3.7,Campaign,0.15,TV_Show,COD,1,535.77,0.18,96.44,439.33,5,0,4,4,0,0
LGS1ORD0001441,C000970,2025-04-25 01:00:00,Male,28,Gold,Lazada,Chiang Mai,913,Kitchen,CookEasy,True,4.12,No Promotion,0.0,CallCenter,COD,3,3407.39,0.08,817.77,9404.41,1,1,4,4,0,0
LGS1ORD0001442,C001030,2025-04-25 03:00:00,Female,59,Silver,Web,Chonburi,582,Cosmetics,SunSafe,False,4.36,Clearance,0.2,Web,Bank_Transfer,1,608.01,0.25,152.0,456.01,1,3,4,4,0,0
LGS1ORD0001443,C000838,2025-04-25 05:00:00,Male,58,Bronze,TV,Songkhla,1179,Kitchen,CookEasy,True,4.25,No Promotion,0.0,TV_Show,COD,4,2134.45,0.03,256.13,8281.65,1,5,4,4,0,0
LGS1ORD0001444,C001083,2025-04-25 07:00:00,Female,51,Bronze,Lazada,Bangkok,426,Electronics,GadgetWorld,False,3.74,No Promotion,0.0,Shopee,COD,1,1414.35,0.03,42.43,1371.92,5,7,4,4,0,0
LGS1ORD0001445,C000229,2025-04-25 09:00:00,Female,27,Silver,Web,Chonburi,1417,Fashion,SilkTouch,False,3.47,No Promotion,0.0,Shopee,Credit_Card,2,1728.68,0.05,172.87,3284.49,3,9,4,4,0,0
LGS1ORD0001446,C000387,2025-04-25 11:00:00,Female,25,Bronze,TV,Chonburi,788,Kitchen,KitchenMax,True,3.89,Campaign,0.05,Lazada,COD,2,3955.14,0.08,632.82,7277.45,5,11,4,4,0,0
LGS1ORD0001447,C000394,2025-04-25 13:00:00,Male,40,Bronze,Shopee,Chiang Mai,374,Home_Appliance,HomePro,False,4.29,Campaign,0.15,Lazada,PromptPay,4,1514.09,0.18,1090.14,4966.2,1,13,4,4,0,0
LGS1ORD0001448,C000997,2025-04-25 15:00:00,Male,42,Silver,TV,Phuket,1062,Cosmetics,FreshLook,False,4.21,No Promotion,0.0,TV_Show,PromptPay,1,459.52,0.05,22.98,436.54,5,15,4,4,0,0
LGS1ORD0001449,C000693,2025-04-25 17:00:00,Female,18,Gold,Web,Bangkok,993,Cosmetics,SunSafe,True,4.02,Campaign,0.05,Web,PromptPay,1,1012.16,0.13,131.58,880.58,5,17,4,4,0,0
LGS1ORD0001450,C000930,2025-04-25 19:00:00,Female,48,Bronze,Lazada,Bangkok,1365,Electronics,NovaTech,False,3.75,No Promotion,0.0,Shopee,PromptPay,1,9765.13,0.03,292.95,9472.17,1,19,4,4,0,0
LGS1ORD0001451,C000810,2025-04-25 20:00:00,Male,51,Bronze,TV,Songkhla,256,Fashion,UrbanWear,True,3.61,Campaign,0.15,CallCenter,COD,3,1166.49,0.18,629.9,2869.55,3,20,4,4,0,1
LGS1ORD0001452,C000181,2025-04-25 22:00:00,Female,38,Bronze,CallCenter,Remote_Area,670,Home_Appliance,CleanMate,True,4.01,Campaign,0.1,Lazada,COD,3,6256.07,0.13,2439.87,16328.34,4,22,4,4,0,0
LGS1ORD0001453,C000394,2025-04-26 00:00:00,Male,40,Bronze,Shopee,Chiang Mai,375,Fashion,SilkTouch,False,3.62,No Promotion,0.0,Shopee,COD,1,1760.24,0.03,52.81,1707.43,1,0,4,5,1,1
LGS1ORD0001454,C001045,2025-04-26 02:00:00,Male,54,Silver,Shopee,Songkhla,748,Electronics,NovaTech,True,3.71,Clearance,0.25,TV_Show,Credit_Card,1,1861.11,0.3,558.33,1302.77,4,2,4,5,1,1
LGS1ORD0001455,C000422,2025-04-26 04:00:00,Female,27,Bronze,Shopee,Bangkok,364,Kitchen,KitchenMax,False,4.46,Clearance,0.25,Shopee,Bank_Transfer,1,2471.76,0.28,692.09,1779.67,3,4,4,5,1,0
LGS1ORD0001456,C000384,2025-04-26 06:00:00,Female,35,Gold,Shopee,Bangkok,1518,Fashion,UrbanWear,False,3.22,Clearance,0.25,Lazada,Credit_Card,1,867.7,0.33,286.34,581.36,4,6,4,5,1,1
LGS1ORD0001457,C000693,2025-04-26 08:00:00,Female,18,Gold,Web,Bangkok,994,Cosmetics,Beauty Lab,True,4.08,No Promotion,0.0,Lazada,Credit_Card,1,549.33,0.08,43.95,505.38,5,8,4,5,1,0
LGS1ORD0001458,C000252,2025-04-26 10:00:00,Female,54,Bronze,Lazada,Khon Kaen,1356,Cosmetics,SunSafe,False,3.9,Campaign,0.05,Shopee,Credit_Card,1,2035.51,0.08,162.84,1872.66,3,10,4,5,1,0
LGS1ORD0001459,C000896,2025-04-26 12:00:00,Female,37,Bronze,TV,Remote_Area,1551,Electronics,GadgetWorld,True,3.92,No Promotion,0.0,TV_Show,COD,2,6941.75,0.03,416.5,13466.99,3,12,4,5,1,0
LGS1ORD0001460,C001000,2025-04-26 14:00:00,Male,33,Bronze,CallCenter,Bangkok,1290,Fashion,FitStyle,False,3.44,Campaign,0.15,Shopee,Bank_Transfer,4,843.45,0.18,607.29,2766.53,3,14,4,5,1,1
LGS1ORD0001461,C001166,2025-04-26 15:00:00,Female,51,Gold,TV,Phuket,348,Fashion,FitStyle,False,3.62,No Promotion,0.0,TV_Show,COD,3,2378.65,0.08,570.88,6565.07,1,15,4,5,1,0
LGS1ORD0001462,C000716,2025-04-26 17:00:00,Female,29,Silver,Web,Chiang Mai,1566,Cosmetics,SunSafe,False,3.9,Campaign,0.05,Web,Credit_Card,1,1940.33,0.1,194.03,1746.3,1,17,4,5,1,0
LGS1ORD0001463,C000789,2025-04-26 19:00:00,Other,22,Bronze,Shopee,Chonburi,236,Fashion,UrbanWear,True,3.68,No Promotion,0.0,CallCenter,COD,1,1921.28,0.03,57.64,1863.64,3,19,4,5,1,1
LGS1ORD0001464,C000273,2025-04-26 21:00:00,Male,52,Platinum,TV,Chonburi,979,Kitchen,CookEasy,True,4.09,Campaign,0.05,CallCenter,COD,2,4216.56,0.15,1264.97,7168.15,3,21,4,5,1,0
LGS1ORD0001465,C000335,2025-04-26 23:00:00,Male,19,Gold,Web,Bangkok,1513,Health,MediCare,False,4.38,No Promotion,0.0,Shopee,COD,2,2206.66,0.08,353.06,4060.25,5,23,4,5,1,0
LGS1ORD0001466,C000997,2025-04-27 01:00:00,Male,42,Silver,TV,Phuket,1064,Cosmetics,FreshLook,False,4.05,No Promotion,0.0,Shopee,COD,2,744.17,0.05,74.42,1413.93,5,1,4,6,1,0
LGS1ORD0001467,C001066,2025-04-27 03:00:00,Female,50,Silver,Shopee,Songkhla,629,Electronics,NovaTech,True,3.5,Clearance,0.25,Web,Bank_Transfer,1,5264.19,0.3,1579.26,3684.94,5,3,4,6,1,1
LGS1ORD0001468,C000350,2025-04-27 05:00:00,Male,44,Gold,Shopee,Chiang Mai,945,Fashion,UrbanWear,True,3.78,Clearance,0.2,TV_Show,Credit_Card,1,1607.95,0.28,450.23,1157.73,1,5,4,6,1,0
LGS1ORD0001469,C000100,2025-04-27 07:00:00,Female,52,Gold,CallCenter,Bangkok,879,Fashion,UrbanWear,False,3.48,No Promotion,0.0,CallCenter,COD,1,764.7,0.08,61.18,703.52,1,7,4,6,1,0
LGS1ORD0001470,C000992,2025-04-27 09:00:00,Female,29,Bronze,Shopee,Bangkok,571,Electronics,NovaTech,False,4.12,Clearance,0.25,TV_Show,Credit_Card,2,10516.78,0.28,5889.39,15144.16,3,9,4,6,1,0
LGS1ORD0001471,C001047,2025-04-27 10:00:00,Male,44,Gold,Web,Chiang Mai,1080,Electronics,ShieldCase,True,4.04,No Promotion,0.0,Web,COD,1,11556.37,0.08,924.51,10631.86,3,10,4,6,1,0
LGS1ORD0001472,C000997,2025-04-27 12:00:00,Male,42,Silver,TV,Phuket,1064,Fashion,UrbanWear,False,3.6,Campaign,0.15,CallCenter,Credit_Card,1,878.18,0.2,175.64,702.55,1,12,4,6,1,0
LGS1ORD0001473,C000109,2025-04-27 14:00:00,Male,22,Bronze,CallCenter,Bangkok,1407,Fashion,FitStyle,False,3.36,Clearance,0.2,TV_Show,COD,3,908.67,0.23,626.98,2099.02,4,14,4,6,1,0
LGS1ORD0001474,C001084,2025-04-27 16:00:00,Male,47,Bronze,Shopee,Chiang Mai,1133,Kitchen,ChefHome,True,3.63,Clearance,0.2,Web,Credit_Card,2,347.77,0.23,159.98,535.57,1,16,4,6,1,0
LGS1ORD0001475,C000548,2025-04-27 18:00:00,Male,66,Gold,Shopee,Phuket,1408,Fashion,FitStyle,False,3.48,No Promotion,0.0,TV_Show,PromptPay,1,1872.17,0.08,149.77,1722.39,3,18,4,6,1,0
LGS1ORD0001476,C000827,2025-04-27 20:00:00,Male,42,Platinum,Lazada,Phuket,753,Cosmetics,SunSafe,True,4.42,No Promotion,0.0,CallCenter,COD,1,1995.42,0.1,199.54,1795.87,4,20,4,6,1,0
LGS1ORD0001477,C000573,2025-04-27 22:00:00,Female,39,Silver,Web,Bangkok,1466,Health,MediCare,False,4.4,Campaign,0.1,Lazada,COD,3,3744.82,0.15,1685.17,9549.28,3,22,4,6,1,0
LGS1ORD0001478,C000191,2025-04-28 00:00:00,Female,40,Bronze,Web,Phuket,1131,Health,MediCare,False,4.39,No Promotion,0.0,Shopee,Credit_Card,2,4039.08,0.03,242.34,7835.81,3,0,4,0,0,0
LGS1ORD0001479,C000474,2025-04-28 02:00:00,Male,46,Platinum,Web,Chonburi,613,Fashion,FitStyle,False,3.41,Campaign,0.05,Web,COD,3,946.72,0.15,426.02,2414.13,3,2,4,0,0,0
LGS1ORD0001480,C000722,2025-04-28 04:00:00,Male,40,Bronze,TV,Songkhla,800,Health,WellPlus,False,4.38,Campaign,0.15,TV_Show,COD,1,1036.24,0.18,186.52,849.72,3,4,4,0,0,0
LGS1ORD0001481,C001076,2025-04-28 05:00:00,Female,42,Platinum,TV,Bangkok,577,Fashion,UrbanWear,True,3.68,No Promotion,0.0,TV_Show,Bank_Transfer,1,1776.16,0.1,177.62,1598.54,1,5,4,0,0,0
LGS1ORD0001482,C000534,2025-04-28 07:00:00,Female,43,Bronze,CallCenter,Chiang Mai,1540,Kitchen,KitchenMax,True,3.89,No Promotion,0.0,Web,Credit_Card,3,3802.36,0.03,342.21,11064.86,5,7,4,0,0,0
LGS1ORD0001483,C001195,2025-04-28 09:00:00,Female,35,Bronze,TV,Bangkok,869,Fashion,SilkTouch,False,3.47,No Promotion,0.0,TV_Show,PromptPay,2,1881.72,0.03,112.9,3650.53,1,9,4,0,0,0
LGS1ORD0001484,C000455,2025-04-28 11:00:00,Male,39,Bronze,TV,Phuket,205,Cosmetics,Beauty Lab,False,4.18,Campaign,0.15,Shopee,PromptPay,1,576.79,0.18,103.82,472.97,1,11,4,0,0,0
LGS1ORD0001485,C000357,2025-04-28 13:00:00,Male,67,Bronze,TV,Bangkok,1123,Kitchen,CookEasy,False,4.19,Clearance,0.2,CallCenter,COD,1,5971.3,0.23,1373.4,4597.9,3,13,4,0,0,0
LGS1ORD0001486,C000829,2025-04-28 15:00:00,Female,18,Bronze,CallCenter,Chiang Mai,1218,Kitchen,KitchenMax,False,4.09,Campaign,0.05,Web,Credit_Card,1,5090.2,0.08,407.22,4682.99,4,15,4,0,0,0
LGS1ORD0001487,C000971,2025-04-28 17:00:00,Male,40,Bronze,Web,Chonburi,365,Health,MediCare,False,4.62,Campaign,0.15,Shopee,COD,3,2854.96,0.18,1541.68,7023.19,3,17,4,0,0,0
LGS1ORD0001488,C000881,2025-04-28 19:00:00,Female,51,Silver,TV,Phuket,1386,Fashion,SilkTouch,False,3.47,No Promotion,0.0,Lazada,Credit_Card,1,1922.99,0.05,96.15,1826.84,4,19,4,0,0,0
LGS1ORD0001489,C000359,2025-04-28 21:00:00,Female,43,Silver,TV,Bangkok,887,Kitchen,ChefHome,False,4.0,No Promotion,0.0,Shopee,COD,2,3335.6,0.05,333.56,6337.63,5,21,4,0,0,0
LGS1ORD0001490,C000206,2025-04-28 23:00:00,Male,30,Gold,Web,Bangkok,744,Electronics,GadgetWorld,False,3.74,Campaign,0.15,TV_Show,COD,1,1445.43,0.2299999999999999,332.45,1112.98,4,23,4,0,0,0
LGS1ORD0001491,C000323,2025-04-29 00:00:00,Female,43,Silver,Shopee,Khon Kaen,1319,Electronics,ShieldCase,False,3.61,Campaign,0.15,CallCenter,COD,2,8932.23,0.2,3572.89,14291.57,1,0,4,1,0,1
LGS1ORD0001492,C000368,2025-04-29 02:00:00,Male,54,Silver,CallCenter,Chonburi,769,Fashion,SilkTouch,False,3.43,No Promotion,0.0,CallCenter,Credit_Card,2,1264.01,0.05,126.4,2401.61,1,2,4,1,0,0
LGS1ORD0001493,C000927,2025-04-29 04:00:00,Male,45,Gold,Web,Remote_Area,176,Fashion,UrbanWear,False,3.72,Campaign,0.05,Web,Credit_Card,1,2459.09,0.13,319.68,2139.4,3,4,4,1,0,0
LGS1ORD0001494,C000705,2025-04-29 06:00:00,Female,56,Gold,Web,Phuket,470,Cosmetics,SunSafe,False,4.24,Campaign,0.15,Shopee,COD,1,1858.32,0.2299999999999999,427.41,1430.91,3,6,4,1,0,0
LGS1ORD0001495,C000507,2025-04-29 08:00:00,Male,49,Bronze,Lazada,Phuket,1573,Health,VitaLife,False,4.35,Clearance,0.2,Lazada,Credit_Card,1,1678.19,0.23,385.98,1292.2,3,8,4,1,0,1
LGS1ORD0001496,C000878,2025-04-29 10:00:00,Female,41,Gold,Shopee,Nakhon Ratchasima,1029,Cosmetics,Beauty Lab,False,4.04,Clearance,0.2,Lazada,COD,1,2130.32,0.28,596.49,1533.83,3,10,4,1,0,0
LGS1ORD0001497,C000764,2025-04-29 12:00:00,Male,69,Silver,TV,Songkhla,213,Home_Appliance,PureAir,False,4.42,Campaign,0.05,Lazada,COD,2,9405.77,0.1,1881.15,16930.38,3,12,4,1,0,0
LGS1ORD0001498,C000427,2025-04-29 14:00:00,Male,40,Silver,Shopee,Chonburi,1244,Electronics,GadgetWorld,False,3.78,Campaign,0.15,CallCenter,PromptPay,1,5549.61,0.2,1109.92,4439.69,1,14,4,1,0,1
LGS1ORD0001499,C000379,2025-04-29 16:00:00,Female,33,Bronze,TV,Phuket,810,Cosmetics,FreshLook,False,4.0,No Promotion,0.0,TV_Show,COD,3,2015.08,0.03,181.36,5863.9,5,16,4,1,0,1
LGS1ORD0001500,C000138,2025-04-29 18:00:00,Female,61,Bronze,TV,Phuket,578,Electronics,NovaTech,True,3.5,No Promotion,0.0,Lazada,COD,2,4914.3,0.03,294.86,9533.73,5,18,4,1,0,0
LGS1ORD0001501,C000409,2025-04-29 19:00:00,Female,34,Silver,Web,Bangkok,931,Home_Appliance,CleanMate,True,4.01,Campaign,0.05,Shopee,COD,2,5928.02,0.1,1185.6,10670.44,3,19,4,1,0,0
LGS1ORD0001502,C000734,2025-04-29 21:00:00,Female,59,Bronze,TV,Phuket,843,Electronics,NovaTech,True,3.94,No Promotion,0.0,TV_Show,COD,3,1017.89,0.03,91.61,2962.07,5,21,4,1,0,0
LGS1ORD0001503,C000002,2025-04-29 23:00:00,Male,44,Bronze,TV,Songkhla,399,Fashion,FitStyle,False,3.44,No Promotion,0.0,Lazada,Bank_Transfer,2,812.89,0.03,48.77,1577.01,1,23,4,1,0,0
LGS1ORD0001504,C000067,2025-04-30 01:00:00,Female,42,Gold,Web,Bangkok,1146,Fashion,FitStyle,False,3.7,Clearance,0.2,Web,COD,1,546.03,0.28,152.89,393.14,1,1,4,2,0,0
LGS1ORD0001505,C000663,2025-04-30 03:00:00,Female,39,Bronze,Shopee,Chiang Mai,490,Kitchen,ChefHome,False,4.02,Campaign,0.15,TV_Show,COD,1,621.68,0.18,111.9,509.78,1,3,4,2,0,0
LGS1ORD0001506,C000782,2025-04-30 05:00:00,Female,33,Silver,TV,Khon Kaen,1121,Home_Appliance,HomePro,False,4.05,Campaign,0.05,Shopee,COD,3,6165.12,0.1,1849.54,16645.82,5,5,4,2,0,0
LGS1ORD0001507,C001117,2025-04-30 07:00:00,Male,45,Bronze,TV,Nakhon Ratchasima,862,Electronics,GadgetWorld,False,3.71,Clearance,0.2,CallCenter,Credit_Card,1,7050.56,0.23,1621.63,5428.93,1,7,4,2,0,0
LGS1ORD0001508,C001047,2025-04-30 09:00:00,Male,44,Gold,Web,Chiang Mai,1083,Kitchen,CookEasy,True,3.86,Campaign,0.15,Web,COD,1,1642.13,0.2299999999999999,377.69,1264.44,1,9,4,2,0,0
LGS1ORD0001509,C000840,2025-04-30 11:00:00,Male,48,Platinum,TV,Nakhon Ratchasima,1559,Health,MediCare,True,4.26,Clearance,0.2,Shopee,Credit_Card,1,4578.2,0.3,1373.46,3204.74,5,11,4,2,0,1
LGS1ORD0001510,C000199,2025-04-30 13:00:00,Female,63,Platinum,Shopee,Chonburi,804,Cosmetics,Beauty Lab,False,3.76,Campaign,0.1,Shopee,Bank_Transfer,1,1751.21,0.2,350.24,1400.97,4,13,4,2,0,0
LGS1ORD0001511,C000966,2025-04-30 14:00:00,Female,43,Bronze,TV,Phuket,1451,Kitchen,KitchenMax,True,3.89,Campaign,0.15,CallCenter,COD,1,3833.47,0.18,690.03,3143.45,1,14,4,2,0,1
LGS1ORD0001512,C001139,2025-04-30 16:00:00,Female,66,Bronze,CallCenter,Bangkok,171,Electronics,GadgetWorld,True,3.81,Campaign,0.1,Shopee,COD,1,9662.43,0.13,1256.12,8406.31,4,16,4,2,0,1
LGS1ORD0001513,C000136,2025-04-30 18:00:00,Female,45,Bronze,Web,Khon Kaen,154,Cosmetics,FreshLook,False,3.95,Campaign,0.15,Shopee,COD,1,1602.53,0.18,288.46,1314.08,4,18,4,2,0,0
LGS1ORD0001514,C000833,2025-04-30 20:00:00,Male,48,Silver,TV,Songkhla,1364,Cosmetics,FreshLook,False,3.94,No Promotion,0.0,Shopee,Credit_Card,1,417.34,0.05,20.87,396.47,3,20,4,2,0,0
LGS1ORD0001515,C000561,2025-04-30 22:00:00,Male,41,Bronze,TV,Nakhon Ratchasima,720,Home_Appliance,CleanMate,False,4.07,Clearance,0.25,Web,COD,1,8282.33,0.28,2319.05,5963.28,5,22,4,2,0,0
LGS1ORD0001516,C000487,2025-05-01 00:00:00,Female,45,Gold,CallCenter,Bangkok,848,Kitchen,KitchenMax,False,4.09,Clearance,0.2,TV_Show,Credit_Card,1,5175.58,0.28,1449.16,3726.42,1,0,5,3,0,1
LGS1ORD0001517,C000683,2025-05-01 02:00:00,Male,40,Bronze,Lazada,Remote_Area,720,Fashion,UrbanWear,False,3.29,Campaign,0.05,Web,COD,1,994.92,0.08,79.59,915.33,1,2,5,3,0,1
LGS1ORD0001518,C000554,2025-05-01 04:00:00,Female,46,Bronze,Lazada,Remote_Area,631,Electronics,ShieldCase,False,3.97,Campaign,0.15,Web,COD,4,2865.64,0.18,2063.26,9399.3,4,4,5,3,0,0
LGS1ORD0001519,C000049,2025-05-01 06:00:00,Female,33,Platinum,TV,Bangkok,720,Cosmetics,Beauty Lab,False,4.11,No Promotion,0.0,Shopee,COD,1,1577.18,0.1,157.72,1419.47,5,6,5,3,0,0
LGS1ORD0001520,C000731,2025-05-01 08:00:00,Male,40,Silver,Web,Bangkok,279,Home_Appliance,HomePro,False,4.04,Campaign,0.05,Web,Credit_Card,1,7285.0,0.1,728.5,6556.5,5,8,5,3,0,0
LGS1ORD0001521,C000394,2025-05-01 09:00:00,Male,40,Bronze,Shopee,Chiang Mai,380,Electronics,NovaTech,False,3.7,Campaign,0.05,CallCenter,COD,1,6633.32,0.08,530.67,6102.65,3,9,5,3,0,0
LGS1ORD0001522,C000279,2025-05-01 11:00:00,Male,46,Bronze,Web,Chonburi,1235,Fashion,FitStyle,False,3.59,No Promotion,0.0,TV_Show,Credit_Card,1,487.44,0.03,14.62,472.81,5,11,5,3,0,0
LGS1ORD0001523,C000769,2025-05-01 13:00:00,Male,32,Bronze,Shopee,Chiang Mai,790,Kitchen,CookEasy,True,4.09,Campaign,0.15,CallCenter,COD,1,4467.91,0.18,804.22,3663.68,1,13,5,3,0,0
LGS1ORD0001524,C000734,2025-05-01 15:00:00,Female,59,Bronze,TV,Phuket,845,Cosmetics,FreshLook,True,3.9,No Promotion,0.0,Web,COD,3,1181.86,0.03,106.37,3439.21,4,15,5,3,0,0
LGS1ORD0001525,C001126,2025-05-01 17:00:00,Female,61,Bronze,TV,Phuket,1164,Fashion,SilkTouch,False,3.75,Clearance,0.2,Lazada,PromptPay,1,1589.97,0.23,365.69,1224.28,5,17,5,3,0,1
LGS1ORD0001526,C000055,2025-05-01 19:00:00,Female,54,Silver,Web,Chonburi,514,Fashion,UrbanWear,False,3.81,Campaign,0.05,Web,COD,2,2033.01,0.1,406.6,3659.42,5,19,5,3,0,0
LGS1ORD0001527,C001128,2025-05-01 21:00:00,Female,23,Bronze,Shopee,Chonburi,1224,Cosmetics,FreshLook,True,3.9,Clearance,0.25,Lazada,PromptPay,1,1262.97,0.28,353.63,909.34,5,21,5,3,0,0
LGS1ORD0001528,C001054,2025-05-01 23:00:00,Male,44,Silver,Web,Chiang Mai,678,Fashion,UrbanWear,False,3.81,Campaign,0.05,Web,COD,1,1965.05,0.1,196.5,1768.54,4,23,5,3,0,0
LGS1ORD0001529,C000925,2025-05-02 01:00:00,Female,36,Platinum,Lazada,Bangkok,423,Home_Appliance,CleanMate,True,3.73,Clearance,0.2,Web,COD,1,2030.87,0.3,609.26,1421.61,5,1,5,4,0,0
LGS1ORD0001530,C000045,2025-05-02 03:00:00,Male,37,Gold,Web,Chonburi,1509,Electronics,NovaTech,True,3.5,No Promotion,0.0,TV_Show,Credit_Card,1,7577.39,0.08,606.19,6971.2,1,3,5,4,0,0
LGS1ORD0001531,C000825,2025-05-02 04:00:00,Male,38,Silver,Shopee,Khon Kaen,396,Health,VitaLife,False,4.26,No Promotion,0.0,TV_Show,COD,1,437.24,0.05,21.86,415.38,1,4,5,4,0,1
LGS1ORD0001532,C000807,2025-05-02 06:00:00,Female,57,Bronze,TV,Remote_Area,791,Kitchen,KitchenMax,True,3.89,Campaign,0.1,Shopee,PromptPay,1,3142.27,0.13,408.5,2733.78,1,6,5,4,0,1
LGS1ORD0001533,C000531,2025-05-02 08:00:00,Male,30,Bronze,Web,Songkhla,259,Electronics,GadgetWorld,False,3.57,Campaign,0.15,TV_Show,COD,3,575.99,0.18,311.03,1416.93,1,8,5,4,0,1
LGS1ORD0001534,C000458,2025-05-02 10:00:00,Female,56,Silver,CallCenter,Remote_Area,602,Electronics,ShieldCase,True,3.43,Campaign,0.05,TV_Show,COD,1,5532.53,0.1,553.25,4979.28,3,10,5,4,0,1
LGS1ORD0001535,C001142,2025-05-02 12:00:00,Other,52,Bronze,Shopee,Khon Kaen,1003,Cosmetics,FreshLook,True,3.82,Campaign,0.15,TV_Show,PromptPay,3,1537.92,0.18,830.48,3783.29,4,12,5,4,0,0
LGS1ORD0001536,C000264,2025-05-02 14:00:00,Male,66,Platinum,TV,Chiang Mai,1116,Fashion,FitStyle,False,3.46,Clearance,0.25,Web,COD,1,1499.09,0.35,524.68,974.41,3,14,5,4,0,1
LGS1ORD0001537,C000520,2025-05-02 16:00:00,Female,51,Gold,Web,Bangkok,1239,Electronics,ShieldCase,False,3.61,Campaign,0.05,Shopee,Credit_Card,3,8841.74,0.13,3448.28,23076.94,3,16,5,4,0,0
LGS1ORD0001538,C000253,2025-05-02 18:00:00,Female,60,Bronze,Shopee,Phuket,1468,Electronics,NovaTech,False,3.68,No Promotion,0.0,CallCenter,Credit_Card,1,5027.78,0.03,150.83,4876.95,5,18,5,4,0,0
LGS1ORD0001539,C000148,2025-05-02 20:00:00,Female,28,Silver,Web,Chiang Mai,945,Home_Appliance,CleanMate,True,4.1,Clearance,0.2,Lazada,Credit_Card,1,1394.2,0.25,348.55,1045.65,1,20,5,4,0,0
LGS1ORD0001540,C000739,2025-05-02 22:00:00,Female,47,Bronze,TV,Chiang Mai,1216,Cosmetics,Beauty Lab,False,4.15,No Promotion,0.0,TV_Show,Bank_Transfer,1,1107.33,0.03,33.22,1074.11,3,22,5,4,0,0
LGS1ORD0001541,C000200,2025-05-03 00:00:00,Female,23,Platinum,TV,Bangkok,914,Fashion,SilkTouch,False,3.48,Campaign,0.15,TV_Show,COD,1,1554.57,0.25,388.64,1165.93,3,0,5,5,1,0
LGS1ORD0001542,C001134,2025-05-03 01:00:00,Female,34,Bronze,CallCenter,Songkhla,689,Cosmetics,FreshLook,False,4.12,Campaign,0.15,TV_Show,COD,1,193.76,0.18,34.88,158.88,5,1,5,5,1,1
LGS1ORD0001543,C001088,2025-05-03 03:00:00,Male,44,Platinum,Lazada,Chonburi,1045,Electronics,NovaTech,False,4.06,No Promotion,0.0,Shopee,Credit_Card,1,10170.09,0.1,1017.01,9153.08,5,3,5,5,1,0
LGS1ORD0001544,C000921,2025-05-03 05:00:00,Female,61,Bronze,TV,Remote_Area,851,Electronics,ShieldCase,False,3.69,Clearance,0.2,Shopee,COD,2,7316.6,0.23,3365.64,11267.57,3,5,5,5,1,1
LGS1ORD0001545,C000768,2025-05-03 07:00:00,Other,47,Bronze,TV,Phuket,603,Fashion,UrbanWear,False,3.69,Campaign,0.1,Shopee,COD,2,518.01,0.13,134.68,901.33,1,7,5,5,1,1
LGS1ORD0001546,C001091,2025-05-03 09:00:00,Female,57,Bronze,TV,Bangkok,967,Home_Appliance,CleanMate,True,3.85,Campaign,0.1,Web,Bank_Transfer,1,5061.71,0.13,658.02,4403.69,1,9,5,5,1,0
LGS1ORD0001547,C001116,2025-05-03 11:00:00,Female,50,Bronze,CallCenter,Chonburi,1350,Fashion,UrbanWear,True,3.71,Campaign,0.15,CallCenter,PromptPay,2,642.29,0.18,231.22,1053.35,1,11,5,5,1,0
LGS1ORD0001548,C000383,2025-05-03 13:00:00,Male,29,Bronze,TV,Khon Kaen,247,Fashion,UrbanWear,False,3.6,Clearance,0.2,Web,COD,1,2307.46,0.23,530.72,1776.74,3,13,5,5,1,1
LGS1ORD0001549,C001046,2025-05-03 15:00:00,Female,46,Bronze,Shopee,Songkhla,921,Cosmetics,SunSafe,True,3.66,No Promotion,0.0,Shopee,COD,2,1275.55,0.03,76.53,2474.56,1,15,5,5,1,1
LGS1ORD0001550,C001112,2025-05-03 17:00:00,Male,49,Silver,Web,Khon Kaen,1112,Kitchen,KitchenMax,True,3.84,Campaign,0.05,Shopee,COD,1,4989.75,0.1,498.97,4490.77,5,17,5,5,1,1
LGS1ORD0001551,C001130,2025-05-03 19:00:00,Male,37,Bronze,TV,Bangkok,1537,Home_Appliance,PureAir,True,3.62,Campaign,0.15,TV_Show,Bank_Transfer,1,10937.14,0.18,1968.68,8968.45,5,19,5,5,1,1
LGS1ORD0001552,C000402,2025-05-03 20:00:00,Female,35,Bronze,Shopee,Bangkok,516,Cosmetics,FreshLook,False,3.86,Clearance,0.25,TV_Show,COD,1,2142.01,0.28,599.76,1542.25,3,20,5,5,1,1
LGS1ORD0001553,C000892,2025-05-03 22:00:00,Other,42,Bronze,Shopee,Chiang Mai,646,Kitchen,ChefHome,False,3.68,No Promotion,0.0,Shopee,COD,2,3225.29,0.03,193.52,6257.05,4,22,5,5,1,0
LGS1ORD0001554,C000602,2025-05-04 00:00:00,Male,55,Gold,Web,Chiang Mai,1386,Fashion,FitStyle,False,3.51,Clearance,0.2,Web,Credit_Card,2,964.42,0.28,540.08,1388.77,3,0,5,6,1,0
LGS1ORD0001555,C000515,2025-05-04 02:00:00,Male,34,Bronze,Shopee,Chonburi,1342,Fashion,UrbanWear,False,3.8,No Promotion,0.0,Web,Bank_Transfer,2,936.09,0.03,56.17,1816.02,5,2,5,6,1,1
LGS1ORD0001556,C000743,2025-05-04 04:00:00,Male,48,Bronze,Lazada,Khon Kaen,840,Fashion,FitStyle,False,3.6,No Promotion,0.0,Shopee,COD,1,2598.11,0.03,77.94,2520.17,4,4,5,6,1,1
LGS1ORD0001557,C000288,2025-05-04 06:00:00,Male,42,Bronze,Shopee,Khon Kaen,1257,Fashion,UrbanWear,False,3.61,Campaign,0.05,Lazada,Credit_Card,1,1716.76,0.08,137.34,1579.42,3,6,5,6,1,0
LGS1ORD0001558,C000829,2025-05-04 08:00:00,Female,18,Bronze,CallCenter,Chiang Mai,1224,Electronics,NovaTech,False,3.7,No Promotion,0.0,Shopee,Bank_Transfer,4,6051.83,0.03,726.22,23481.09,5,8,5,6,1,1
LGS1ORD0001559,C000814,2025-05-04 10:00:00,Male,44,Gold,TV,Chonburi,177,Health,MediCare,False,4.55,Campaign,0.15,TV_Show,COD,1,787.65,0.2299999999999999,181.16,606.49,1,10,5,6,1,0
LGS1ORD0001560,C000624,2025-05-04 12:00:00,Female,30,Silver,Lazada,Chonburi,1424,Fashion,FitStyle,False,3.51,Campaign,0.05,CallCenter,Credit_Card,3,926.91,0.1,278.07,2502.65,3,12,5,6,1,0
LGS1ORD0001561,C000534,2025-05-04 14:00:00,Female,43,Bronze,CallCenter,Chiang Mai,1546,Health,MediCare,False,4.24,No Promotion,0.0,Web,COD,1,1613.31,0.03,48.4,1564.91,5,14,5,6,1,0
LGS1ORD0001562,C000807,2025-05-04 15:00:00,Female,57,Bronze,TV,Remote_Area,793,Home_Appliance,PureAir,True,4.06,Campaign,0.1,TV_Show,PromptPay,2,4023.9,0.13,1046.22,7001.59,1,15,5,6,1,0
LGS1ORD0001563,C000237,2025-05-04 17:00:00,Male,59,Gold,Shopee,Nakhon Ratchasima,1464,Kitchen,ChefHome,False,3.91,No Promotion,0.0,Web,Credit_Card,1,4243.78,0.08,339.5,3904.27,1,17,5,6,1,0
LGS1ORD0001564,C000934,2025-05-04 19:00:00,Male,18,Gold,Shopee,Bangkok,718,Kitchen,CookEasy,False,3.81,Clearance,0.2,CallCenter,COD,3,1604.13,0.28,1347.47,3464.92,3,19,5,6,1,0
LGS1ORD0001565,C000458,2025-05-04 21:00:00,Female,56,Silver,CallCenter,Remote_Area,604,Electronics,NovaTech,True,3.5,No Promotion,0.0,Web,Credit_Card,2,5304.66,0.05,530.47,10078.85,3,21,5,6,1,0
LGS1ORD0001566,C001008,2025-05-04 23:00:00,Other,35,Bronze,TV,Bangkok,475,Health,WellPlus,False,4.29,No Promotion,0.0,Web,COD,3,2720.5,0.03,244.84,7916.65,3,23,5,6,1,0
LGS1ORD0001567,C000604,2025-05-05 01:00:00,Male,49,Bronze,Shopee,Remote_Area,539,Electronics,ShieldCase,False,3.82,Campaign,0.15,Web,COD,2,6665.8,0.18,2399.69,10931.9,5,1,5,0,0,1
LGS1ORD0001568,C000012,2025-05-05 03:00:00,Female,44,Platinum,Lazada,Songkhla,334,Kitchen,ChefHome,False,4.18,Clearance,0.2,TV_Show,COD,1,3856.74,0.3,1157.02,2699.71,3,3,5,0,0,0
LGS1ORD0001569,C000295,2025-05-05 05:00:00,Female,48,Gold,Lazada,Remote_Area,843,Health,VitaLife,False,4.19,Clearance,0.2,Shopee,Credit_Card,2,3325.06,0.28,1862.03,4788.09,3,5,5,0,0,0
LGS1ORD0001570,C000730,2025-05-05 07:00:00,Female,59,Bronze,Shopee,Chiang Mai,210,Home_Appliance,PureAir,True,4.2,Clearance,0.2,TV_Show,Bank_Transfer,1,11218.98,0.23,2580.37,8638.61,1,7,5,0,0,0
LGS1ORD0001571,C000436,2025-05-05 09:00:00,Female,70,Bronze,Web,Phuket,1417,Cosmetics,SunSafe,False,4.09,Campaign,0.15,Shopee,Credit_Card,1,2124.57,0.18,382.42,1742.15,3,9,5,0,0,0
LGS1ORD0001572,C000428,2025-05-05 10:00:00,Female,35,Silver,Shopee,Chiang Mai,285,Home_Appliance,PureAir,False,4.25,No Promotion,0.0,TV_Show,COD,4,8258.07,0.05,1651.61,31380.68,4,10,5,0,0,1
LGS1ORD0001573,C000477,2025-05-05 12:00:00,Female,45,Silver,Web,Chonburi,1378,Electronics,GadgetWorld,False,3.74,Campaign,0.1,Shopee,COD,1,1391.14,0.15,208.67,1182.47,1,12,5,0,0,0
LGS1ORD0001574,C000627,2025-05-05 14:00:00,Female,51,Silver,CallCenter,Nakhon Ratchasima,781,Home_Appliance,PureAir,True,3.62,No Promotion,0.0,TV_Show,PromptPay,1,10851.29,0.05,542.56,10308.72,1,14,5,0,0,0
LGS1ORD0001575,C000656,2025-05-05 16:00:00,Female,34,Silver,Lazada,Bangkok,550,Cosmetics,FreshLook,False,4.31,Campaign,0.1,Lazada,COD,3,2031.75,0.15,914.29,5180.95,4,16,5,0,0,1
LGS1ORD0001576,C000316,2025-05-05 18:00:00,Female,27,Silver,TV,Chiang Mai,429,Cosmetics,FreshLook,False,4.13,No Promotion,0.0,Web,Credit_Card,1,807.39,0.05,40.37,767.02,1,18,5,0,0,0
LGS1ORD0001577,C000296,2025-05-05 20:00:00,Female,47,Bronze,TV,Remote_Area,1180,Fashion,UrbanWear,False,3.61,Clearance,0.2,Lazada,Bank_Transfer,2,1668.32,0.23,767.43,2569.21,1,20,5,0,0,1
LGS1ORD0001578,C000087,2025-05-05 22:00:00,Female,68,Platinum,TV,Nakhon Ratchasima,1174,Cosmetics,FreshLook,True,3.9,Campaign,0.1,TV_Show,COD,3,1158.0,0.2,694.8,2779.19,5,22,5,0,0,0
LGS1ORD0001579,C001069,2025-05-06 00:00:00,Female,52,Gold,Web,Bangkok,645,Kitchen,ChefHome,False,4.34,Campaign,0.05,Shopee,Credit_Card,1,5240.17,0.13,681.22,4558.95,4,0,5,1,0,0
LGS1ORD0001580,C001125,2025-05-06 02:00:00,Male,57,Bronze,TV,Phuket,1075,Cosmetics,Beauty Lab,False,3.79,Campaign,0.15,Lazada,COD,2,1447.27,0.18,521.02,2373.53,1,2,5,1,0,1
LGS1ORD0001581,C000302,2025-05-06 04:00:00,Female,46,Gold,TV,Songkhla,923,Home_Appliance,CleanMate,True,3.75,Clearance,0.2,CallCenter,COD,2,5642.8,0.28,3159.97,8125.64,5,4,5,1,0,0
LGS1ORD0001582,C000888,2025-05-06 05:00:00,Female,56,Bronze,TV,Khon Kaen,637,Fashion,UrbanWear,False,3.72,No Promotion,0.0,Shopee,COD,1,2265.39,0.03,67.96,2197.43,3,5,5,1,0,0
LGS1ORD0001583,C000704,2025-05-06 07:00:00,Male,44,Platinum,Shopee,Songkhla,832,Kitchen,ChefHome,False,4.2,Campaign,0.15,TV_Show,PromptPay,1,3258.37,0.25,814.59,2443.78,1,7,5,1,0,0
LGS1ORD0001584,C000402,2025-05-06 09:00:00,Female,35,Bronze,Shopee,Bangkok,519,Fashion,FitStyle,False,3.53,Clearance,0.25,Shopee,COD,1,1739.82,0.28,487.15,1252.67,3,9,5,1,0,0
LGS1ORD0001585,C000134,2025-05-06 11:00:00,Female,39,Bronze,Shopee,Bangkok,1345,Electronics,NovaTech,False,3.77,Campaign,0.05,Shopee,COD,1,5874.46,0.08,469.96,5404.5,3,11,5,1,0,0
LGS1ORD0001586,C000893,2025-05-06 13:00:00,Male,58,Gold,CallCenter,Bangkok,366,Health,MediCare,False,4.55,Campaign,0.05,CallCenter,Credit_Card,1,748.31,0.13,97.28,651.03,1,13,5,1,0,0
LGS1ORD0001587,C000765,2025-05-06 15:00:00,Female,36,Silver,CallCenter,Chiang Mai,1395,Kitchen,KitchenMax,False,4.0,No Promotion,0.0,TV_Show,COD,1,5125.47,0.05,256.27,4869.19,3,15,5,1,0,0
LGS1ORD0001588,C000775,2025-05-06 17:00:00,Female,24,Silver,CallCenter,Khon Kaen,149,Electronics,GadgetWorld,False,4.07,Campaign,0.1,Web,Bank_Transfer,2,1092.17,0.15,327.65,1856.68,5,17,5,1,0,0
LGS1ORD0001589,C000323,2025-05-06 19:00:00,Female,43,Silver,Shopee,Khon Kaen,1326,Electronics,NovaTech,False,3.6,Clearance,0.25,Shopee,Credit_Card,1,8282.33,0.3,2484.7,5797.63,1,19,5,1,0,0
LGS1ORD0001590,C000168,2025-05-06 21:00:00,Female,32,Gold,Web,Chiang Mai,427,Kitchen,ChefHome,False,4.15,Clearance,0.25,CallCenter,Credit_Card,2,4131.45,0.33,2726.76,5536.14,1,21,5,1,0,0
LGS1ORD0001591,C001128,2025-05-06 23:00:00,Female,23,Bronze,Shopee,Chonburi,1229,Cosmetics,SunSafe,False,4.28,No Promotion,0.0,Web,COD,2,1431.77,0.03,85.91,2777.64,5,23,5,1,0,1
LGS1ORD0001592,C000927,2025-05-07 00:00:00,Male,45,Gold,Web,Remote_Area,184,Electronics,GadgetWorld,False,3.89,Campaign,0.1,TV_Show,Credit_Card,1,3156.4,0.18,568.15,2588.25,3,0,5,2,0,0
LGS1ORD0001593,C000552,2025-05-07 02:00:00,Female,34,Silver,TV,Khon Kaen,1420,Home_Appliance,HomePro,True,3.76,Campaign,0.15,Web,COD,3,12673.57,0.2,7604.14,30416.56,1,2,5,2,0,0
LGS1ORD0001594,C000836,2025-05-07 04:00:00,Male,31,Bronze,TV,Bangkok,1086,Home_Appliance,PureAir,True,3.76,No Promotion,0.0,Shopee,COD,1,3959.41,0.03,118.78,3840.63,4,4,5,2,0,0
LGS1ORD0001595,C001045,2025-05-07 06:00:00,Male,54,Silver,Shopee,Songkhla,759,Health,VitaLife,False,4.19,Campaign,0.05,Lazada,COD,1,3421.06,0.1,342.11,3078.95,3,6,5,2,0,0
LGS1ORD0001596,C000362,2025-05-07 08:00:00,Female,40,Bronze,Lazada,Chonburi,381,Cosmetics,FreshLook,True,3.9,Campaign,0.15,Shopee,Bank_Transfer,1,1103.43,0.18,198.62,904.81,1,8,5,2,0,0
LGS1ORD0001597,C000046,2025-05-07 10:00:00,Female,35,Bronze,CallCenter,Nakhon Ratchasima,1127,Home_Appliance,PureAir,False,3.58,No Promotion,0.0,Lazada,PromptPay,2,8349.51,0.03,500.97,16198.05,3,10,5,2,0,0
LGS1ORD0001598,C000137,2025-05-07 12:00:00,Male,50,Bronze,Web,Songkhla,1370,Electronics,GadgetWorld,True,3.81,No Promotion,0.0,CallCenter,COD,1,9122.64,0.03,273.68,8848.96,5,12,5,2,0,1
LGS1ORD0001599,C000598,2025-05-07 14:00:00,Male,35,Gold,TV,Bangkok,643,Electronics,ShieldCase,False,3.97,Campaign,0.15,Shopee,PromptPay,1,2880.38,0.2299999999999999,662.49,2217.89,1,14,5,2,0,0
LGS1ORD0001600,C000422,2025-05-07 16:00:00,Female,27,Bronze,Shopee,Bangkok,375,Cosmetics,Beauty Lab,False,3.79,Campaign,0.05,Web,COD,1,1392.6,0.08,111.41,1281.19,1,16,5,2,0,0
LGS1ORD0001601,C000604,2025-05-07 18:00:00,Male,49,Bronze,Shopee,Remote_Area,541,Fashion,UrbanWear,False,3.81,Clearance,0.2,Web,COD,3,1891.63,0.23,1305.23,4369.67,4,18,5,2,0,0
LGS1ORD0001602,C000592,2025-05-07 19:00:00,Male,44,Bronze,Lazada,Chonburi,1442,Fashion,UrbanWear,False,3.6,Campaign,0.1,Shopee,PromptPay,1,781.23,0.13,101.56,679.67,4,19,5,2,0,0
LGS1ORD0001603,C001113,2025-05-07 21:00:00,Female,38,Bronze,Shopee,Chonburi,151,Kitchen,ChefHome,False,4.38,Campaign,0.05,TV_Show,PromptPay,1,4827.58,0.08,386.21,4441.37,5,21,5,2,0,0
LGS1ORD0001604,C000046,2025-05-07 23:00:00,Female,35,Bronze,CallCenter,Nakhon Ratchasima,1127,Cosmetics,FreshLook,False,4.0,Clearance,0.25,CallCenter,Credit_Card,3,356.64,0.28,299.58,770.34,3,23,5,2,0,0
LGS1ORD0001605,C000405,2025-05-08 01:00:00,Female,48,Bronze,Shopee,Nakhon Ratchasima,1583,Fashion,UrbanWear,False,3.61,Campaign,0.15,Web,Bank_Transfer,2,1752.87,0.18,631.03,2874.71,3,1,5,3,0,0
LGS1ORD0001606,C000564,2025-05-08 03:00:00,Male,50,Silver,Shopee,Chonburi,1092,Kitchen,KitchenMax,True,4.13,Campaign,0.05,Web,PromptPay,1,501.63,0.1,50.16,451.47,3,3,5,3,0,0
LGS1ORD0001607,C001143,2025-05-08 05:00:00,Female,43,Bronze,TV,Chonburi,871,Health,MediCare,False,4.38,No Promotion,0.0,Shopee,COD,2,1952.73,0.03,117.16,3788.3,3,5,5,3,0,1
LGS1ORD0001608,C000074,2025-05-08 07:00:00,Male,32,Bronze,TV,Phuket,1343,Cosmetics,Beauty Lab,False,4.15,No Promotion,0.0,Web,Bank_Transfer,2,1158.85,0.03,69.53,2248.17,1,7,5,3,0,0
LGS1ORD0001609,C000460,2025-05-08 09:00:00,Male,34,Bronze,Lazada,Chonburi,727,Electronics,ShieldCase,False,3.77,No Promotion,0.0,CallCenter,PromptPay,1,2793.58,0.03,83.81,2709.77,3,9,5,3,0,1
LGS1ORD0001610,C000376,2025-05-08 11:00:00,Female,41,Bronze,TV,Bangkok,1579,Electronics,NovaTech,True,3.94,Clearance,0.2,Lazada,Credit_Card,3,1080.73,0.23,745.7,2496.49,3,11,5,3,0,0
LGS1ORD0001611,C000864,2025-05-08 13:00:00,Male,59,Bronze,Web,Bangkok,1242,Home_Appliance,PureAir,True,4.0,Campaign,0.1,Web,PromptPay,1,14476.0,0.13,1881.88,12594.12,3,13,5,3,0,0
LGS1ORD0001612,C000980,2025-05-08 14:00:00,Female,55,Silver,CallCenter,Bangkok,746,Home_Appliance,PureAir,False,4.1,No Promotion,0.0,TV_Show,Credit_Card,1,12018.84,0.05,600.94,11417.9,4,14,5,3,0,1
LGS1ORD0001613,C000282,2025-05-08 16:00:00,Male,47,Bronze,Web,Bangkok,275,Cosmetics,FreshLook,False,4.0,Campaign,0.05,Web,COD,1,2071.91,0.08,165.75,1906.15,4,16,5,3,0,1
LGS1ORD0001614,C000528,2025-05-08 18:00:00,Female,33,Gold,Shopee,Bangkok,1182,Home_Appliance,HomePro,False,4.29,Campaign,0.15,TV_Show,COD,2,1605.7,0.2299999999999999,738.62,2472.78,5,18,5,3,0,1
LGS1ORD0001615,C001187,2025-05-08 20:00:00,Male,58,Bronze,Shopee,Chiang Mai,1005,Fashion,FitStyle,False,3.4,Campaign,0.05,TV_Show,COD,2,2261.4,0.08,361.82,4160.98,3,20,5,3,0,1
LGS1ORD0001616,C000867,2025-05-08 22:00:00,Male,45,Bronze,Shopee,Remote_Area,1487,Electronics,GadgetWorld,False,3.66,Clearance,0.2,TV_Show,COD,3,6009.53,0.23,4146.58,13882.02,4,22,5,3,0,1
LGS1ORD0001617,C000119,2025-05-09 00:00:00,Male,47,Bronze,TV,Songkhla,268,Kitchen,ChefHome,False,4.38,Campaign,0.15,Shopee,Credit_Card,1,4669.1,0.18,840.44,3828.66,3,0,5,4,0,0
LGS1ORD0001618,C000720,2025-05-09 02:00:00,Other,38,Bronze,Lazada,Bangkok,239,Electronics,GadgetWorld,True,4.0,Campaign,0.05,Web,Credit_Card,1,2509.43,0.08,200.75,2308.67,3,2,5,4,0,0
LGS1ORD0001619,C000784,2025-05-09 04:00:00,Female,51,Gold,Shopee,Bangkok,1558,Electronics,ShieldCase,False,3.97,Campaign,0.05,Web,Credit_Card,1,2980.0,0.13,387.4,2592.6,5,4,5,4,0,0
LGS1ORD0001620,C000416,2025-05-09 06:00:00,Male,60,Platinum,Web,Khon Kaen,779,Fashion,UrbanWear,False,3.61,No Promotion,0.0,Web,Bank_Transfer,1,801.56,0.1,80.16,721.4,1,6,5,4,0,0
LGS1ORD0001621,C000076,2025-05-09 08:00:00,Female,65,Platinum,Web,Nakhon Ratchasima,1469,Kitchen,KitchenMax,False,4.46,Campaign,0.05,Web,COD,3,2414.53,0.15,1086.54,6157.05,1,8,5,4,0,0
LGS1ORD0001622,C000274,2025-05-09 09:00:00,Male,42,Bronze,CallCenter,Bangkok,807,Electronics,ShieldCase,True,3.79,Campaign,0.15,Shopee,COD,2,7040.95,0.18,2534.74,11547.16,1,9,5,4,0,0
LGS1ORD0001623,C001025,2025-05-09 11:00:00,Male,44,Silver,TV,Khon Kaen,1097,Health,MediCare,False,3.79,Campaign,0.1,TV_Show,COD,1,333.04,0.15,49.96,283.08,4,11,5,4,0,0
LGS1ORD0001624,C000311,2025-05-09 13:00:00,Male,45,Bronze,Shopee,Nakhon Ratchasima,1307,Home_Appliance,PureAir,True,4.0,Clearance,0.2,Lazada,COD,1,13011.24,0.23,2992.59,10018.66,1,13,5,4,0,0
LGS1ORD0001625,C001023,2025-05-09 15:00:00,Male,45,Silver,Web,Bangkok,1504,Fashion,UrbanWear,False,3.72,Clearance,0.2,Web,COD,1,2196.5,0.25,549.13,1647.38,5,15,5,4,0,1
LGS1ORD0001626,C000394,2025-05-09 17:00:00,Male,40,Bronze,Shopee,Chiang Mai,388,Fashion,FitStyle,False,3.59,Clearance,0.2,Lazada,Bank_Transfer,2,486.97,0.23,224.0,749.93,1,17,5,4,0,0
LGS1ORD0001627,C000192,2025-05-09 19:00:00,Female,47,Bronze,TV,Bangkok,977,Kitchen,KitchenMax,False,4.09,No Promotion,0.0,Web,COD,2,5297.12,0.03,317.83,10276.41,1,19,5,4,0,1
LGS1ORD0001628,C000409,2025-05-09 21:00:00,Female,34,Silver,Web,Bangkok,941,Electronics,NovaTech,True,4.02,Clearance,0.2,TV_Show,Credit_Card,3,9081.8,0.25,6811.35,20434.06,3,21,5,4,0,0
LGS1ORD0001629,C000035,2025-05-09 23:00:00,Female,37,Gold,TV,Chiang Mai,464,Cosmetics,SunSafe,False,4.36,Clearance,0.2,Web,Credit_Card,2,660.22,0.28,369.72,950.71,3,23,5,4,0,0
LGS1ORD0001630,C000400,2025-05-10 01:00:00,Male,24,Bronze,Lazada,Chonburi,1554,Home_Appliance,PureAir,False,4.42,Campaign,0.1,CallCenter,COD,2,9340.39,0.13,2428.5,16252.27,3,1,5,5,1,0
LGS1ORD0001631,C000375,2025-05-10 03:00:00,Male,51,Gold,TV,Nakhon Ratchasima,553,Home_Appliance,CleanMate,False,4.05,Campaign,0.05,Shopee,Credit_Card,1,9621.53,0.13,1250.8,8370.73,5,3,5,5,1,0
LGS1ORD0001632,C000046,2025-05-10 04:00:00,Female,35,Bronze,CallCenter,Nakhon Ratchasima,1130,Cosmetics,SunSafe,True,4.42,Clearance,0.25,Web,COD,2,1876.49,0.28,1050.84,2702.15,3,4,5,5,1,0
LGS1ORD0001633,C001018,2025-05-10 06:00:00,Female,32,Silver,Shopee,Chonburi,1139,Fashion,UrbanWear,True,3.77,Campaign,0.15,Lazada,COD,2,1877.22,0.2,750.89,3003.55,5,6,5,5,1,0
LGS1ORD0001634,C000789,2025-05-10 08:00:00,Other,22,Bronze,Shopee,Chonburi,250,Cosmetics,Beauty Lab,False,3.82,Campaign,0.1,TV_Show,PromptPay,2,1844.77,0.13,479.64,3209.9,3,8,5,5,1,0
LGS1ORD0001635,C000112,2025-05-10 10:00:00,Female,34,Bronze,TV,Chiang Mai,1258,Electronics,ShieldCase,False,3.9,Clearance,0.2,CallCenter,PromptPay,1,2003.63,0.23,460.83,1542.79,1,10,5,5,1,0
LGS1ORD0001636,C000950,2025-05-10 12:00:00,Male,54,Gold,Web,Bangkok,1211,Home_Appliance,CleanMate,True,4.24,Campaign,0.05,TV_Show,Credit_Card,1,7239.13,0.13,941.09,6298.04,3,12,5,5,1,0
LGS1ORD0001637,C000126,2025-05-10 14:00:00,Male,28,Bronze,CallCenter,Khon Kaen,1025,Home_Appliance,PureAir,True,4.0,Campaign,0.05,Web,Bank_Transfer,4,12410.01,0.08,3971.2,45668.83,3,14,5,5,1,0
LGS1ORD0001638,C000224,2025-05-10 16:00:00,Male,46,Bronze,Web,Bangkok,1489,Home_Appliance,CleanMate,False,3.82,Campaign,0.15,TV_Show,Bank_Transfer,2,2081.83,0.18,749.46,3414.19,1,16,5,5,1,0
LGS1ORD0001639,C000083,2025-05-10 18:00:00,Female,31,Bronze,Web,Bangkok,1190,Cosmetics,FreshLook,False,4.31,Campaign,0.05,Lazada,Bank_Transfer,1,2126.13,0.08,170.09,1956.04,1,18,5,5,1,0
LGS1ORD0001640,C000163,2025-05-10 20:00:00,Female,56,Bronze,Web,Nakhon Ratchasima,141,Fashion,FitStyle,True,3.85,Clearance,0.2,CallCenter,COD,2,1079.4,0.23,496.52,1662.27,4,20,5,5,1,0
LGS1ORD0001641,C000505,2025-05-10 22:00:00,Male,35,Silver,CallCenter,Khon Kaen,1116,Fashion,UrbanWear,False,3.45,Campaign,0.1,CallCenter,COD,1,1239.96,0.15,185.99,1053.97,3,22,5,5,1,1
LGS1ORD0001642,C000109,2025-05-11 00:00:00,Male,22,Bronze,CallCenter,Bangkok,1421,Fashion,UrbanWear,False,3.29,No Promotion,0.0,Shopee,COD,1,1045.71,0.03,31.37,1014.34,4,0,5,6,1,0
LGS1ORD0001643,C001086,2025-05-11 01:00:00,Female,33,Bronze,Shopee,Songkhla,1322,Kitchen,CookEasy,False,4.01,Clearance,0.25,Web,Bank_Transfer,1,1889.05,0.28,528.93,1360.12,3,1,5,6,1,0
LGS1ORD0001644,C000304,2025-05-11 03:00:00,Female,44,Bronze,TV,Chonburi,1044,Kitchen,KitchenMax,True,3.76,Clearance,0.2,TV_Show,COD,2,3372.91,0.23,1551.54,5194.28,4,3,5,6,1,0
LGS1ORD0001645,C000654,2025-05-11 05:00:00,Female,57,Gold,TV,Chonburi,487,Cosmetics,Beauty Lab,True,4.21,No Promotion,0.0,Lazada,COD,1,2108.56,0.08,168.69,1939.88,3,5,5,6,1,0
LGS1ORD0001646,C000776,2025-05-11 07:00:00,Female,40,Bronze,Web,Chiang Mai,682,Fashion,FitStyle,False,3.91,Campaign,0.1,Lazada,Credit_Card,1,1412.83,0.13,183.67,1229.17,3,7,5,6,1,0
LGS1ORD0001647,C000285,2025-05-11 09:00:00,Female,65,Bronze,Shopee,Chiang Mai,1263,Fashion,UrbanWear,False,3.69,Clearance,0.2,CallCenter,PromptPay,1,506.76,0.23,116.56,390.21,3,9,5,6,1,1
LGS1ORD0001648,C000043,2025-05-11 11:00:00,Female,26,Silver,Shopee,Bangkok,1226,Home_Appliance,PureAir,True,3.62,No Promotion,0.0,TV_Show,COD,1,10336.47,0.05,516.82,9819.65,5,11,5,6,1,0
LGS1ORD0001649,C001037,2025-05-11 13:00:00,Male,47,Gold,TV,Bangkok,343,Electronics,ShieldCase,False,3.54,Campaign,0.1,CallCenter,Credit_Card,3,4802.11,0.18,2593.14,11813.18,3,13,5,6,1,0
LGS1ORD0001650,C000428,2025-05-11 15:00:00,Female,35,Silver,Shopee,Chiang Mai,291,Kitchen,ChefHome,False,4.22,No Promotion,0.0,Lazada,Credit_Card,1,1201.06,0.05,60.05,1141.01,4,15,5,6,1,0
LGS1ORD0001651,C000306,2025-05-11 17:00:00,Female,60,Bronze,TV,Phuket,307,Electronics,GadgetWorld,False,4.05,Clearance,0.2,CallCenter,Credit_Card,1,4033.3,0.23,927.66,3105.64,3,17,5,6,1,1
LGS1ORD0001652,C000853,2025-05-11 19:00:00,Male,34,Gold,Shopee,Songkhla,1412,Health,VitaLife,False,4.26,No Promotion,0.0,Web,COD,1,415.94,0.08,33.28,382.67,5,19,5,6,1,0
LGS1ORD0001653,C000275,2025-05-11 20:00:00,Male,41,Gold,Shopee,Chiang Mai,329,Home_Appliance,PureAir,False,4.19,Clearance,0.2,CallCenter,Bank_Transfer,1,5768.65,0.28,1615.22,4153.42,3,20,5,6,1,0
LGS1ORD0001654,C000820,2025-05-11 22:00:00,Female,40,Bronze,Web,Khon Kaen,524,Cosmetics,SunSafe,False,4.36,No Promotion,0.0,Lazada,Credit_Card,1,616.76,0.03,18.5,598.25,1,22,5,6,1,0
LGS1ORD0001655,C000081,2025-05-12 00:00:00,Male,45,Bronze,CallCenter,Remote_Area,332,Home_Appliance,CleanMate,True,3.75,Campaign,0.15,Web,COD,1,5063.86,0.18,911.49,4152.36,3,0,5,0,0,1
LGS1ORD0001656,C000288,2025-05-12 02:00:00,Male,42,Bronze,Shopee,Khon Kaen,1265,Home_Appliance,PureAir,False,4.19,No Promotion,0.0,CallCenter,Credit_Card,2,5568.53,0.03,334.11,10802.96,5,2,5,0,0,1
LGS1ORD0001657,C000496,2025-05-12 04:00:00,Male,55,Bronze,Web,Remote_Area,570,Electronics,NovaTech,True,4.02,Clearance,0.25,Lazada,PromptPay,1,10279.61,0.28,2878.29,7401.32,3,4,5,0,0,0
LGS1ORD0001658,C000130,2025-05-12 06:00:00,Female,53,Gold,Web,Bangkok,1486,Fashion,UrbanWear,False,3.69,Campaign,0.05,Shopee,Credit_Card,2,2100.35,0.13,546.09,3654.6,3,6,5,0,0,0
LGS1ORD0001659,C000141,2025-05-12 08:00:00,Male,54,Silver,Lazada,Songkhla,483,Electronics,GadgetWorld,True,3.92,Campaign,0.05,Shopee,COD,2,6794.31,0.1,1358.86,12229.76,3,8,5,0,0,1
LGS1ORD0001660,C000846,2025-05-12 10:00:00,Male,56,Silver,Lazada,Songkhla,976,Electronics,GadgetWorld,True,4.17,No Promotion,0.0,CallCenter,COD,1,2922.16,0.05,146.11,2776.05,3,10,5,0,0,0
LGS1ORD0001661,C000780,2025-05-12 12:00:00,Male,43,Gold,TV,Bangkok,1475,Cosmetics,SunSafe,True,4.2,Campaign,0.15,Shopee,Credit_Card,1,2205.28,0.2299999999999999,507.21,1698.07,3,12,5,0,0,0
LGS1ORD0001662,C000273,2025-05-12 14:00:00,Male,52,Platinum,TV,Chonburi,995,Electronics,NovaTech,True,3.64,Campaign,0.1,CallCenter,PromptPay,1,1592.23,0.2,318.45,1273.79,4,14,5,0,0,0
LGS1ORD0001663,C000700,2025-05-12 15:00:00,Female,72,Bronze,TV,Remote_Area,296,Electronics,GadgetWorld,False,3.74,Campaign,0.05,CallCenter,COD,2,1398.49,0.08,223.76,2573.23,1,15,5,0,0,0
LGS1ORD0001664,C000325,2025-05-12 17:00:00,Male,41,Bronze,Web,Chonburi,724,Fashion,FitStyle,False,3.4,Campaign,0.05,Shopee,Credit_Card,1,2218.36,0.08,177.47,2040.89,1,17,5,0,0,0
LGS1ORD0001665,C000283,2025-05-12 19:00:00,Male,40,Bronze,TV,Chiang Mai,851,Home_Appliance,PureAir,True,4.04,Campaign,0.15,Shopee,COD,3,8093.15,0.18,4370.3,19909.15,5,19,5,0,0,0
LGS1ORD0001666,C000076,2025-05-12 21:00:00,Female,65,Platinum,Web,Nakhon Ratchasima,1472,Home_Appliance,PureAir,True,4.21,Clearance,0.2,Shopee,PromptPay,2,12726.86,0.3,7636.12,17817.6,1,21,5,0,0,0
LGS1ORD0001667,C000666,2025-05-12 23:00:00,Male,51,Silver,TV,Bangkok,855,Kitchen,ChefHome,False,4.22,Campaign,0.15,Shopee,PromptPay,1,1167.63,0.2,233.53,934.1,1,23,5,0,0,0
LGS1ORD0001668,C000788,2025-05-13 01:00:00,Female,72,Platinum,Lazada,Nakhon Ratchasima,562,Health,MediCare,False,4.62,No Promotion,0.0,TV_Show,COD,2,2897.5,0.1,579.5,5215.5,3,1,5,1,0,0
LGS1ORD0001669,C000315,2025-05-13 03:00:00,Female,48,Silver,Shopee,Bangkok,619,Electronics,GadgetWorld,False,3.81,Clearance,0.25,TV_Show,COD,2,470.02,0.3,282.01,658.02,5,3,5,1,0,1
LGS1ORD0001670,C000479,2025-05-13 05:00:00,Male,55,Silver,Web,Bangkok,1534,Kitchen,CookEasy,True,3.86,Campaign,0.15,Shopee,COD,2,1564.01,0.2,625.6,2502.41,4,5,5,1,0,0
LGS1ORD0001671,C000079,2025-05-13 07:00:00,Female,53,Bronze,TV,Bangkok,152,Cosmetics,SunSafe,True,4.2,Campaign,0.1,Web,Bank_Transfer,2,2044.88,0.13,531.67,3558.09,1,7,5,1,0,0
LGS1ORD0001672,C000133,2025-05-13 09:00:00,Female,25,Bronze,Web,Khon Kaen,623,Electronics,NovaTech,True,3.94,Campaign,0.05,Shopee,COD,1,1013.81,0.08,81.1,932.7,5,9,5,1,0,0
LGS1ORD0001673,C001068,2025-05-13 10:00:00,Female,48,Platinum,TV,Khon Kaen,310,Home_Appliance,HomePro,True,3.82,Clearance,0.2,Shopee,Bank_Transfer,1,2263.13,0.3,678.94,1584.19,5,10,5,1,0,0
LGS1ORD0001674,C000363,2025-05-13 12:00:00,Male,39,Bronze,TV,Bangkok,421,Cosmetics,FreshLook,False,4.13,Campaign,0.05,Lazada,Credit_Card,2,839.64,0.08,134.34,1544.93,4,12,5,1,0,0
LGS1ORD0001675,C001081,2025-05-13 14:00:00,Male,24,Bronze,Lazada,Chiang Mai,1486,Cosmetics,FreshLook,False,3.86,Campaign,0.05,Lazada,Credit_Card,3,2121.04,0.08,509.05,5854.06,1,14,5,1,0,0
LGS1ORD0001676,C000876,2025-05-13 16:00:00,Male,41,Bronze,CallCenter,Remote_Area,1292,Fashion,SilkTouch,False,3.5,Campaign,0.05,Lazada,Credit_Card,1,2017.32,0.08,161.39,1855.93,1,16,5,1,0,0
LGS1ORD0001677,C000113,2025-05-13 18:00:00,Male,30,Silver,Web,Khon Kaen,588,Electronics,ShieldCase,False,3.8,Campaign,0.15,CallCenter,Credit_Card,1,6921.84,0.2,1384.37,5537.47,4,18,5,1,0,0
LGS1ORD0001678,C000193,2025-05-13 20:00:00,Female,40,Silver,CallCenter,Chonburi,889,Electronics,ShieldCase,True,4.33,Campaign,0.05,Lazada,COD,1,4641.98,0.1,464.2,4177.78,5,20,5,1,0,0
LGS1ORD0001679,C000918,2025-05-13 22:00:00,Male,59,Silver,Web,Bangkok,562,Electronics,NovaTech,True,3.5,Clearance,0.2,Shopee,Credit_Card,4,6764.48,0.25,6764.48,20293.45,3,22,5,1,0,1
LGS1ORD0001680,C001139,2025-05-14 00:00:00,Female,66,Bronze,CallCenter,Bangkok,185,Kitchen,KitchenMax,True,3.84,Campaign,0.15,Shopee,PromptPay,2,4654.36,0.18,1675.57,7633.15,4,0,5,2,0,0
LGS1ORD0001681,C000637,2025-05-14 02:00:00,Female,57,Bronze,Lazada,Nakhon Ratchasima,677,Electronics,NovaTech,False,3.66,No Promotion,0.0,Shopee,COD,2,11426.27,0.03,685.58,22166.96,3,2,5,2,0,0
LGS1ORD0001682,C000298,2025-05-14 04:00:00,Female,49,Silver,Shopee,Khon Kaen,510,Fashion,SilkTouch,False,3.62,No Promotion,0.0,Shopee,COD,1,1573.27,0.05,78.66,1494.61,3,4,5,2,0,0
LGS1ORD0001683,C000152,2025-05-14 05:00:00,Female,64,Platinum,CallCenter,Songkhla,918,Electronics,ShieldCase,True,4.33,No Promotion,0.0,CallCenter,COD,2,4625.27,0.1,925.05,8325.48,5,5,5,2,0,0
LGS1ORD0001684,C000866,2025-05-14 07:00:00,Female,42,Silver,TV,Chiang Mai,1039,Electronics,NovaTech,False,3.75,Clearance,0.2,Lazada,COD,2,9568.43,0.25,4784.22,14352.65,1,7,5,2,0,1
LGS1ORD0001685,C001171,2025-05-14 09:00:00,Female,59,Bronze,Web,Chiang Mai,217,Kitchen,CookEasy,False,4.05,Campaign,0.15,TV_Show,Credit_Card,1,2137.83,0.18,384.81,1753.02,4,9,5,2,0,0
LGS1ORD0001686,C000081,2025-05-14 11:00:00,Male,45,Bronze,CallCenter,Remote_Area,334,Cosmetics,SunSafe,True,4.42,Campaign,0.05,Shopee,Credit_Card,1,2111.93,0.08,168.95,1942.98,3,11,5,2,0,0
LGS1ORD0001687,C000923,2025-05-14 13:00:00,Male,61,Silver,Lazada,Bangkok,263,Fashion,UrbanWear,False,3.45,Clearance,0.2,TV_Show,COD,1,948.25,0.25,237.06,711.18,4,13,5,2,0,1
LGS1ORD0001688,C000123,2025-05-14 15:00:00,Male,20,Silver,TV,Bangkok,149,Kitchen,ChefHome,False,4.32,Clearance,0.2,TV_Show,PromptPay,2,4702.73,0.25,2351.36,7054.09,4,15,5,2,0,0
LGS1ORD0001689,C000904,2025-05-14 17:00:00,Male,43,Bronze,CallCenter,Bangkok,613,Fashion,UrbanWear,False,3.49,Campaign,0.15,Web,Credit_Card,3,499.34,0.18,269.64,1228.37,5,17,5,2,0,0
LGS1ORD0001690,C000740,2025-05-14 19:00:00,Male,32,Platinum,Lazada,Songkhla,1277,Fashion,SilkTouch,False,3.86,Campaign,0.15,TV_Show,Credit_Card,2,534.51,0.25,267.26,801.77,3,19,5,2,0,0
LGS1ORD0001691,C000474,2025-05-14 21:00:00,Male,46,Platinum,Web,Chonburi,629,Health,WellPlus,False,4.14,Campaign,0.05,Web,Credit_Card,2,716.73,0.15,215.02,1218.45,5,21,5,2,0,0
LGS1ORD0001692,C000473,2025-05-14 23:00:00,Female,71,Gold,Lazada,Bangkok,1489,Kitchen,ChefHome,False,4.02,Clearance,0.2,Web,Credit_Card,1,646.88,0.28,181.13,465.75,3,23,5,2,0,0
LGS1ORD0001693,C000597,2025-05-15 00:00:00,Male,54,Bronze,TV,Chonburi,381,Cosmetics,SunSafe,False,4.31,Campaign,0.05,Shopee,PromptPay,2,1332.98,0.08,213.28,2452.68,3,0,5,3,0,0
LGS1ORD0001694,C000012,2025-05-15 02:00:00,Female,44,Platinum,Lazada,Songkhla,344,Electronics,NovaTech,True,3.71,Clearance,0.2,TV_Show,Bank_Transfer,1,1972.87,0.3,591.86,1381.01,1,2,5,3,0,0
LGS1ORD0001695,C000993,2025-05-15 04:00:00,Male,42,Silver,Lazada,Chiang Mai,1428,Electronics,NovaTech,False,3.92,Campaign,0.05,Shopee,Credit_Card,3,9125.18,0.1,2737.55,24637.98,4,4,5,3,0,1
LGS1ORD0001696,C001075,2025-05-15 06:00:00,Male,33,Silver,Shopee,Nakhon Ratchasima,688,Cosmetics,Beauty Lab,False,4.04,Campaign,0.1,Shopee,COD,1,2087.94,0.15,313.19,1774.75,5,6,5,3,0,1
LGS1ORD0001697,C000647,2025-05-15 08:00:00,Female,59,Gold,Shopee,Chiang Mai,1555,Electronics,NovaTech,False,3.68,Clearance,0.2,Shopee,PromptPay,2,4698.94,0.28,2631.41,6766.48,4,8,5,3,0,0
LGS1ORD0001698,C001132,2025-05-15 10:00:00,Male,45,Gold,TV,Chiang Mai,798,Kitchen,CookEasy,False,3.92,No Promotion,0.0,Shopee,COD,4,2922.38,0.08,935.16,10754.37,4,10,5,3,0,1
LGS1ORD0001699,C001068,2025-05-15 12:00:00,Female,48,Platinum,TV,Khon Kaen,312,Kitchen,ChefHome,False,3.68,Campaign,0.05,CallCenter,COD,2,3234.98,0.15,970.49,5499.46,3,12,5,3,0,0
LGS1ORD0001700,C001094,2025-05-15 14:00:00,Male,61,Gold,Web,Remote_Area,578,Home_Appliance,HomePro,False,4.29,Campaign,0.05,Shopee,Credit_Card,1,1610.73,0.13,209.4,1401.34,1,14,5,3,0,0
LGS1ORD0001701,C000076,2025-05-15 16:00:00,Female,65,Platinum,Web,Nakhon Ratchasima,1475,Fashion,UrbanWear,False,3.81,No Promotion,0.0,Lazada,PromptPay,1,2011.04,0.1,201.1,1809.94,3,16,5,3,0,0
LGS1ORD0001702,C000173,2025-05-15 18:00:00,Male,49,Bronze,Web,Chiang Mai,644,Fashion,FitStyle,False,3.59,Campaign,0.15,Shopee,COD,2,442.03,0.18,159.13,724.93,3,18,5,3,0,0
LGS1ORD0001703,C000195,2025-05-15 19:00:00,Female,27,Gold,TV,Khon Kaen,1520,Home_Appliance,HomePro,False,4.04,Campaign,0.15,TV_Show,PromptPay,1,6691.7,0.2299999999999999,1539.09,5152.61,1,19,5,3,0,0
LGS1ORD0001704,C000579,2025-05-15 21:00:00,Male,27,Gold,TV,Songkhla,268,Electronics,GadgetWorld,False,3.71,Campaign,0.15,TV_Show,Credit_Card,1,7528.88,0.2299999999999999,1731.64,5797.24,3,21,5,3,0,0
LGS1ORD0001705,C000786,2025-05-15 23:00:00,Female,61,Bronze,CallCenter,Chiang Mai,1386,Home_Appliance,HomePro,False,3.71,Clearance,0.2,TV_Show,Credit_Card,1,6695.42,0.23,1539.95,5155.47,1,23,5,3,0,0
LGS1ORD0001706,C001033,2025-05-16 01:00:00,Female,37,Bronze,Shopee,Remote_Area,340,Electronics,NovaTech,True,3.71,No Promotion,0.0,Web,COD,1,1936.66,0.03,58.1,1878.56,3,1,5,4,0,1
LGS1ORD0001707,C001137,2025-05-16 03:00:00,Male,26,Gold,TV,Chiang Mai,418,Electronics,ShieldCase,False,3.97,No Promotion,0.0,Lazada,COD,2,2724.74,0.08,435.96,5013.53,3,3,5,4,0,0
LGS1ORD0001708,C000584,2025-05-16 05:00:00,Female,39,Silver,Lazada,Bangkok,1356,Home_Appliance,PureAir,True,3.62,Campaign,0.15,Shopee,PromptPay,1,11220.83,0.2,2244.17,8976.66,3,5,5,4,0,0
LGS1ORD0001709,C000798,2025-05-16 07:00:00,Male,49,Platinum,Shopee,Khon Kaen,1244,Home_Appliance,HomePro,True,3.73,Campaign,0.15,Shopee,COD,1,9687.43,0.25,2421.86,7265.57,3,7,5,4,0,1
LGS1ORD0001710,C000877,2025-05-16 09:00:00,Female,29,Bronze,TV,Songkhla,466,Fashion,UrbanWear,False,3.6,Campaign,0.15,TV_Show,Credit_Card,3,785.67,0.18,424.26,1932.75,3,9,5,4,0,1
LGS1ORD0001711,C000215,2025-05-16 11:00:00,Male,42,Bronze,Shopee,Bangkok,676,Health,VitaLife,True,3.9,Campaign,0.05,Web,COD,1,883.64,0.08,70.69,812.95,5,11,5,4,0,0
LGS1ORD0001712,C000780,2025-05-16 13:00:00,Male,43,Gold,TV,Bangkok,1479,Health,VitaLife,False,4.16,Clearance,0.2,CallCenter,COD,1,3401.24,0.28,952.35,2448.89,5,13,5,4,0,0
LGS1ORD0001713,C000818,2025-05-16 14:00:00,Female,59,Bronze,Web,Chonburi,874,Home_Appliance,PureAir,True,3.92,No Promotion,0.0,TV_Show,COD,1,3434.09,0.03,103.02,3331.07,1,14,5,4,0,0
LGS1ORD0001714,C000180,2025-05-16 16:00:00,Male,38,Silver,Lazada,Bangkok,1426,Health,WellPlus,False,4.37,No Promotion,0.0,Web,PromptPay,2,3652.68,0.05,365.27,6940.1,4,16,5,4,0,0
LGS1ORD0001715,C000163,2025-05-16 18:00:00,Female,56,Bronze,Web,Nakhon Ratchasima,147,Electronics,ShieldCase,False,3.63,Campaign,0.1,Web,COD,1,5370.65,0.13,698.18,4672.46,4,18,5,4,0,0
LGS1ORD0001716,C000517,2025-05-16 20:00:00,Female,19,Bronze,Web,Bangkok,1359,Cosmetics,Beauty Lab,False,4.22,Campaign,0.15,Lazada,COD,4,1665.97,0.18,1199.5,5464.38,1,20,5,4,0,0
LGS1ORD0001717,C000155,2025-05-16 22:00:00,Male,44,Gold,CallCenter,Songkhla,922,Cosmetics,Beauty Lab,False,3.79,Campaign,0.15,TV_Show,Credit_Card,3,1533.4,0.2299999999999999,1058.05,3542.15,1,22,5,4,0,0
LGS1ORD0001718,C000047,2025-05-17 00:00:00,Male,30,Silver,Web,Songkhla,1408,Fashion,SilkTouch,False,3.73,Campaign,0.05,Web,PromptPay,1,711.43,0.1,71.14,640.29,3,0,5,5,1,0
LGS1ORD0001719,C000159,2025-05-17 02:00:00,Female,42,Bronze,CallCenter,Songkhla,1510,Electronics,NovaTech,False,3.6,Campaign,0.05,Shopee,COD,2,9140.57,0.08,1462.49,16818.65,3,2,5,5,1,0
LGS1ORD0001720,C000521,2025-05-17 04:00:00,Female,32,Bronze,CallCenter,Phuket,620,Electronics,ShieldCase,True,3.63,Clearance,0.25,Shopee,COD,1,3595.71,0.28,1006.8,2588.91,5,4,5,5,1,1
LGS1ORD0001721,C000253,2025-05-17 06:00:00,Female,60,Bronze,Shopee,Phuket,1483,Home_Appliance,HomePro,False,3.71,Campaign,0.15,CallCenter,Bank_Transfer,1,7285.74,0.18,1311.43,5974.31,5,6,5,5,1,1
LGS1ORD0001722,C000603,2025-05-17 08:00:00,Female,64,Bronze,Lazada,Chiang Mai,906,Kitchen,CookEasy,True,4.09,Campaign,0.15,TV_Show,COD,1,4745.15,0.18,854.13,3891.03,1,8,5,5,1,1
LGS1ORD0001723,C001013,2025-05-17 09:00:00,Female,42,Silver,Lazada,Chonburi,307,Home_Appliance,CleanMate,True,3.91,Clearance,0.2,Web,PromptPay,3,8005.56,0.25,6004.17,18012.5,1,9,5,5,1,1
LGS1ORD0001724,C000012,2025-05-17 11:00:00,Female,44,Platinum,Lazada,Songkhla,346,Health,WellPlus,True,4.22,Campaign,0.15,Lazada,PromptPay,2,4289.34,0.25,2144.67,6434.0,5,11,5,5,1,0
LGS1ORD0001725,C000536,2025-05-17 13:00:00,Female,55,Silver,Web,Chonburi,289,Fashion,UrbanWear,False,3.81,Campaign,0.15,Web,COD,1,1798.72,0.2,359.74,1438.97,4,13,5,5,1,1
LGS1ORD0001726,C000354,2025-05-17 15:00:00,Female,35,Bronze,Lazada,Nakhon Ratchasima,601,Electronics,ShieldCase,False,3.69,Campaign,0.15,Shopee,COD,1,6781.84,0.18,1220.73,5561.11,3,15,5,5,1,0
LGS1ORD0001727,C000986,2025-05-17 17:00:00,Male,27,Bronze,TV,Remote_Area,632,Cosmetics,FreshLook,False,4.26,No Promotion,0.0,TV_Show,COD,3,2075.0,0.03,186.75,6038.25,5,17,5,5,1,0
LGS1ORD0001728,C000882,2025-05-17 19:00:00,Female,33,Silver,Lazada,Remote_Area,1139,Fashion,UrbanWear,False,3.68,No Promotion,0.0,Shopee,COD,2,1016.6,0.05,101.66,1931.54,3,19,5,5,1,0
LGS1ORD0001729,C000096,2025-05-17 21:00:00,Female,42,Silver,TV,Chonburi,1309,Kitchen,ChefHome,False,4.34,No Promotion,0.0,TV_Show,PromptPay,3,5343.24,0.05,801.49,15228.25,5,21,5,5,1,0
LGS1ORD0001730,C000846,2025-05-17 23:00:00,Male,56,Silver,Lazada,Songkhla,981,Electronics,ShieldCase,True,3.43,Clearance,0.25,Lazada,COD,1,5309.87,0.3,1592.96,3716.91,1,23,5,5,1,0
LGS1ORD0001731,C000037,2025-05-18 01:00:00,Female,62,Gold,TV,Bangkok,468,Cosmetics,FreshLook,False,3.94,Campaign,0.15,Web,Bank_Transfer,1,930.27,0.2299999999999999,213.96,716.31,1,1,5,6,1,0
LGS1ORD0001732,C000656,2025-05-18 03:00:00,Female,34,Silver,Lazada,Bangkok,563,Cosmetics,Beauty Lab,False,3.79,Clearance,0.2,Lazada,COD,2,1392.76,0.25,696.38,2089.14,5,3,5,6,1,1
LGS1ORD0001733,C000512,2025-05-18 04:00:00,Male,38,Bronze,CallCenter,Phuket,574,Kitchen,CookEasy,False,4.09,Clearance,0.2,TV_Show,Credit_Card,3,1329.41,0.23,917.29,3070.94,3,4,5,6,1,0
LGS1ORD0001734,C000207,2025-05-18 06:00:00,Female,49,Silver,CallCenter,Remote_Area,1016,Fashion,SilkTouch,False,3.9,Campaign,0.1,Web,PromptPay,2,721.28,0.15,216.38,1226.17,5,6,5,6,1,0
LGS1ORD0001735,C000371,2025-05-18 08:00:00,Male,18,Gold,CallCenter,Bangkok,1160,Fashion,FitStyle,True,3.85,Campaign,0.05,Web,COD,1,1089.35,0.13,141.62,947.73,5,8,5,6,1,0
LGS1ORD0001736,C000686,2025-05-18 10:00:00,Female,49,Bronze,TV,Chonburi,743,Kitchen,ChefHome,False,4.16,Campaign,0.1,Web,Credit_Card,2,1656.73,0.13,430.75,2882.71,3,10,5,6,1,0
LGS1ORD0001737,C000301,2025-05-18 12:00:00,Male,31,Silver,TV,Khon Kaen,1431,Home_Appliance,CleanMate,False,4.05,No Promotion,0.0,CallCenter,PromptPay,2,10079.9,0.05,1007.99,19151.8,5,12,5,6,1,0
LGS1ORD0001738,C000271,2025-05-18 14:00:00,Female,39,Bronze,Web,Phuket,1308,Kitchen,ChefHome,False,4.27,Campaign,0.1,TV_Show,Credit_Card,3,4451.93,0.13,1736.25,11619.54,3,14,5,6,1,0
LGS1ORD0001739,C001028,2025-05-18 16:00:00,Female,41,Gold,Web,Remote_Area,1466,Health,VitaLife,False,4.36,No Promotion,0.0,Lazada,Credit_Card,1,375.65,0.08,30.05,345.59,1,16,5,6,1,0
LGS1ORD0001740,C001029,2025-05-18 18:00:00,Male,19,Bronze,Shopee,Bangkok,514,Health,WellPlus,True,3.95,Campaign,0.15,Shopee,COD,1,1158.21,0.18,208.48,949.73,3,18,5,6,1,0
LGS1ORD0001741,C000688,2025-05-18 20:00:00,Male,30,Bronze,TV,Bangkok,1196,Health,WellPlus,False,4.14,Clearance,0.25,CallCenter,PromptPay,2,715.69,0.28,400.78,1030.59,3,20,5,6,1,0
LGS1ORD0001742,C000810,2025-05-18 22:00:00,Male,51,Bronze,TV,Songkhla,279,Fashion,UrbanWear,False,3.48,No Promotion,0.0,Shopee,COD,1,710.48,0.03,21.31,689.16,4,22,5,6,1,1
LGS1ORD0001743,C000359,2025-05-19 00:00:00,Female,43,Silver,TV,Bangkok,908,Health,VitaLife,False,4.36,Clearance,0.25,TV_Show,Credit_Card,1,358.73,0.3,107.62,251.11,1,0,5,0,0,0
LGS1ORD0001744,C001199,2025-05-19 01:00:00,Male,72,Bronze,Web,Khon Kaen,774,Electronics,ShieldCase,True,3.79,Campaign,0.15,TV_Show,COD,1,7093.91,0.18,1276.9,5817.01,5,1,5,0,0,0
LGS1ORD0001745,C000733,2025-05-19 03:00:00,Male,49,Bronze,Lazada,Bangkok,349,Fashion,SilkTouch,True,3.72,Clearance,0.2,Web,COD,2,985.26,0.23,453.22,1517.31,5,3,5,0,0,1
LGS1ORD0001746,C000137,2025-05-19 05:00:00,Male,50,Bronze,Web,Songkhla,1382,Cosmetics,Beauty Lab,False,4.21,Clearance,0.25,Lazada,Credit_Card,1,2143.06,0.28,600.06,1543.0,3,5,5,0,0,0
LGS1ORD0001747,C000407,2025-05-19 07:00:00,Female,19,Bronze,Shopee,Remote_Area,372,Fashion,FitStyle,False,3.7,Clearance,0.2,Lazada,Credit_Card,2,2174.97,0.23,1000.49,3349.46,1,7,5,0,0,0
LGS1ORD0001748,C000446,2025-05-19 09:00:00,Male,49,Bronze,Web,Nakhon Ratchasima,919,Fashion,SilkTouch,False,3.87,Clearance,0.25,Shopee,Credit_Card,1,2532.64,0.28,709.14,1823.5,3,9,5,0,0,0
LGS1ORD0001749,C000791,2025-05-19 11:00:00,Female,35,Bronze,Web,Khon Kaen,1269,Kitchen,CookEasy,True,3.86,Campaign,0.1,Web,COD,1,1489.74,0.13,193.67,1296.07,3,11,5,0,0,0
LGS1ORD0001750,C000558,2025-05-19 13:00:00,Male,49,Silver,Lazada,Nakhon Ratchasima,1115,Kitchen,ChefHome,False,3.83,Campaign,0.15,CallCenter,PromptPay,1,2272.7,0.2,454.54,1818.16,3,13,5,0,0,0
LGS1ORD0001751,C001146,2025-05-19 15:00:00,Female,44,Bronze,Shopee,Chiang Mai,888,Home_Appliance,PureAir,False,4.1,Campaign,0.05,Shopee,Credit_Card,1,12128.12,0.08,970.25,11157.87,1,15,5,0,0,0
LGS1ORD0001752,C000321,2025-05-19 17:00:00,Female,33,Bronze,Shopee,Bangkok,1138,Electronics,ShieldCase,False,3.69,Campaign,0.15,Shopee,Credit_Card,1,7038.73,0.18,1266.97,5771.76,1,17,5,0,0,0
LGS1ORD0001753,C000605,2025-05-19 19:00:00,Female,40,Silver,TV,Chiang Mai,573,Cosmetics,Beauty Lab,False,4.11,Campaign,0.15,Lazada,COD,3,1723.87,0.2,1034.32,4137.29,3,19,5,0,0,1
LGS1ORD0001754,C000883,2025-05-19 20:00:00,Male,44,Bronze,Shopee,Remote_Area,417,Health,WellPlus,True,3.95,Campaign,0.1,Lazada,COD,2,1266.11,0.13,329.19,2203.02,4,20,5,0,0,1
LGS1ORD0001755,C000838,2025-05-19 22:00:00,Male,58,Bronze,TV,Songkhla,1203,Fashion,FitStyle,False,3.62,Campaign,0.05,Lazada,COD,2,2309.34,0.08,369.49,4249.19,3,22,5,0,0,1
LGS1ORD0001756,C000496,2025-05-20 00:00:00,Male,55,Bronze,Web,Remote_Area,578,Fashion,FitStyle,False,3.72,Clearance,0.25,Shopee,COD,1,2039.11,0.28,570.95,1468.16,4,0,5,1,0,1
LGS1ORD0001757,C000669,2025-05-20 02:00:00,Female,18,Silver,CallCenter,Chonburi,503,Cosmetics,SunSafe,True,4.2,Clearance,0.25,TV_Show,PromptPay,2,2217.93,0.3,1330.76,3105.1,4,2,5,1,0,0
LGS1ORD0001758,C001130,2025-05-20 04:00:00,Male,37,Bronze,TV,Bangkok,1554,Home_Appliance,PureAir,True,4.0,Campaign,0.05,Web,COD,3,15905.77,0.08,3817.38,43899.91,1,4,5,1,0,0
LGS1ORD0001759,C000774,2025-05-20 06:00:00,Female,43,Bronze,Web,Chiang Mai,580,Electronics,ShieldCase,False,3.97,Campaign,0.15,Shopee,COD,3,2932.9,0.18,1583.77,7214.93,3,6,5,1,0,0
LGS1ORD0001760,C000020,2025-05-20 08:00:00,Female,18,Bronze,Web,Chonburi,885,Cosmetics,FreshLook,False,3.89,Clearance,0.25,Web,Credit_Card,1,414.53,0.28,116.07,298.46,3,8,5,1,0,0
LGS1ORD0001761,C000989,2025-05-20 10:00:00,Female,56,Silver,Lazada,Chiang Mai,1558,Home_Appliance,CleanMate,True,4.11,Clearance,0.25,TV_Show,Credit_Card,2,7312.8,0.3,4387.68,10237.92,4,10,5,1,0,0
LGS1ORD0001762,C000667,2025-05-20 12:00:00,Male,48,Bronze,TV,Phuket,1191,Electronics,GadgetWorld,False,3.86,Campaign,0.15,Shopee,Credit_Card,2,4784.44,0.18,1722.4,7846.49,3,12,5,1,0,0
LGS1ORD0001763,C000559,2025-05-20 14:00:00,Female,30,Bronze,Lazada,Bangkok,466,Electronics,ShieldCase,True,4.04,No Promotion,0.0,Shopee,PromptPay,2,10826.68,0.03,649.6,21003.77,5,14,5,1,0,1
LGS1ORD0001764,C001101,2025-05-20 15:00:00,Male,29,Gold,Lazada,Khon Kaen,750,Fashion,FitStyle,False,3.41,Clearance,0.2,CallCenter,COD,1,572.22,0.28,160.22,412.0,3,15,5,1,0,0
LGS1ORD0001765,C000457,2025-05-20 17:00:00,Other,34,Bronze,Shopee,Nakhon Ratchasima,1125,Fashion,UrbanWear,False,3.69,Clearance,0.2,Shopee,Credit_Card,2,2332.72,0.23,1073.05,3592.39,5,17,5,1,0,1
LGS1ORD0001766,C000488,2025-05-20 19:00:00,Male,38,Gold,TV,Bangkok,1106,Fashion,UrbanWear,False,3.61,Campaign,0.1,Shopee,Credit_Card,1,1716.55,0.18,308.98,1407.57,4,19,5,1,0,0
LGS1ORD0001767,C000637,2025-05-20 21:00:00,Female,57,Bronze,Lazada,Nakhon Ratchasima,683,Fashion,UrbanWear,False,3.51,Clearance,0.25,TV_Show,COD,2,491.18,0.28,275.06,707.29,3,21,5,1,0,1
LGS1ORD0001768,C000860,2025-05-20 23:00:00,Female,45,Silver,Lazada,Bangkok,157,Electronics,GadgetWorld,False,3.83,No Promotion,0.0,Shopee,PromptPay,2,2420.04,0.05,242.0,4598.08,5,23,5,1,0,0
LGS1ORD0001769,C000682,2025-05-21 01:00:00,Male,36,Bronze,Shopee,Phuket,218,Cosmetics,FreshLook,False,4.13,Campaign,0.15,Web,PromptPay,4,805.09,0.18,579.66,2640.69,1,1,5,2,0,0
LGS1ORD0001770,C000471,2025-05-21 03:00:00,Female,53,Bronze,Web,Nakhon Ratchasima,1547,Electronics,ShieldCase,True,3.63,No Promotion,0.0,Web,COD,2,3405.68,0.03,204.34,6607.01,4,3,5,2,0,0
LGS1ORD0001771,C000373,2025-05-21 05:00:00,Male,35,Bronze,Lazada,Khon Kaen,209,Health,MediCare,False,4.4,Campaign,0.05,Shopee,PromptPay,1,3479.79,0.08,278.38,3201.41,3,5,5,2,0,0
LGS1ORD0001772,C000445,2025-05-21 07:00:00,Female,30,Platinum,Shopee,Songkhla,857,Fashion,FitStyle,False,3.18,Campaign,0.15,Shopee,Bank_Transfer,2,524.22,0.25,262.11,786.34,5,7,5,2,0,0
LGS1ORD0001773,C000818,2025-05-21 09:00:00,Female,59,Bronze,Web,Chonburi,879,Cosmetics,FreshLook,False,4.07,Campaign,0.05,CallCenter,PromptPay,2,1760.17,0.08,281.63,3238.72,5,9,5,2,0,1
LGS1ORD0001774,C000945,2025-05-21 10:00:00,Female,28,Silver,Shopee,Khon Kaen,1346,Electronics,GadgetWorld,True,3.82,Campaign,0.05,TV_Show,Bank_Transfer,1,11477.16,0.1,1147.72,10329.44,3,10,5,2,0,0
LGS1ORD0001775,C000172,2025-05-21 12:00:00,Male,62,Bronze,Shopee,Chonburi,717,Cosmetics,SunSafe,False,4.24,Clearance,0.2,Shopee,COD,4,1898.11,0.23,1746.27,5846.19,4,12,5,2,0,0
LGS1ORD0001776,C000166,2025-05-21 14:00:00,Male,22,Silver,Web,Chiang Mai,1442,Electronics,GadgetWorld,False,3.74,No Promotion,0.0,Lazada,Bank_Transfer,1,1418.61,0.05,70.93,1347.68,1,14,5,2,0,0
LGS1ORD0001777,C000922,2025-05-21 16:00:00,Female,64,Bronze,TV,Bangkok,331,Cosmetics,SunSafe,True,3.98,Campaign,0.05,Web,PromptPay,1,2103.89,0.08,168.31,1935.57,3,16,5,2,0,0
LGS1ORD0001778,C000604,2025-05-21 18:00:00,Male,49,Bronze,Shopee,Remote_Area,555,Electronics,GadgetWorld,False,3.61,Campaign,0.05,Lazada,COD,3,4988.55,0.08,1197.25,13768.4,4,18,5,2,0,0
LGS1ORD0001779,C000491,2025-05-21 20:00:00,Female,34,Gold,Web,Chonburi,1117,Electronics,NovaTech,False,3.89,No Promotion,0.0,TV_Show,COD,2,7486.06,0.08,1197.77,13774.34,1,20,5,2,0,1
LGS1ORD0001780,C000098,2025-05-21 22:00:00,Female,49,Silver,TV,Phuket,1437,Home_Appliance,PureAir,False,4.37,Clearance,0.2,Shopee,Credit_Card,2,5797.73,0.25,2898.86,8696.59,1,22,5,2,0,0
LGS1ORD0001781,C000655,2025-05-22 00:00:00,Female,43,Bronze,TV,Songkhla,864,Electronics,NovaTech,False,3.81,No Promotion,0.0,TV_Show,COD,4,10613.12,0.03,1273.57,41178.92,5,0,5,3,0,0
LGS1ORD0001782,C000450,2025-05-22 02:00:00,Female,55,Gold,TV,Chonburi,808,Kitchen,KitchenMax,False,4.0,Campaign,0.05,TV_Show,PromptPay,2,5368.03,0.13,1395.69,9340.38,5,2,5,3,0,0
LGS1ORD0001783,C000472,2025-05-22 04:00:00,Male,50,Platinum,Shopee,Khon Kaen,634,Health,MediCare,False,4.24,Clearance,0.2,Web,COD,3,1626.57,0.3,1463.91,3415.79,1,4,5,3,0,1
LGS1ORD0001784,C000685,2025-05-22 05:00:00,Female,36,Bronze,Shopee,Remote_Area,153,Electronics,ShieldCase,False,3.97,Campaign,0.05,Shopee,Credit_Card,2,2907.5,0.08,465.2,5349.79,1,5,5,3,0,1
LGS1ORD0001785,C000574,2025-05-22 07:00:00,Female,61,Gold,TV,Bangkok,1490,Cosmetics,FreshLook,False,4.06,Clearance,0.25,TV_Show,Credit_Card,1,1310.9,0.33,432.6,878.3,4,7,5,3,0,0
LGS1ORD0001786,C001199,2025-05-22 09:00:00,Male,72,Bronze,Web,Khon Kaen,777,Kitchen,KitchenMax,False,4.07,Campaign,0.15,TV_Show,Credit_Card,2,3447.22,0.18,1241.0,5653.44,3,9,5,3,0,0
LGS1ORD0001787,C000523,2025-05-22 11:00:00,Male,18,Bronze,Lazada,Chiang Mai,675,Cosmetics,FreshLook,False,4.07,Campaign,0.05,Shopee,COD,2,1715.65,0.08,274.5,3156.8,3,11,5,3,0,0
LGS1ORD0001788,C000342,2025-05-22 13:00:00,Female,45,Gold,Lazada,Bangkok,573,Kitchen,KitchenMax,False,4.0,Campaign,0.05,TV_Show,COD,3,5153.12,0.13,2009.72,13449.64,5,13,5,3,0,0
LGS1ORD0001789,C000761,2025-05-22 15:00:00,Female,51,Platinum,Web,Khon Kaen,670,Home_Appliance,CleanMate,True,3.73,Campaign,0.15,TV_Show,COD,1,2049.14,0.25,512.29,1536.86,3,15,5,3,0,1
LGS1ORD0001790,C000868,2025-05-22 17:00:00,Male,39,Gold,Shopee,Chiang Mai,1115,Electronics,ShieldCase,False,3.9,Campaign,0.05,CallCenter,COD,1,1970.26,0.13,256.13,1714.12,3,17,5,3,0,0
LGS1ORD0001791,C000809,2025-05-22 19:00:00,Male,49,Bronze,TV,Chonburi,1262,Kitchen,CookEasy,False,4.01,Clearance,0.2,Lazada,COD,1,1897.32,0.23,436.38,1460.94,4,19,5,3,0,0
LGS1ORD0001792,C000391,2025-05-22 21:00:00,Female,49,Bronze,Lazada,Bangkok,446,Cosmetics,Beauty Lab,False,4.18,No Promotion,0.0,Web,Credit_Card,1,525.79,0.03,15.77,510.02,1,21,5,3,0,0
LGS1ORD0001793,C000866,2025-05-22 23:00:00,Female,42,Silver,TV,Chiang Mai,1047,Fashion,UrbanWear,False,3.8,No Promotion,0.0,TV_Show,COD,1,982.99,0.05,49.15,933.84,3,23,5,3,0,0
LGS1ORD0001794,C000091,2025-05-23 00:00:00,Female,28,Silver,TV,Chiang Mai,226,Health,VitaLife,False,4.44,Campaign,0.05,Lazada,Bank_Transfer,1,1602.09,0.1,160.21,1441.88,4,0,5,4,0,0
LGS1ORD0001795,C000810,2025-05-23 02:00:00,Male,51,Bronze,TV,Songkhla,284,Cosmetics,SunSafe,True,3.96,Clearance,0.25,TV_Show,COD,2,287.95,0.28,161.25,414.64,5,2,5,4,0,1
LGS1ORD0001796,C000699,2025-05-23 04:00:00,Male,47,Bronze,Lazada,Songkhla,1328,Home_Appliance,PureAir,False,3.58,No Promotion,0.0,TV_Show,PromptPay,2,8485.47,0.03,509.13,16461.81,1,4,5,4,0,0
LGS1ORD0001797,C000944,2025-05-23 06:00:00,Male,57,Gold,Web,Phuket,1071,Cosmetics,Beauty Lab,False,4.03,Campaign,0.15,TV_Show,Credit_Card,1,1936.54,0.2299999999999999,445.4,1491.13,4,6,5,4,0,0
LGS1ORD0001798,C000041,2025-05-23 08:00:00,Female,37,Silver,CallCenter,Khon Kaen,281,Home_Appliance,PureAir,False,3.96,Clearance,0.2,Web,Credit_Card,1,4066.53,0.25,1016.63,3049.9,4,8,5,4,0,0
LGS1ORD0001799,C001048,2025-05-23 10:00:00,Male,31,Silver,TV,Nakhon Ratchasima,1496,Fashion,SilkTouch,False,3.86,Campaign,0.05,CallCenter,Credit_Card,2,512.29,0.1,102.46,922.12,3,10,5,4,0,0
LGS1ORD0001800,C000558,2025-05-23 12:00:00,Male,49,Silver,Lazada,Nakhon Ratchasima,1119,Kitchen,ChefHome,True,3.95,Clearance,0.2,Shopee,COD,2,1323.21,0.25,661.6,1984.81,1,12,5,4,0,0
LGS1ORD0001801,C000559,2025-05-23 14:00:00,Female,30,Bronze,Lazada,Bangkok,469,Cosmetics,FreshLook,False,4.21,Campaign,0.05,TV_Show,Credit_Card,1,450.94,0.08,36.08,414.86,5,14,5,4,0,0
LGS1ORD0001802,C000585,2025-05-23 16:00:00,Male,18,Bronze,TV,Chonburi,622,Electronics,ShieldCase,True,3.43,No Promotion,0.0,CallCenter,COD,1,4834.22,0.03,145.03,4689.19,3,16,5,4,0,1
LGS1ORD0001803,C000302,2025-05-23 18:00:00,Female,46,Gold,TV,Songkhla,940,Cosmetics,SunSafe,True,3.66,Campaign,0.05,CallCenter,COD,2,1180.3,0.13,306.88,2053.72,3,18,5,4,0,0
LGS1ORD0001804,C000722,2025-05-23 19:00:00,Male,40,Bronze,TV,Songkhla,825,Fashion,UrbanWear,False,3.69,No Promotion,0.0,Web,COD,2,476.61,0.03,28.6,924.62,4,19,5,4,0,1
LGS1ORD0001805,C000439,2025-05-23 21:00:00,Male,72,Bronze,Shopee,Remote_Area,1060,Kitchen,ChefHome,False,4.22,Campaign,0.05,TV_Show,COD,1,1188.58,0.08,95.09,1093.5,4,21,5,4,0,0
LGS1ORD0001806,C000979,2025-05-23 23:00:00,Male,51,Bronze,TV,Khon Kaen,878,Fashion,FitStyle,False,3.18,Campaign,0.05,CallCenter,COD,2,539.88,0.08,86.38,993.37,4,23,5,4,0,1
LGS1ORD0001807,C000023,2025-05-24 01:00:00,Male,46,Bronze,Shopee,Bangkok,234,Health,VitaLife,True,4.67,Clearance,0.25,Shopee,COD,2,3925.0,0.28,2198.0,5652.0,3,1,5,5,1,0
LGS1ORD0001808,C000838,2025-05-24 03:00:00,Male,58,Bronze,TV,Songkhla,1208,Cosmetics,SunSafe,False,4.31,No Promotion,0.0,TV_Show,PromptPay,1,1408.51,0.03,42.26,1366.25,1,3,5,5,1,0
LGS1ORD0001809,C000889,2025-05-24 05:00:00,Female,39,Silver,Web,Chonburi,1483,Electronics,NovaTech,False,3.87,Campaign,0.15,Shopee,Bank_Transfer,1,1962.7,0.2,392.54,1570.16,1,5,5,5,1,0
LGS1ORD0001810,C000901,2025-05-24 07:00:00,Other,35,Bronze,TV,Remote_Area,1490,Electronics,ShieldCase,True,4.33,Clearance,0.2,Shopee,Credit_Card,2,4824.11,0.23,2219.09,7429.14,4,7,5,5,1,0
LGS1ORD0001811,C000667,2025-05-24 09:00:00,Male,48,Bronze,TV,Phuket,1195,Fashion,UrbanWear,False,3.75,Clearance,0.2,TV_Show,COD,2,817.85,0.23,376.21,1259.49,1,9,5,5,1,1
LGS1ORD0001812,C000935,2025-05-24 11:00:00,Male,18,Platinum,Lazada,Bangkok,989,Health,VitaLife,False,4.26,No Promotion,0.0,Shopee,COD,1,428.91,0.1,42.89,386.02,4,11,5,5,1,0
LGS1ORD0001813,C001068,2025-05-24 13:00:00,Female,48,Platinum,TV,Khon Kaen,321,Cosmetics,FreshLook,True,4.1,Campaign,0.1,Web,Credit_Card,1,967.3,0.2,193.46,773.84,1,13,5,5,1,0
LGS1ORD0001814,C000589,2025-05-24 14:00:00,Female,45,Platinum,Web,Chiang Mai,1384,Electronics,ShieldCase,False,3.54,No Promotion,0.0,TV_Show,COD,1,4984.18,0.1,498.42,4485.76,5,14,5,5,1,0
LGS1ORD0001815,C000293,2025-05-24 16:00:00,Female,31,Silver,Shopee,Remote_Area,1473,Cosmetics,FreshLook,False,4.22,Clearance,0.2,Shopee,Credit_Card,4,1536.22,0.25,1536.22,4608.65,1,16,5,5,1,1
LGS1ORD0001816,C000446,2025-05-24 18:00:00,Male,49,Bronze,Web,Nakhon Ratchasima,924,Home_Appliance,PureAir,True,4.2,Campaign,0.05,Shopee,Credit_Card,1,11200.89,0.08,896.07,10304.82,5,18,5,5,1,0
LGS1ORD0001817,C000228,2025-05-24 20:00:00,Female,50,Bronze,CallCenter,Phuket,1350,Fashion,FitStyle,False,3.44,Campaign,0.15,Shopee,Bank_Transfer,1,846.94,0.18,152.45,694.49,1,20,5,5,1,1
LGS1ORD0001818,C001026,2025-05-24 22:00:00,Female,35,Silver,Lazada,Chiang Mai,754,Home_Appliance,PureAir,True,4.11,Campaign,0.05,Lazada,Credit_Card,4,3617.19,0.1,1446.88,13021.9,5,22,5,5,1,0
LGS1ORD0001819,C000879,2025-05-25 00:00:00,Male,30,Bronze,TV,Phuket,680,Kitchen,KitchenMax,True,3.76,No Promotion,0.0,CallCenter,Bank_Transfer,3,3488.98,0.03,314.01,10152.93,1,0,5,6,1,0
LGS1ORD0001820,C000805,2025-05-25 02:00:00,Male,55,Silver,Shopee,Khon Kaen,1201,Kitchen,KitchenMax,True,3.89,No Promotion,0.0,TV_Show,Credit_Card,3,3129.08,0.05,469.36,8917.87,4,2,5,6,1,0
LGS1ORD0001821,C000341,2025-05-25 04:00:00,Male,41,Gold,Lazada,Remote_Area,314,Cosmetics,FreshLook,False,4.12,Campaign,0.1,TV_Show,PromptPay,1,192.19,0.18,34.59,157.59,3,4,5,6,1,0
LGS1ORD0001822,C000885,2025-05-25 06:00:00,Male,38,Bronze,Shopee,Remote_Area,690,Cosmetics,SunSafe,False,4.17,Clearance,0.2,TV_Show,Credit_Card,1,1878.97,0.23,432.16,1446.8,3,6,5,6,1,0
LGS1ORD0001823,C000457,2025-05-25 08:00:00,Other,34,Bronze,Shopee,Nakhon Ratchasima,1130,Fashion,SilkTouch,False,3.86,Campaign,0.05,Web,COD,4,553.19,0.08,177.02,2035.74,3,8,5,6,1,0
LGS1ORD0001824,C001016,2025-05-25 09:00:00,Female,27,Bronze,Lazada,Bangkok,190,Electronics,NovaTech,True,3.64,Campaign,0.15,Lazada,COD,3,1493.49,0.18,806.49,3674.0,4,9,5,6,1,0
LGS1ORD0001825,C001167,2025-05-25 11:00:00,Female,66,Bronze,Web,Khon Kaen,1314,Cosmetics,Beauty Lab,True,4.06,No Promotion,0.0,Shopee,Credit_Card,1,855.03,0.03,25.65,829.38,1,11,5,6,1,0
LGS1ORD0001826,C000736,2025-05-25 13:00:00,Male,22,Platinum,Lazada,Bangkok,1428,Health,WellPlus,True,4.22,No Promotion,0.0,Shopee,PromptPay,1,3980.17,0.1,398.02,3582.16,4,13,5,6,1,0
LGS1ORD0001827,C000609,2025-05-25 15:00:00,Female,48,Bronze,TV,Chiang Mai,1475,Home_Appliance,HomePro,True,3.76,No Promotion,0.0,TV_Show,COD,1,12760.07,0.03,382.8,12377.27,1,15,5,6,1,0
LGS1ORD0001828,C000250,2025-05-25 17:00:00,Male,40,Silver,TV,Chonburi,987,Health,VitaLife,True,4.67,No Promotion,0.0,Web,COD,3,3641.37,0.05,546.21,10377.9,5,17,5,6,1,0
LGS1ORD0001829,C000021,2025-05-25 19:00:00,Male,27,Bronze,Shopee,Nakhon Ratchasima,653,Kitchen,KitchenMax,True,3.89,Clearance,0.25,CallCenter,COD,3,3853.36,0.28,3236.82,8323.25,1,19,5,6,1,0
LGS1ORD0001830,C000303,2025-05-25 21:00:00,Male,45,Silver,CallCenter,Bangkok,441,Kitchen,CookEasy,False,4.19,Campaign,0.05,Shopee,Credit_Card,3,6039.34,0.1,1811.8,16306.22,3,21,5,6,1,0
LGS1ORD0001831,C000314,2025-05-25 23:00:00,Female,53,Bronze,TV,Chiang Mai,748,Kitchen,CookEasy,False,4.01,Clearance,0.2,TV_Show,COD,1,1853.13,0.23,426.22,1426.91,3,23,5,6,1,0
LGS1ORD0001832,C001074,2025-05-26 01:00:00,Female,30,Bronze,Web,Bangkok,534,Electronics,NovaTech,False,3.92,No Promotion,0.0,Web,Credit_Card,2,8575.81,0.03,514.55,16637.06,1,1,5,0,0,0
LGS1ORD0001833,C000815,2025-05-26 03:00:00,Female,45,Bronze,Shopee,Khon Kaen,606,Cosmetics,FreshLook,False,3.94,Campaign,0.15,Web,PromptPay,1,407.54,0.18,73.36,334.18,1,3,5,0,0,0
LGS1ORD0001834,C001113,2025-05-26 04:00:00,Female,38,Bronze,Shopee,Chonburi,170,Health,MediCare,False,4.15,Campaign,0.05,TV_Show,PromptPay,1,4379.47,0.08,350.36,4029.12,1,4,5,0,0,0
LGS1ORD0001835,C000015,2025-05-26 06:00:00,Female,46,Gold,Shopee,Chonburi,327,Health,VitaLife,False,4.35,Campaign,0.15,TV_Show,COD,2,1657.85,0.2299999999999999,762.61,2553.09,3,6,5,0,0,0
LGS1ORD0001836,C000173,2025-05-26 08:00:00,Male,49,Bronze,Web,Chiang Mai,655,Kitchen,ChefHome,False,4.02,Clearance,0.25,TV_Show,COD,1,636.86,0.28,178.32,458.54,3,8,5,0,0,0
LGS1ORD0001837,C000617,2025-05-26 10:00:00,Male,40,Bronze,TV,Khon Kaen,159,Fashion,FitStyle,False,3.55,Campaign,0.1,CallCenter,COD,1,843.8,0.13,109.69,734.11,4,10,5,0,0,0
LGS1ORD0001838,C000233,2025-05-26 12:00:00,Female,50,Silver,Web,Remote_Area,1301,Electronics,GadgetWorld,False,3.74,Clearance,0.2,Web,Credit_Card,2,1515.4,0.25,757.7,2273.11,3,12,5,0,0,0
LGS1ORD0001839,C000163,2025-05-26 14:00:00,Female,56,Bronze,Web,Nakhon Ratchasima,157,Home_Appliance,PureAir,True,4.2,Campaign,0.15,TV_Show,COD,1,11675.24,0.18,2101.54,9573.7,3,14,5,0,0,0
LGS1ORD0001840,C000196,2025-05-26 16:00:00,Male,25,Silver,Lazada,Bangkok,1254,Fashion,FitStyle,False,3.53,Campaign,0.15,CallCenter,Credit_Card,1,1794.33,0.2,358.87,1435.47,5,16,5,0,0,0
LGS1ORD0001841,C000860,2025-05-26 18:00:00,Female,45,Silver,Lazada,Bangkok,163,Fashion,FitStyle,False,3.69,Campaign,0.15,Web,COD,3,775.26,0.2,465.16,1860.63,4,18,5,0,0,1
LGS1ORD0001842,C000735,2025-05-26 20:00:00,Female,38,Bronze,Web,Chonburi,1254,Fashion,SilkTouch,False,3.62,Campaign,0.1,Web,COD,1,1649.6,0.13,214.45,1435.15,5,20,5,0,0,0
LGS1ORD0001843,C000433,2025-05-26 22:00:00,Female,42,Bronze,Shopee,Remote_Area,1465,Home_Appliance,HomePro,False,4.29,Campaign,0.05,TV_Show,PromptPay,1,1575.63,0.08,126.05,1449.58,1,22,5,0,0,0
LGS1ORD0001844,C000899,2025-05-27 00:00:00,Female,51,Bronze,TV,Songkhla,599,Kitchen,ChefHome,False,4.32,No Promotion,0.0,TV_Show,PromptPay,3,4758.55,0.03,428.27,13847.37,3,0,5,1,0,0
LGS1ORD0001845,C001061,2025-05-27 01:00:00,Female,28,Bronze,TV,Phuket,449,Electronics,ShieldCase,False,3.8,Campaign,0.15,Web,PromptPay,1,7084.19,0.18,1275.15,5809.04,5,1,5,1,0,1
LGS1ORD0001846,C001079,2025-05-27 03:00:00,Male,37,Bronze,TV,Nakhon Ratchasima,1537,Electronics,ShieldCase,False,3.82,No Promotion,0.0,Shopee,Credit_Card,2,7399.27,0.03,443.96,14354.58,5,3,5,1,0,0
LGS1ORD0001847,C000107,2025-05-27 05:00:00,Female,51,Bronze,TV,Chiang Mai,1158,Fashion,UrbanWear,True,3.71,Campaign,0.15,Web,Credit_Card,2,647.35,0.18,233.04,1061.65,3,5,5,1,0,0
LGS1ORD0001848,C000452,2025-05-27 07:00:00,Female,40,Bronze,Web,Songkhla,219,Home_Appliance,PureAir,True,4.25,Campaign,0.15,Shopee,COD,1,15125.84,0.18,2722.65,12403.19,3,7,5,1,0,0
LGS1ORD0001849,C000641,2025-05-27 09:00:00,Male,57,Bronze,TV,Chonburi,242,Home_Appliance,PureAir,True,3.92,Clearance,0.2,TV_Show,COD,1,3308.41,0.23,760.93,2547.48,3,9,5,1,0,0
LGS1ORD0001850,C000258,2025-05-27 11:00:00,Female,26,Silver,Web,Bangkok,1336,Fashion,SilkTouch,False,3.48,Campaign,0.15,TV_Show,COD,1,1675.87,0.2,335.17,1340.7,4,11,5,1,0,1
LGS1ORD0001851,C001124,2025-05-27 13:00:00,Male,29,Gold,Shopee,Bangkok,179,Electronics,NovaTech,False,3.38,Campaign,0.15,Shopee,Credit_Card,2,8142.79,0.2299999999999999,3745.68,12539.9,4,13,5,1,0,0
LGS1ORD0001852,C000304,2025-05-27 15:00:00,Female,44,Bronze,TV,Chonburi,1060,Kitchen,CookEasy,True,3.96,Clearance,0.25,Shopee,COD,2,3006.85,0.28,1683.84,4329.86,3,15,5,1,0,0
LGS1ORD0001853,C000088,2025-05-27 17:00:00,Female,43,Bronze,Shopee,Chiang Mai,1451,Fashion,FitStyle,False,3.59,Clearance,0.2,Web,COD,1,465.0,0.23,106.95,358.05,3,17,5,1,0,0
LGS1ORD0001854,C000338,2025-05-27 19:00:00,Male,54,Bronze,Shopee,Khon Kaen,754,Fashion,FitStyle,False,3.41,Campaign,0.15,Lazada,Bank_Transfer,2,584.51,0.18,210.42,958.59,1,19,5,1,0,0
LGS1ORD0001855,C000653,2025-05-27 20:00:00,Female,32,Gold,Lazada,Khon Kaen,190,Fashion,SilkTouch,False,3.86,Clearance,0.25,TV_Show,PromptPay,1,2216.52,0.33,731.45,1485.07,5,20,5,1,0,1
LGS1ORD0001856,C000633,2025-05-27 22:00:00,Female,47,Gold,Web,Bangkok,550,Fashion,FitStyle,False,3.51,Clearance,0.25,CallCenter,PromptPay,1,891.16,0.33,294.08,597.08,3,22,5,1,0,0
LGS1ORD0001857,C000794,2025-05-28 00:00:00,Female,49,Bronze,Web,Bangkok,1147,Electronics,GadgetWorld,True,3.81,Clearance,0.25,TV_Show,COD,1,9057.84,0.28,2536.2,6521.64,3,0,5,2,0,0
LGS1ORD0001858,C000984,2025-05-28 02:00:00,Female,44,Silver,Lazada,Bangkok,1308,Home_Appliance,PureAir,True,4.0,Clearance,0.2,Lazada,Credit_Card,1,14907.85,0.25,3726.96,11180.88,5,2,5,2,0,1
LGS1ORD0001859,C000086,2025-05-28 04:00:00,Male,63,Bronze,TV,Phuket,1504,Fashion,FitStyle,False,3.7,Campaign,0.15,TV_Show,COD,2,555.32,0.18,199.91,910.72,1,4,5,2,0,1
LGS1ORD0001860,C000688,2025-05-28 06:00:00,Male,30,Bronze,TV,Bangkok,1206,Fashion,SilkTouch,False,3.62,Campaign,0.15,TV_Show,Credit_Card,2,1680.46,0.18,604.96,2755.95,5,6,5,2,0,0
LGS1ORD0001861,C000069,2025-05-28 08:00:00,Female,26,Bronze,Lazada,Khon Kaen,889,Health,VitaLife,False,4.47,Campaign,0.05,TV_Show,Credit_Card,4,911.23,0.08,291.6,3353.34,1,8,5,2,0,0
LGS1ORD0001862,C000751,2025-05-28 10:00:00,Female,39,Silver,TV,Nakhon Ratchasima,1120,Home_Appliance,HomePro,False,4.09,No Promotion,0.0,TV_Show,PromptPay,2,14252.95,0.05,1425.29,27080.6,4,10,5,2,0,0
LGS1ORD0001863,C001186,2025-05-28 12:00:00,Female,64,Gold,CallCenter,Nakhon Ratchasima,1261,Fashion,UrbanWear,False,3.68,Clearance,0.25,TV_Show,Credit_Card,3,995.3,0.33,985.35,2000.55,5,12,5,2,0,0
LGS1ORD0001864,C000071,2025-05-28 14:00:00,Male,37,Platinum,CallCenter,Bangkok,742,Home_Appliance,CleanMate,True,4.01,No Promotion,0.0,Web,COD,1,6057.17,0.1,605.72,5451.45,5,14,5,2,0,0
LGS1ORD0001865,C000682,2025-05-28 15:00:00,Male,36,Bronze,Shopee,Phuket,225,Home_Appliance,HomePro,True,3.82,Campaign,0.1,Lazada,Credit_Card,2,2179.34,0.13,566.63,3792.05,4,15,5,2,0,0
LGS1ORD0001866,C000013,2025-05-28 17:00:00,Female,31,Silver,Shopee,Remote_Area,1345,Fashion,FitStyle,False,4.0,Clearance,0.25,CallCenter,PromptPay,2,2545.22,0.3,1527.13,3563.31,5,17,5,2,0,0
LGS1ORD0001867,C001038,2025-05-28 19:00:00,Female,26,Bronze,Web,Chonburi,176,Home_Appliance,CleanMate,True,4.01,Clearance,0.25,Shopee,COD,2,5677.59,0.28,3179.45,8175.73,3,19,5,2,0,1
LGS1ORD0001868,C000428,2025-05-28 21:00:00,Female,35,Silver,Shopee,Chiang Mai,308,Electronics,NovaTech,True,3.94,No Promotion,0.0,TV_Show,COD,1,11327.72,0.05,566.39,10761.33,3,21,5,2,0,0
LGS1ORD0001869,C000565,2025-05-28 23:00:00,Female,58,Bronze,TV,Remote_Area,1593,Fashion,SilkTouch,False,3.47,Clearance,0.2,TV_Show,PromptPay,1,1759.11,0.23,404.59,1354.51,1,23,5,2,0,1
LGS1ORD0001870,C000137,2025-05-29 01:00:00,Male,50,Bronze,Web,Songkhla,1392,Fashion,FitStyle,True,3.85,No Promotion,0.0,CallCenter,COD,3,1218.49,0.03,109.66,3545.82,3,1,5,3,0,0
LGS1ORD0001871,C001008,2025-05-29 03:00:00,Other,35,Bronze,TV,Bangkok,500,Electronics,ShieldCase,True,3.63,Campaign,0.1,Shopee,COD,3,3609.71,0.13,1407.79,9421.34,3,3,5,3,0,0
LGS1ORD0001872,C000802,2025-05-29 05:00:00,Male,23,Bronze,Lazada,Songkhla,195,Home_Appliance,PureAir,False,3.58,Clearance,0.2,TV_Show,Bank_Transfer,1,8772.98,0.23,2017.78,6755.19,5,5,5,3,0,1
LGS1ORD0001873,C000388,2025-05-29 07:00:00,Male,34,Gold,Shopee,Songkhla,1208,Kitchen,ChefHome,False,4.32,No Promotion,0.0,TV_Show,Credit_Card,2,4533.1,0.08,725.3,8340.91,1,7,5,3,0,0
LGS1ORD0001874,C001132,2025-05-29 09:00:00,Male,45,Gold,TV,Chiang Mai,812,Cosmetics,SunSafe,True,4.7,Campaign,0.1,Shopee,COD,1,1802.04,0.18,324.37,1477.67,1,9,5,3,0,0
LGS1ORD0001875,C001043,2025-05-29 10:00:00,Male,32,Silver,Shopee,Bangkok,593,Fashion,SilkTouch,False,3.86,No Promotion,0.0,TV_Show,Bank_Transfer,1,498.91,0.05,24.95,473.97,3,10,5,3,0,1
LGS1ORD0001876,C000647,2025-05-29 12:00:00,Female,59,Gold,Shopee,Chiang Mai,1569,Fashion,SilkTouch,False,3.9,Clearance,0.2,TV_Show,COD,2,674.17,0.28,377.53,970.8,3,12,5,3,0,1
LGS1ORD0001877,C000014,2025-05-29 14:00:00,Male,44,Bronze,Shopee,Nakhon Ratchasima,290,Kitchen,KitchenMax,True,3.89,Campaign,0.05,Shopee,Credit_Card,2,3175.8,0.08,508.13,5843.48,4,14,5,3,0,0
LGS1ORD0001878,C000540,2025-05-29 16:00:00,Female,37,Bronze,Web,Bangkok,1462,Cosmetics,FreshLook,False,3.89,No Promotion,0.0,TV_Show,COD,2,423.34,0.03,25.4,821.29,5,16,5,3,0,0
LGS1ORD0001879,C001095,2025-05-29 18:00:00,Female,46,Bronze,Web,Chiang Mai,1215,Home_Appliance,PureAir,True,3.7,Campaign,0.15,TV_Show,PromptPay,1,3196.42,0.18,575.36,2621.07,5,18,5,3,0,0
LGS1ORD0001880,C000451,2025-05-29 20:00:00,Female,18,Bronze,TV,Phuket,1021,Home_Appliance,PureAir,False,3.58,Clearance,0.2,TV_Show,COD,2,8163.43,0.23,3755.18,12571.68,5,20,5,3,0,1
LGS1ORD0001881,C000288,2025-05-29 22:00:00,Male,42,Bronze,Shopee,Khon Kaen,1282,Fashion,FitStyle,False,3.36,Campaign,0.15,TV_Show,COD,1,972.81,0.18,175.11,797.7,3,22,5,3,0,1
LGS1ORD0001882,C000374,2025-05-30 00:00:00,Male,39,Gold,TV,Chiang Mai,1464,Electronics,NovaTech,True,3.71,Clearance,0.2,TV_Show,Credit_Card,1,1949.94,0.28,545.98,1403.96,4,0,5,4,0,0
LGS1ORD0001883,C000855,2025-05-30 02:00:00,Female,32,Gold,CallCenter,Songkhla,1447,Kitchen,ChefHome,False,4.29,Campaign,0.1,Shopee,COD,1,1392.23,0.18,250.6,1141.63,5,2,5,4,0,0
LGS1ORD0001884,C000123,2025-05-30 04:00:00,Male,20,Silver,TV,Bangkok,165,Electronics,ShieldCase,False,3.9,Clearance,0.2,Shopee,Credit_Card,1,1929.51,0.25,482.38,1447.13,3,4,5,4,0,0
LGS1ORD0001885,C000965,2025-05-30 05:00:00,Female,26,Bronze,CallCenter,Remote_Area,1064,Fashion,FitStyle,False,3.44,Clearance,0.2,Shopee,COD,1,821.97,0.23,189.05,632.92,1,5,5,4,0,1
LGS1ORD0001886,C001177,2025-05-30 07:00:00,Female,57,Gold,Web,Khon Kaen,566,Home_Appliance,PureAir,True,4.14,No Promotion,0.0,Shopee,Credit_Card,1,4284.36,0.08,342.75,3941.61,1,7,5,4,0,0
LGS1ORD0001887,C000100,2025-05-30 09:00:00,Female,52,Gold,CallCenter,Bangkok,912,Fashion,UrbanWear,True,3.78,Campaign,0.05,TV_Show,Credit_Card,1,1694.06,0.13,220.23,1473.83,1,9,5,4,0,0
LGS1ORD0001888,C000882,2025-05-30 11:00:00,Female,33,Silver,Lazada,Remote_Area,1152,Fashion,FitStyle,False,3.69,Clearance,0.2,Lazada,Credit_Card,1,816.03,0.25,204.01,612.02,1,11,5,4,0,1
LGS1ORD0001889,C001185,2025-05-30 13:00:00,Female,40,Bronze,TV,Chonburi,1180,Cosmetics,SunSafe,True,4.7,Clearance,0.2,Web,COD,3,1725.26,0.23,1190.43,3985.34,1,13,5,4,0,0
LGS1ORD0001890,C000722,2025-05-30 15:00:00,Male,40,Bronze,TV,Songkhla,832,Fashion,FitStyle,False,3.4,Clearance,0.25,Shopee,Credit_Card,1,2253.78,0.28,631.06,1622.72,1,15,5,4,0,0
LGS1ORD0001891,C000328,2025-05-30 17:00:00,Female,40,Bronze,TV,Bangkok,1281,Fashion,FitStyle,False,3.48,No Promotion,0.0,TV_Show,COD,4,1822.99,0.03,218.76,7073.21,3,17,5,4,0,0
LGS1ORD0001892,C000295,2025-05-30 19:00:00,Female,48,Gold,Lazada,Remote_Area,868,Fashion,SilkTouch,False,3.43,Campaign,0.1,Web,COD,2,1234.99,0.18,444.6,2025.39,3,19,5,4,0,1
LGS1ORD0001893,C000483,2025-05-30 21:00:00,Male,49,Bronze,Lazada,Songkhla,985,Fashion,FitStyle,False,3.46,Clearance,0.25,Web,Credit_Card,3,1388.31,0.28,1166.18,2998.74,1,21,5,4,0,1
LGS1ORD0001894,C000514,2025-05-30 23:00:00,Female,53,Bronze,TV,Remote_Area,472,Fashion,FitStyle,False,3.69,Clearance,0.2,TV_Show,Credit_Card,1,844.18,0.23,194.16,650.02,4,23,5,4,0,0
LGS1ORD0001895,C000529,2025-05-31 00:00:00,Female,44,Bronze,TV,Remote_Area,1173,Fashion,FitStyle,False,3.6,Campaign,0.15,TV_Show,COD,1,2452.66,0.18,441.48,2011.18,1,0,5,5,1,1
LGS1ORD0001896,C000764,2025-05-31 02:00:00,Male,69,Silver,TV,Songkhla,245,Home_Appliance,PureAir,True,4.0,Campaign,0.1,CallCenter,Bank_Transfer,2,12185.42,0.15,3655.63,20715.22,4,2,5,5,1,0
LGS1ORD0001897,C000353,2025-05-31 04:00:00,Male,54,Silver,TV,Remote_Area,1218,Home_Appliance,PureAir,True,4.06,Campaign,0.05,Web,COD,1,4021.91,0.1,402.19,3619.72,4,4,5,5,1,0
LGS1ORD0001898,C000944,2025-05-31 06:00:00,Male,57,Gold,Web,Phuket,1079,Home_Appliance,CleanMate,True,3.75,Campaign,0.05,Web,PromptPay,3,5265.96,0.13,2053.72,13744.15,3,6,5,5,1,0
LGS1ORD0001899,C000585,2025-05-31 08:00:00,Male,18,Bronze,TV,Chonburi,630,Home_Appliance,HomePro,False,4.09,Campaign,0.1,Shopee,COD,1,13502.31,0.13,1755.3,11747.01,3,8,5,5,1,0
LGS1ORD0001900,C001045,2025-05-31 10:00:00,Male,54,Silver,Shopee,Songkhla,783,Cosmetics,FreshLook,False,4.0,Campaign,0.15,Shopee,PromptPay,2,2191.35,0.2,876.54,3506.16,3,10,5,5,1,0
LGS1ORD0001901,C000554,2025-05-31 12:00:00,Female,46,Bronze,Lazada,Remote_Area,661,Fashion,SilkTouch,False,3.77,Campaign,0.15,Shopee,PromptPay,1,1035.65,0.18,186.42,849.24,1,12,5,5,1,0
LGS1ORD0001902,C001013,2025-05-31 14:00:00,Female,42,Silver,Lazada,Chonburi,321,Kitchen,KitchenMax,True,4.03,Campaign,0.15,Web,PromptPay,2,5284.47,0.2,2113.79,8455.15,5,14,5,5,1,1
LGS1ORD0001903,C000089,2025-05-31 16:00:00,Male,39,Bronze,TV,Khon Kaen,1333,Kitchen,ChefHome,False,4.2,No Promotion,0.0,Web,PromptPay,1,3298.22,0.03,98.95,3199.27,1,16,5,5,1,0
LGS1ORD0001904,C000545,2025-05-31 18:00:00,Male,38,Bronze,TV,Nakhon Ratchasima,1299,Home_Appliance,CleanMate,True,4.0,No Promotion,0.0,Shopee,COD,1,11297.03,0.03,338.91,10958.12,3,18,5,5,1,0
LGS1ORD0001905,C000039,2025-05-31 19:00:00,Female,48,Bronze,Shopee,Bangkok,1557,Kitchen,ChefHome,False,3.68,Campaign,0.1,CallCenter,Credit_Card,2,3457.15,0.13,898.86,6015.45,3,19,5,5,1,0
LGS1ORD0001906,C001108,2025-05-31 21:00:00,Male,64,Silver,Shopee,Remote_Area,1445,Cosmetics,SunSafe,True,4.2,No Promotion,0.0,TV_Show,Credit_Card,1,2121.99,0.05,106.1,2015.89,3,21,5,5,1,0
LGS1ORD0001907,C000515,2025-05-31 23:00:00,Male,34,Bronze,Shopee,Chonburi,1369,Health,VitaLife,True,3.9,No Promotion,0.0,TV_Show,Bank_Transfer,1,856.32,0.03,25.69,830.63,3,23,5,5,1,0
LGS1ORD0001908,C000563,2025-06-01 01:00:00,Female,36,Bronze,TV,Nakhon Ratchasima,727,Electronics,NovaTech,False,3.92,Campaign,0.15,TV_Show,Bank_Transfer,1,8887.83,0.18,1599.81,7288.02,3,1,6,6,1,1
LGS1ORD0001909,C000852,2025-06-01 03:00:00,Male,72,Bronze,Shopee,Nakhon Ratchasima,333,Health,VitaLife,True,4.31,No Promotion,0.0,Shopee,COD,1,2879.84,0.03,86.4,2793.44,5,3,6,6,1,0
LGS1ORD0001910,C000098,2025-06-01 05:00:00,Female,49,Silver,TV,Phuket,1448,Kitchen,ChefHome,False,4.13,Campaign,0.05,Shopee,COD,1,5170.61,0.1,517.06,4653.55,3,5,6,6,1,0
LGS1ORD0001911,C000496,2025-06-01 07:00:00,Male,55,Bronze,Web,Remote_Area,590,Cosmetics,Beauty Lab,False,3.9,No Promotion,0.0,Shopee,COD,4,1574.54,0.03,188.94,6109.21,3,7,6,6,1,0
LGS1ORD0001912,C000977,2025-06-01 09:00:00,Female,69,Bronze,TV,Songkhla,586,Kitchen,ChefHome,False,4.34,Clearance,0.2,Shopee,COD,2,2781.02,0.23,1279.27,4282.78,4,9,6,6,1,0
LGS1ORD0001913,C000915,2025-06-01 11:00:00,Female,64,Bronze,TV,Phuket,406,Kitchen,ChefHome,False,3.83,Clearance,0.2,Lazada,COD,2,2444.83,0.23,1124.62,3765.04,5,11,6,6,1,0
LGS1ORD0001914,C001153,2025-06-01 13:00:00,Female,54,Bronze,Web,Chiang Mai,520,Electronics,NovaTech,True,3.5,Clearance,0.2,Shopee,COD,1,4900.98,0.23,1127.22,3773.75,4,13,6,6,1,1
LGS1ORD0001915,C000567,2025-06-01 14:00:00,Female,24,Platinum,Lazada,Bangkok,984,Home_Appliance,PureAir,True,4.08,No Promotion,0.0,Shopee,Credit_Card,1,1403.67,0.1,140.37,1263.31,4,14,6,6,1,0
LGS1ORD0001916,C000674,2025-06-01 16:00:00,Female,34,Bronze,Shopee,Khon Kaen,410,Home_Appliance,CleanMate,False,4.47,Campaign,0.05,Web,COD,1,14275.22,0.08,1142.02,13133.21,5,16,6,6,1,0
LGS1ORD0001917,C001079,2025-06-01 18:00:00,Male,37,Bronze,TV,Nakhon Ratchasima,1542,Home_Appliance,CleanMate,True,3.91,Campaign,0.1,Web,COD,2,8469.46,0.13,2202.06,14736.86,4,18,6,6,1,1
LGS1ORD0001918,C000555,2025-06-01 20:00:00,Female,30,Silver,TV,Chonburi,1186,Electronics,NovaTech,False,3.89,Campaign,0.05,Web,Credit_Card,1,6763.58,0.1,676.36,6087.22,4,20,6,6,1,0
LGS1ORD0001919,C000667,2025-06-01 22:00:00,Male,48,Bronze,TV,Phuket,1203,Health,WellPlus,False,4.23,Campaign,0.05,Lazada,COD,2,1584.1,0.08,253.46,2914.74,3,22,6,6,1,0
LGS1ORD0001920,C001199,2025-06-02 00:00:00,Male,72,Bronze,Web,Khon Kaen,788,Cosmetics,SunSafe,False,3.75,Campaign,0.05,Shopee,Credit_Card,1,2123.62,0.08,169.89,1953.73,3,0,6,0,0,0
LGS1ORD0001921,C000034,2025-06-02 02:00:00,Female,38,Bronze,Web,Khon Kaen,590,Health,WellPlus,False,4.23,No Promotion,0.0,TV_Show,COD,2,1587.75,0.03,95.27,3080.24,1,2,6,0,0,0
LGS1ORD0001922,C001047,2025-06-02 04:00:00,Male,44,Gold,Web,Chiang Mai,1116,Cosmetics,SunSafe,False,4.36,Clearance,0.2,TV_Show,COD,2,645.42,0.28,361.44,929.4,4,4,6,0,0,1
LGS1ORD0001923,C000442,2025-06-02 06:00:00,Male,51,Bronze,Shopee,Bangkok,813,Cosmetics,SunSafe,False,4.06,No Promotion,0.0,CallCenter,COD,2,667.32,0.03,40.04,1294.6,3,6,6,0,0,0
LGS1ORD0001924,C000943,2025-06-02 08:00:00,Female,37,Bronze,Shopee,Bangkok,1376,Cosmetics,Beauty Lab,False,3.89,Clearance,0.2,TV_Show,COD,1,1088.92,0.23,250.45,838.47,1,8,6,0,0,0
LGS1ORD0001925,C000762,2025-06-02 09:00:00,Male,51,Platinum,Shopee,Bangkok,1294,Kitchen,ChefHome,False,3.96,Clearance,0.2,Web,PromptPay,2,4900.42,0.3,2940.25,6860.58,3,9,6,0,0,0
LGS1ORD0001926,C000902,2025-06-02 11:00:00,Female,62,Silver,Lazada,Bangkok,1037,Home_Appliance,PureAir,True,4.08,Campaign,0.05,TV_Show,COD,1,1446.99,0.1,144.7,1302.29,3,11,6,0,0,1
LGS1ORD0001927,C000524,2025-06-02 13:00:00,Female,45,Platinum,CallCenter,Bangkok,1246,Fashion,FitStyle,False,3.68,No Promotion,0.0,Lazada,COD,2,2073.46,0.1,414.69,3732.23,5,13,6,0,0,1
LGS1ORD0001928,C000656,2025-06-02 15:00:00,Female,34,Silver,Lazada,Bangkok,578,Fashion,UrbanWear,True,3.68,No Promotion,0.0,TV_Show,COD,1,1964.97,0.05,98.25,1866.72,3,15,6,0,0,0
LGS1ORD0001929,C001011,2025-06-02 17:00:00,Male,63,Bronze,Web,Bangkok,921,Fashion,FitStyle,False,3.59,Clearance,0.25,Shopee,COD,3,491.07,0.28,412.5,1060.7,3,17,6,0,0,1
LGS1ORD0001930,C000447,2025-06-02 19:00:00,Female,54,Platinum,TV,Bangkok,1007,Home_Appliance,CleanMate,False,3.89,Campaign,0.15,TV_Show,Credit_Card,3,9746.74,0.25,7310.06,21930.18,1,19,6,0,0,0
LGS1ORD0001931,C000314,2025-06-02 21:00:00,Female,53,Bronze,TV,Chiang Mai,756,Kitchen,KitchenMax,True,3.76,Campaign,0.05,CallCenter,PromptPay,1,3480.37,0.08,278.43,3201.94,1,21,6,0,0,0
LGS1ORD0001932,C001008,2025-06-02 23:00:00,Other,35,Bronze,TV,Bangkok,504,Fashion,UrbanWear,False,3.61,Campaign,0.05,Web,COD,2,863.82,0.08,138.21,1589.43,5,23,6,0,0,0
LGS1ORD0001933,C000154,2025-06-03 01:00:00,Male,35,Gold,Shopee,Bangkok,380,Health,WellPlus,False,4.39,Campaign,0.05,TV_Show,COD,1,2578.81,0.13,335.25,2243.57,5,1,6,1,0,0
LGS1ORD0001934,C000315,2025-06-03 03:00:00,Female,48,Silver,Shopee,Bangkok,640,Kitchen,CookEasy,False,4.43,Campaign,0.15,Shopee,Credit_Card,1,3409.17,0.2,681.83,2727.34,3,3,6,1,0,0
LGS1ORD0001935,C000391,2025-06-03 04:00:00,Female,49,Bronze,Lazada,Bangkok,458,Fashion,FitStyle,False,3.53,No Promotion,0.0,Lazada,COD,2,1946.82,0.03,116.81,3776.82,1,4,6,1,0,1
LGS1ORD0001936,C000968,2025-06-03 06:00:00,Male,34,Bronze,TV,Chiang Mai,622,Kitchen,CookEasy,False,4.01,No Promotion,0.0,Web,COD,2,1843.69,0.03,110.62,3576.77,3,6,6,1,0,0
LGS1ORD0001937,C001002,2025-06-03 08:00:00,Female,42,Bronze,Shopee,Songkhla,253,Home_Appliance,PureAir,False,4.19,Clearance,0.2,Lazada,COD,3,5495.28,0.23,3791.75,12694.1,1,8,6,1,0,0
LGS1ORD0001938,C000190,2025-06-03 10:00:00,Female,46,Bronze,CallCenter,Remote_Area,1056,Home_Appliance,PureAir,True,4.11,Campaign,0.05,Shopee,COD,1,3530.75,0.08,282.46,3248.29,5,10,6,1,0,0
LGS1ORD0001939,C001084,2025-06-03 12:00:00,Male,47,Bronze,Shopee,Chiang Mai,1170,Cosmetics,SunSafe,False,4.53,Clearance,0.2,Shopee,COD,2,845.49,0.23,388.92,1302.05,3,12,6,1,0,0
LGS1ORD0001940,C000971,2025-06-03 14:00:00,Male,40,Bronze,Web,Chonburi,401,Kitchen,CookEasy,False,3.98,No Promotion,0.0,Web,COD,1,708.94,0.03,21.27,687.68,1,14,6,1,0,0
LGS1ORD0001941,C000974,2025-06-03 16:00:00,Female,35,Bronze,TV,Remote_Area,1180,Cosmetics,Beauty Lab,True,4.08,Campaign,0.05,Lazada,COD,1,544.74,0.08,43.58,501.16,3,16,6,1,0,0
LGS1ORD0001942,C000522,2025-06-03 18:00:00,Female,34,Silver,Lazada,Chiang Mai,948,Fashion,FitStyle,False,3.46,Campaign,0.15,Shopee,COD,2,1346.16,0.2,538.47,2153.86,4,18,6,1,0,1
LGS1ORD0001943,C000107,2025-06-03 20:00:00,Female,51,Bronze,TV,Chiang Mai,1165,Fashion,UrbanWear,False,3.45,Clearance,0.25,CallCenter,COD,2,900.62,0.28,504.35,1296.89,3,20,6,1,0,0
LGS1ORD0001944,C000008,2025-06-03 22:00:00,Male,34,Silver,TV,Bangkok,1178,Health,WellPlus,False,4.39,No Promotion,0.0,TV_Show,Credit_Card,1,2334.93,0.05,116.75,2218.19,1,22,6,1,0,0
LGS1ORD0001945,C000829,2025-06-04 00:00:00,Female,18,Bronze,CallCenter,Chiang Mai,1255,Electronics,ShieldCase,False,3.8,Campaign,0.15,TV_Show,COD,1,7364.29,0.18,1325.57,6038.72,4,0,6,2,0,1
LGS1ORD0001946,C001171,2025-06-04 01:00:00,Female,59,Bronze,Web,Chiang Mai,238,Electronics,GadgetWorld,False,3.98,No Promotion,0.0,Web,COD,1,3135.93,0.03,94.08,3041.85,3,1,6,2,0,0
LGS1ORD0001947,C000961,2025-06-04 03:00:00,Female,58,Silver,Lazada,Chiang Mai,197,Health,WellPlus,False,4.37,Campaign,0.15,Shopee,COD,1,3956.28,0.2,791.26,3165.02,1,3,6,2,0,0
LGS1ORD0001948,C001053,2025-06-04 05:00:00,Female,51,Silver,TV,Bangkok,645,Fashion,UrbanWear,True,3.61,Campaign,0.15,Shopee,Credit_Card,1,1090.65,0.2,218.13,872.52,3,5,6,2,0,0
LGS1ORD0001949,C000718,2025-06-04 07:00:00,Female,31,Bronze,Shopee,Songkhla,1091,Kitchen,ChefHome,False,4.02,Campaign,0.15,TV_Show,COD,4,657.6,0.18,473.47,2156.94,4,7,6,2,0,1
LGS1ORD0001950,C001085,2025-06-04 09:00:00,Male,48,Bronze,CallCenter,Phuket,820,Kitchen,CookEasy,False,4.43,Clearance,0.25,TV_Show,Credit_Card,1,2927.91,0.28,819.81,2108.1,5,9,6,2,0,0
LGS1ORD0001951,C000728,2025-06-04 11:00:00,Female,35,Bronze,TV,Chiang Mai,1385,Fashion,UrbanWear,False,3.72,Campaign,0.05,Web,PromptPay,1,2394.96,0.08,191.6,2203.37,3,11,6,2,0,0
LGS1ORD0001952,C000707,2025-06-04 13:00:00,Male,49,Gold,Web,Songkhla,960,Fashion,SilkTouch,False,3.75,No Promotion,0.0,TV_Show,COD,1,1524.78,0.08,121.98,1402.8,1,13,6,2,0,0
LGS1ORD0001953,C000318,2025-06-04 15:00:00,Male,40,Bronze,TV,Nakhon Ratchasima,770,Fashion,UrbanWear,False,3.82,No Promotion,0.0,Lazada,Bank_Transfer,1,703.97,0.03,21.12,682.85,3,15,6,2,0,0
LGS1ORD0001954,C000096,2025-06-04 17:00:00,Female,42,Silver,TV,Chonburi,1327,Electronics,GadgetWorld,True,3.82,No Promotion,0.0,Web,Bank_Transfer,2,11849.79,0.05,1184.98,22514.6,5,17,6,2,0,0
LGS1ORD0001955,C000701,2025-06-04 19:00:00,Female,43,Bronze,Lazada,Bangkok,1083,Electronics,NovaTech,True,3.94,No Promotion,0.0,Web,Credit_Card,1,11829.53,0.03,354.89,11474.65,1,19,6,2,0,0
LGS1ORD0001956,C000510,2025-06-04 20:00:00,Male,49,Gold,Web,Chonburi,1191,Cosmetics,FreshLook,False,3.95,No Promotion,0.0,TV_Show,COD,2,1473.38,0.08,235.74,2711.02,5,20,6,2,0,0
LGS1ORD0001957,C001144,2025-06-04 22:00:00,Male,66,Silver,Web,Bangkok,274,Home_Appliance,PureAir,True,4.08,No Promotion,0.0,Shopee,Credit_Card,1,1447.72,0.05,72.39,1375.34,1,22,6,2,0,0
LGS1ORD0001958,C001123,2025-06-05 00:00:00,Female,18,Bronze,Shopee,Bangkok,1069,Kitchen,ChefHome,False,4.16,No Promotion,0.0,Lazada,Bank_Transfer,2,1568.84,0.03,94.13,3043.55,4,0,6,3,0,0
LGS1ORD0001959,C000493,2025-06-05 02:00:00,Female,37,Bronze,Shopee,Chiang Mai,556,Home_Appliance,PureAir,False,4.0,Campaign,0.1,Web,COD,1,10174.29,0.13,1322.66,8851.63,5,2,6,3,0,0
LGS1ORD0001960,C000911,2025-06-05 04:00:00,Female,55,Gold,CallCenter,Bangkok,1281,Electronics,ShieldCase,False,3.7,Campaign,0.05,Web,Bank_Transfer,1,11781.1,0.13,1531.54,10249.56,1,4,6,3,0,0
LGS1ORD0001961,C000449,2025-06-05 06:00:00,Female,33,Gold,Lazada,Nakhon Ratchasima,1134,Home_Appliance,CleanMate,True,4.08,Campaign,0.05,Web,PromptPay,1,13174.31,0.13,1712.66,11461.65,5,6,6,3,0,0
LGS1ORD0001962,C000952,2025-06-05 08:00:00,Female,30,Bronze,TV,Bangkok,414,Cosmetics,SunSafe,False,4.36,No Promotion,0.0,Lazada,Credit_Card,2,587.22,0.03,35.23,1139.22,1,8,6,3,0,0
LGS1ORD0001963,C000437,2025-06-05 10:00:00,Female,44,Bronze,CallCenter,Khon Kaen,1379,Fashion,FitStyle,False,3.55,No Promotion,0.0,Shopee,Bank_Transfer,3,871.93,0.03,78.47,2537.32,4,10,6,3,0,0
LGS1ORD0001964,C001015,2025-06-05 12:00:00,Female,32,Platinum,TV,Bangkok,414,Electronics,ShieldCase,True,4.04,Campaign,0.15,Lazada,COD,2,11647.14,0.25,5823.57,17470.7,3,12,6,3,0,0
LGS1ORD0001965,C000365,2025-06-05 14:00:00,Female,18,Gold,Lazada,Bangkok,1076,Electronics,GadgetWorld,False,3.66,Campaign,0.1,Web,Credit_Card,2,6878.37,0.18,2476.21,11280.53,3,14,6,3,0,1
LGS1ORD0001966,C000877,2025-06-05 15:00:00,Female,29,Bronze,TV,Songkhla,486,Cosmetics,FreshLook,False,4.12,Campaign,0.15,Web,COD,1,194.22,0.18,34.96,159.26,5,15,6,3,0,0
LGS1ORD0001967,C000136,2025-06-05 17:00:00,Female,45,Bronze,Web,Khon Kaen,190,Home_Appliance,PureAir,False,4.11,No Promotion,0.0,TV_Show,PromptPay,1,5947.3,0.03,178.42,5768.89,3,17,6,3,0,1
LGS1ORD0001968,C001191,2025-06-05 19:00:00,Female,33,Gold,CallCenter,Chonburi,591,Health,WellPlus,False,4.37,Campaign,0.05,TV_Show,PromptPay,1,3757.09,0.13,488.42,3268.67,3,19,6,3,0,0
LGS1ORD0001969,C000953,2025-06-05 21:00:00,Male,24,Bronze,Shopee,Nakhon Ratchasima,769,Fashion,UrbanWear,False,4.16,Campaign,0.15,CallCenter,COD,1,1864.66,0.18,335.64,1529.02,5,21,6,3,0,0
LGS1ORD0001970,C000296,2025-06-05 23:00:00,Female,47,Bronze,TV,Remote_Area,1211,Cosmetics,SunSafe,True,4.2,No Promotion,0.0,Shopee,COD,2,2178.74,0.03,130.72,4226.75,3,23,6,3,0,0
LGS1ORD0001971,C001086,2025-06-06 01:00:00,Female,33,Bronze,Shopee,Songkhla,1348,Kitchen,KitchenMax,False,4.09,No Promotion,0.0,Shopee,COD,2,1179.59,0.03,70.78,2288.41,1,1,6,4,0,0
LGS1ORD0001972,C000533,2025-06-06 03:00:00,Female,50,Silver,Shopee,Khon Kaen,1336,Cosmetics,SunSafe,False,3.75,Campaign,0.1,TV_Show,Credit_Card,2,2287.41,0.15,686.22,3888.6,3,3,6,4,0,0
LGS1ORD0001973,C000962,2025-06-06 05:00:00,Female,49,Silver,Shopee,Bangkok,498,Home_Appliance,PureAir,True,3.62,Campaign,0.15,Web,COD,2,10627.57,0.2,4251.03,17004.11,4,5,6,4,0,1
LGS1ORD0001974,C000568,2025-06-06 07:00:00,Female,43,Gold,Shopee,Nakhon Ratchasima,518,Cosmetics,SunSafe,True,3.66,No Promotion,0.0,Shopee,COD,2,1231.6,0.08,197.06,2266.15,4,7,6,4,0,0
LGS1ORD0001975,C000855,2025-06-06 09:00:00,Female,32,Gold,CallCenter,Songkhla,1454,Fashion,UrbanWear,False,3.69,Campaign,0.15,Shopee,COD,1,503.82,0.2299999999999999,115.88,387.94,4,9,6,4,0,1
LGS1ORD0001976,C000483,2025-06-06 10:00:00,Male,49,Bronze,Lazada,Songkhla,992,Electronics,NovaTech,False,3.68,Clearance,0.2,TV_Show,COD,1,4510.49,0.23,1037.41,3473.08,3,10,6,4,0,1
LGS1ORD0001977,C000079,2025-06-06 12:00:00,Female,53,Bronze,TV,Bangkok,176,Cosmetics,SunSafe,False,4.28,No Promotion,0.0,Web,PromptPay,2,1436.4,0.03,86.18,2786.62,1,12,6,4,0,0
LGS1ORD0001978,C000560,2025-06-06 14:00:00,Female,51,Bronze,CallCenter,Bangkok,1117,Home_Appliance,HomePro,True,3.82,No Promotion,0.0,Lazada,COD,1,2180.07,0.03,65.4,2114.66,5,14,6,4,0,0
LGS1ORD0001979,C000551,2025-06-06 16:00:00,Male,56,Silver,Lazada,Bangkok,1520,Electronics,NovaTech,False,3.81,Clearance,0.2,TV_Show,COD,1,10505.45,0.25,2626.36,7879.09,1,16,6,4,0,1
LGS1ORD0001980,C001100,2025-06-06 18:00:00,Female,27,Bronze,Web,Bangkok,1197,Health,WellPlus,False,4.32,No Promotion,0.0,Shopee,Credit_Card,1,3345.03,0.03,100.35,3244.68,3,18,6,4,0,1
LGS1ORD0001981,C000958,2025-06-06 20:00:00,Male,18,Silver,CallCenter,Chiang Mai,964,Fashion,FitStyle,True,3.85,Campaign,0.05,Shopee,COD,4,1050.08,0.1,420.03,3780.28,1,20,6,4,0,1
LGS1ORD0001982,C000899,2025-06-06 22:00:00,Female,51,Bronze,TV,Songkhla,609,Fashion,UrbanWear,False,3.82,Campaign,0.05,TV_Show,COD,1,724.84,0.08,57.99,666.85,1,22,6,4,0,1
LGS1ORD0001983,C000288,2025-06-07 00:00:00,Male,42,Bronze,Shopee,Khon Kaen,1291,Kitchen,KitchenMax,False,4.07,Campaign,0.1,CallCenter,PromptPay,1,3300.5,0.13,429.06,2871.43,1,0,6,5,1,0
LGS1ORD0001984,C000141,2025-06-07 02:00:00,Male,54,Silver,Lazada,Songkhla,509,Electronics,NovaTech,True,3.5,Campaign,0.15,Web,PromptPay,4,7209.28,0.2,5767.43,23069.71,1,2,6,5,1,0
LGS1ORD0001985,C000885,2025-06-07 04:00:00,Male,38,Bronze,Shopee,Remote_Area,703,Kitchen,CookEasy,True,4.04,Campaign,0.05,Shopee,COD,4,4654.24,0.08,1489.36,17127.59,1,4,6,5,1,1
LGS1ORD0001986,C000598,2025-06-07 05:00:00,Male,35,Gold,TV,Bangkok,674,Health,MediCare,False,4.24,Campaign,0.05,Lazada,COD,1,1592.47,0.13,207.02,1385.45,5,5,6,5,1,0
LGS1ORD0001987,C000856,2025-06-07 07:00:00,Male,24,Bronze,Web,Songkhla,868,Fashion,FitStyle,False,3.44,No Promotion,0.0,Shopee,PromptPay,2,863.16,0.03,51.79,1674.53,5,7,6,5,1,0
LGS1ORD0001988,C000418,2025-06-07 09:00:00,Female,48,Gold,Web,Nakhon Ratchasima,784,Electronics,GadgetWorld,False,3.8,Clearance,0.2,Shopee,Credit_Card,1,8812.09,0.28,2467.39,6344.71,1,9,6,5,1,0
LGS1ORD0001989,C000275,2025-06-07 11:00:00,Male,41,Gold,Shopee,Chiang Mai,356,Kitchen,CookEasy,False,4.05,Clearance,0.2,TV_Show,COD,1,2241.28,0.28,627.56,1613.72,4,11,6,5,1,0
LGS1ORD0001990,C000705,2025-06-07 13:00:00,Female,56,Gold,Web,Phuket,509,Kitchen,KitchenMax,True,4.54,Clearance,0.2,TV_Show,Credit_Card,1,5990.25,0.28,1677.27,4312.98,1,13,6,5,1,0
LGS1ORD0001991,C000999,2025-06-07 15:00:00,Female,52,Bronze,TV,Phuket,1054,Health,VitaLife,False,3.95,Campaign,0.15,Lazada,COD,2,1779.35,0.18,640.57,2918.13,1,15,6,5,1,0
LGS1ORD0001992,C001025,2025-06-07 17:00:00,Male,44,Silver,TV,Khon Kaen,1126,Home_Appliance,CleanMate,True,4.08,Clearance,0.2,TV_Show,Bank_Transfer,1,12868.67,0.25,3217.17,9651.5,1,17,6,5,1,0
LGS1ORD0001993,C000523,2025-06-07 19:00:00,Male,18,Bronze,Lazada,Chiang Mai,691,Kitchen,CookEasy,False,4.01,No Promotion,0.0,Shopee,Credit_Card,2,1842.12,0.03,110.53,3573.72,1,19,6,5,1,0
LGS1ORD0001994,C000867,2025-06-07 21:00:00,Male,45,Bronze,Shopee,Remote_Area,1517,Fashion,UrbanWear,False,3.69,Clearance,0.2,Web,Bank_Transfer,2,492.55,0.23,226.57,758.52,4,21,6,5,1,0
LGS1ORD0001995,C000480,2025-06-07 23:00:00,Female,48,Gold,TV,Khon Kaen,1326,Electronics,ShieldCase,False,3.97,Clearance,0.2,Web,Bank_Transfer,1,2756.68,0.28,771.87,1984.81,3,23,6,5,1,0
LGS1ORD0001996,C000554,2025-06-08 00:00:00,Female,46,Bronze,Lazada,Remote_Area,669,Cosmetics,SunSafe,False,4.53,Campaign,0.15,TV_Show,PromptPay,3,830.23,0.18,448.32,2042.37,3,0,6,6,1,1
LGS1ORD0001997,C000233,2025-06-08 02:00:00,Female,50,Silver,Web,Remote_Area,1314,Fashion,UrbanWear,False,3.61,Clearance,0.2,TV_Show,Bank_Transfer,2,819.64,0.25,409.82,1229.46,1,2,6,6,1,0
LGS1ORD0001998,C000600,2025-06-08 04:00:00,Male,42,Platinum,Web,Khon Kaen,1074,Electronics,ShieldCase,False,3.77,No Promotion,0.0,Shopee,COD,2,2818.72,0.1,563.74,5073.7,1,4,6,6,1,0
LGS1ORD0001999,C001041,2025-06-08 06:00:00,Female,38,Silver,CallCenter,Bangkok,1542,Home_Appliance,PureAir,True,4.04,No Promotion,0.0,Lazada,COD,2,8036.85,0.05,803.68,15270.01,1,6,6,6,1,0
LGS1ORD0002000,C000895,2025-06-08 08:00:00,Other,53,Bronze,CallCenter,Chiang Mai,1464,Home_Appliance,CleanMate,True,4.06,Campaign,0.15,TV_Show,Credit_Card,2,5200.66,0.18,1872.24,8529.08,1,8,6,6,1,0
LGS1ORD0002001,C000326,2025-06-08 10:00:00,Male,45,Gold,Lazada,Khon Kaen,732,Electronics,ShieldCase,False,3.61,Clearance,0.2,Lazada,Credit_Card,4,8343.87,0.28,9345.14,24030.36,1,10,6,6,1,0
LGS1ORD0002002,C000178,2025-06-08 12:00:00,Female,42,Gold,TV,Chonburi,1142,Home_Appliance,CleanMate,True,4.01,No Promotion,0.0,CallCenter,COD,2,5722.21,0.08,915.55,10528.87,1,12,6,6,1,0
LGS1ORD0002003,C000789,2025-06-08 14:00:00,Other,22,Bronze,Shopee,Chonburi,279,Home_Appliance,PureAir,False,4.25,Campaign,0.15,Lazada,COD,2,8548.39,0.18,3077.42,14019.35,3,14,6,6,1,0
LGS1ORD0002004,C000121,2025-06-08 16:00:00,Female,44,Bronze,TV,Bangkok,1088,Health,VitaLife,True,3.9,No Promotion,0.0,Shopee,COD,1,894.43,0.03,26.83,867.6,3,16,6,6,1,0
LGS1ORD0002005,C000143,2025-06-08 18:00:00,Female,29,Bronze,TV,Nakhon Ratchasima,327,Cosmetics,FreshLook,False,3.94,Campaign,0.15,TV_Show,PromptPay,3,423.31,0.18,228.59,1041.34,1,18,6,6,1,0
LGS1ORD0002006,C000711,2025-06-08 19:00:00,Male,38,Bronze,Shopee,Remote_Area,514,Electronics,NovaTech,True,3.64,Campaign,0.05,TV_Show,PromptPay,3,1485.82,0.08,356.6,4100.85,5,19,6,6,1,0
LGS1ORD0002007,C000924,2025-06-08 21:00:00,Male,32,Silver,TV,Khon Kaen,1336,Cosmetics,SunSafe,False,4.25,Campaign,0.05,CallCenter,COD,1,1230.0,0.1,123.0,1107.0,3,21,6,6,1,0
LGS1ORD0002008,C000190,2025-06-08 23:00:00,Female,46,Bronze,CallCenter,Remote_Area,1061,Electronics,ShieldCase,False,3.84,No Promotion,0.0,Shopee,COD,1,932.73,0.03,27.98,904.75,3,23,6,6,1,1
LGS1ORD0002009,C000579,2025-06-09 01:00:00,Male,27,Gold,TV,Songkhla,293,Cosmetics,SunSafe,False,4.25,Campaign,0.05,Lazada,PromptPay,4,1434.43,0.13,745.91,4991.83,4,1,6,0,0,0
LGS1ORD0002010,C000996,2025-06-09 03:00:00,Male,42,Gold,Shopee,Nakhon Ratchasima,1541,Electronics,GadgetWorld,False,3.74,No Promotion,0.0,TV_Show,Credit_Card,3,1387.89,0.08,333.09,3830.58,4,3,6,0,0,0
LGS1ORD0002011,C000904,2025-06-09 05:00:00,Male,43,Bronze,CallCenter,Bangkok,639,Fashion,SilkTouch,False,3.65,No Promotion,0.0,CallCenter,PromptPay,1,1914.74,0.03,57.44,1857.3,1,5,6,0,0,0
LGS1ORD0002012,C000592,2025-06-09 07:00:00,Male,44,Bronze,Lazada,Chonburi,1475,Home_Appliance,CleanMate,False,3.81,Clearance,0.25,Shopee,COD,4,6138.05,0.28,6874.61,17677.58,4,7,6,0,0,1
LGS1ORD0002013,C000290,2025-06-09 09:00:00,Female,50,Bronze,Shopee,Bangkok,364,Home_Appliance,HomePro,True,3.82,Clearance,0.2,Web,COD,2,2338.56,0.23,1075.74,3601.39,1,9,6,0,0,1
LGS1ORD0002014,C000088,2025-06-09 11:00:00,Female,43,Bronze,Shopee,Chiang Mai,1464,Kitchen,ChefHome,False,3.83,Campaign,0.1,TV_Show,PromptPay,3,2045.99,0.13,797.94,5340.04,3,11,6,0,0,0
LGS1ORD0002015,C000813,2025-06-09 13:00:00,Female,57,Bronze,Shopee,Chiang Mai,532,Fashion,UrbanWear,False,3.8,Campaign,0.15,CallCenter,COD,2,871.95,0.18,313.9,1429.99,5,13,6,0,0,1
LGS1ORD0002016,C000002,2025-06-09 14:00:00,Male,44,Bronze,TV,Songkhla,440,Electronics,ShieldCase,True,3.63,Campaign,0.15,Web,COD,1,3347.31,0.18,602.52,2744.8,3,14,6,0,0,1
LGS1ORD0002017,C000126,2025-06-09 16:00:00,Male,28,Bronze,CallCenter,Khon Kaen,1055,Home_Appliance,CleanMate,True,3.75,No Promotion,0.0,Shopee,Bank_Transfer,1,5402.79,0.03,162.08,5240.7,1,16,6,0,0,0
LGS1ORD0002018,C000159,2025-06-09 18:00:00,Female,42,Bronze,CallCenter,Songkhla,1533,Home_Appliance,PureAir,True,4.2,No Promotion,0.0,Lazada,COD,3,12747.63,0.03,1147.29,37095.61,3,18,6,0,0,0
LGS1ORD0002019,C000162,2025-06-09 20:00:00,Female,33,Gold,TV,Remote_Area,1358,Cosmetics,Beauty Lab,False,4.04,Campaign,0.1,TV_Show,COD,1,2066.42,0.18,371.96,1694.47,1,20,6,0,0,0
LGS1ORD0002020,C000637,2025-06-09 22:00:00,Female,57,Bronze,Lazada,Nakhon Ratchasima,703,Fashion,SilkTouch,True,3.91,Clearance,0.2,CallCenter,Credit_Card,1,624.97,0.23,143.74,481.23,1,22,6,0,0,0
LGS1ORD0002021,C001146,2025-06-10 00:00:00,Female,44,Bronze,Shopee,Chiang Mai,910,Electronics,NovaTech,True,4.02,Campaign,0.15,Shopee,Bank_Transfer,2,10080.63,0.18,3629.03,16532.23,3,0,6,1,0,0
LGS1ORD0002022,C000019,2025-06-10 02:00:00,Male,61,Platinum,TV,Phuket,1313,Fashion,UrbanWear,False,3.6,Clearance,0.25,Shopee,Bank_Transfer,1,855.35,0.35,299.37,555.98,5,2,6,1,0,1
LGS1ORD0002023,C001094,2025-06-10 04:00:00,Male,61,Gold,Web,Remote_Area,604,Home_Appliance,HomePro,False,3.71,Clearance,0.2,TV_Show,Credit_Card,4,7450.02,0.28,8344.02,21456.05,1,4,6,1,0,1
LGS1ORD0002024,C000938,2025-06-10 06:00:00,Female,30,Gold,TV,Chonburi,1064,Home_Appliance,PureAir,False,4.19,Clearance,0.25,Lazada,PromptPay,1,6193.4,0.33,2043.82,4149.58,5,6,6,1,0,0
LGS1ORD0002025,C000459,2025-06-10 08:00:00,Female,46,Platinum,Web,Phuket,826,Kitchen,ChefHome,False,4.16,Campaign,0.1,CallCenter,PromptPay,4,1674.36,0.2,1339.48,5357.94,5,8,6,1,0,0
LGS1ORD0002026,C000591,2025-06-10 09:00:00,Female,43,Bronze,Lazada,Bangkok,1044,Home_Appliance,PureAir,True,4.06,Campaign,0.15,CallCenter,Credit_Card,1,4103.6,0.18,738.65,3364.95,3,9,6,1,0,0
LGS1ORD0002027,C000568,2025-06-10 11:00:00,Female,43,Gold,Shopee,Nakhon Ratchasima,522,Electronics,ShieldCase,False,3.61,Campaign,0.15,Lazada,COD,1,8548.98,0.2299999999999999,1966.27,6582.72,1,11,6,1,0,0
LGS1ORD0002028,C000826,2025-06-10 13:00:00,Male,41,Bronze,TV,Chonburi,1510,Electronics,NovaTech,False,3.66,Campaign,0.15,CallCenter,Credit_Card,1,10662.35,0.18,1919.22,8743.12,1,13,6,1,0,1
LGS1ORD0002029,C000081,2025-06-10 15:00:00,Male,45,Bronze,CallCenter,Remote_Area,361,Home_Appliance,PureAir,False,4.25,Campaign,0.15,Shopee,COD,1,8150.7,0.18,1467.13,6683.57,3,15,6,1,0,1
LGS1ORD0002030,C001122,2025-06-10 17:00:00,Female,41,Platinum,Lazada,Chonburi,574,Electronics,ShieldCase,False,3.8,Campaign,0.05,Web,PromptPay,1,6480.58,0.15,972.09,5508.49,3,17,6,1,0,0
LGS1ORD0002031,C001145,2025-06-10 19:00:00,Female,50,Silver,TV,Bangkok,1565,Electronics,ShieldCase,False,3.82,No Promotion,0.0,Web,PromptPay,1,7227.9,0.05,361.4,6866.51,3,19,6,1,0,0
LGS1ORD0002032,C000496,2025-06-10 21:00:00,Male,55,Bronze,Web,Remote_Area,599,Cosmetics,SunSafe,False,4.25,Campaign,0.05,Shopee,COD,1,1390.42,0.08,111.23,1279.19,1,21,6,1,0,0
LGS1ORD0002033,C000205,2025-06-10 23:00:00,Female,34,Gold,Lazada,Bangkok,577,Cosmetics,Beauty Lab,False,4.11,Campaign,0.1,Web,Credit_Card,2,1615.17,0.18,581.46,2648.88,5,23,6,1,0,0
LGS1ORD0002034,C000494,2025-06-11 01:00:00,Female,65,Bronze,Lazada,Bangkok,557,Fashion,UrbanWear,False,3.72,Clearance,0.25,Lazada,Credit_Card,2,2713.9,0.28,1519.78,3908.01,5,1,6,2,0,0
LGS1ORD0002035,C001049,2025-06-11 03:00:00,Male,53,Bronze,Shopee,Remote_Area,609,Home_Appliance,HomePro,True,4.07,No Promotion,0.0,TV_Show,COD,3,1257.28,0.03,113.16,3658.68,5,3,6,2,0,0
LGS1ORD0002036,C001194,2025-06-11 04:00:00,Male,32,Platinum,TV,Bangkok,1539,Electronics,NovaTech,False,3.81,Clearance,0.25,Shopee,COD,1,9647.01,0.35,3376.46,6270.56,3,4,6,2,0,1
LGS1ORD0002037,C000744,2025-06-11 06:00:00,Female,52,Gold,TV,Remote_Area,1179,Home_Appliance,CleanMate,True,4.08,No Promotion,0.0,TV_Show,COD,1,12331.35,0.08,986.51,11344.84,3,6,6,2,0,0
LGS1ORD0002038,C000832,2025-06-11 08:00:00,Female,28,Bronze,CallCenter,Phuket,479,Electronics,NovaTech,True,3.5,Campaign,0.05,Shopee,COD,1,5275.23,0.08,422.02,4853.21,1,8,6,2,0,1
LGS1ORD0002039,C000767,2025-06-11 10:00:00,Female,31,Gold,Shopee,Bangkok,361,Kitchen,KitchenMax,True,4.03,Clearance,0.2,Lazada,COD,1,5228.94,0.28,1464.1,3764.84,1,10,6,2,0,0
LGS1ORD0002040,C000136,2025-06-11 12:00:00,Female,45,Bronze,Web,Khon Kaen,196,Home_Appliance,PureAir,False,4.1,Clearance,0.25,TV_Show,COD,1,11632.81,0.28,3257.19,8375.62,1,12,6,2,0,0
LGS1ORD0002041,C000558,2025-06-11 14:00:00,Male,49,Silver,Lazada,Nakhon Ratchasima,1138,Health,VitaLife,False,4.36,No Promotion,0.0,TV_Show,COD,3,359.62,0.05,53.94,1024.91,1,14,6,2,0,0
LGS1ORD0002042,C000229,2025-06-11 16:00:00,Female,27,Silver,Web,Chonburi,1464,Fashion,SilkTouch,False,3.47,No Promotion,0.0,Web,COD,2,1748.56,0.05,174.86,3322.26,1,16,6,2,0,1
LGS1ORD0002043,C000253,2025-06-11 18:00:00,Female,60,Bronze,Shopee,Phuket,1508,Electronics,GadgetWorld,False,4.05,Clearance,0.2,Web,COD,2,3819.76,0.23,1757.09,5882.42,1,18,6,2,0,0
LGS1ORD0002044,C000478,2025-06-11 20:00:00,Female,42,Bronze,Shopee,Chonburi,253,Health,MediCare,False,4.42,Clearance,0.2,Lazada,Credit_Card,1,2308.88,0.23,531.04,1777.84,3,20,6,2,0,0
LGS1ORD0002045,C001136,2025-06-11 22:00:00,Male,31,Silver,TV,Chiang Mai,1360,Cosmetics,FreshLook,True,3.9,No Promotion,0.0,Lazada,Bank_Transfer,2,1162.42,0.05,116.24,2208.6,1,22,6,2,0,0
LGS1ORD0002046,C000141,2025-06-12 00:00:00,Male,54,Silver,Lazada,Songkhla,514,Home_Appliance,PureAir,False,4.16,Clearance,0.2,Lazada,COD,1,9248.01,0.25,2312.0,6936.01,5,0,6,3,0,0
LGS1ORD0002047,C000012,2025-06-12 01:00:00,Female,44,Platinum,Lazada,Songkhla,372,Health,WellPlus,False,4.37,Clearance,0.2,TV_Show,Credit_Card,1,3787.29,0.3,1136.19,2651.1,1,1,6,3,0,0
LGS1ORD0002048,C001176,2025-06-12 03:00:00,Female,45,Silver,Shopee,Khon Kaen,1238,Kitchen,KitchenMax,False,4.09,Campaign,0.05,Shopee,Credit_Card,1,1254.59,0.1,125.46,1129.13,3,3,6,3,0,0
LGS1ORD0002049,C000826,2025-06-12 05:00:00,Male,41,Bronze,TV,Chonburi,1512,Fashion,UrbanWear,False,3.75,Clearance,0.2,TV_Show,COD,1,843.01,0.23,193.89,649.12,3,5,6,3,0,1
LGS1ORD0002050,C000163,2025-06-12 07:00:00,Female,56,Bronze,Web,Nakhon Ratchasima,174,Health,VitaLife,True,4.05,Campaign,0.1,Lazada,Credit_Card,1,3922.83,0.13,509.97,3412.86,3,7,6,3,0,0
LGS1ORD0002051,C001167,2025-06-12 09:00:00,Female,66,Bronze,Web,Khon Kaen,1332,Fashion,FitStyle,False,3.6,Clearance,0.2,Shopee,COD,1,2499.26,0.23,574.83,1924.43,1,9,6,3,0,1
LGS1ORD0002052,C001064,2025-06-12 11:00:00,Male,37,Gold,Shopee,Remote_Area,1499,Health,VitaLife,False,4.16,No Promotion,0.0,Lazada,COD,1,3642.01,0.08,291.36,3350.65,3,11,6,3,0,0
LGS1ORD0002053,C000870,2025-06-12 13:00:00,Female,39,Silver,Shopee,Chiang Mai,1465,Cosmetics,Beauty Lab,False,4.04,Campaign,0.15,TV_Show,PromptPay,2,2108.31,0.2,843.32,3373.3,3,13,6,3,0,0
LGS1ORD0002054,C000866,2025-06-12 15:00:00,Female,42,Silver,TV,Chiang Mai,1068,Home_Appliance,HomePro,True,4.33,No Promotion,0.0,Shopee,Credit_Card,1,10491.16,0.05,524.56,9966.6,1,15,6,3,0,0
LGS1ORD0002055,C000781,2025-06-12 17:00:00,Female,49,Bronze,Web,Khon Kaen,1176,Home_Appliance,HomePro,True,3.82,Campaign,0.1,Shopee,COD,1,2313.93,0.13,300.81,2013.12,5,17,6,3,0,0
LGS1ORD0002056,C001192,2025-06-12 19:00:00,Female,42,Gold,Shopee,Khon Kaen,738,Home_Appliance,PureAir,False,4.11,No Promotion,0.0,CallCenter,Credit_Card,4,5919.59,0.08,1894.27,21784.11,1,19,6,3,0,0
LGS1ORD0002057,C000921,2025-06-12 20:00:00,Female,61,Bronze,TV,Remote_Area,891,Kitchen,KitchenMax,False,4.01,Clearance,0.2,Shopee,Bank_Transfer,2,3429.3,0.23,1577.48,5281.12,3,20,6,3,0,0
LGS1ORD0002058,C000997,2025-06-12 22:00:00,Male,42,Silver,TV,Phuket,1110,Home_Appliance,PureAir,True,4.11,Campaign,0.15,CallCenter,Credit_Card,1,3517.55,0.2,703.51,2814.04,3,22,6,3,0,0
LGS1ORD0002059,C000265,2025-06-13 00:00:00,Female,71,Gold,TV,Bangkok,477,Fashion,UrbanWear,False,3.51,Campaign,0.05,TV_Show,COD,2,447.5,0.13,116.35,778.66,4,0,6,4,0,0
LGS1ORD0002060,C000108,2025-06-13 02:00:00,Female,53,Bronze,Shopee,Bangkok,855,Kitchen,CookEasy,False,4.09,Clearance,0.2,Lazada,COD,1,5315.7,0.23,1222.61,4093.09,5,2,6,4,0,0
LGS1ORD0002061,C000617,2025-06-13 04:00:00,Male,40,Bronze,TV,Khon Kaen,177,Cosmetics,SunSafe,True,3.66,Campaign,0.1,TV_Show,COD,1,1299.89,0.13,168.99,1130.9,1,4,6,4,0,0
LGS1ORD0002062,C000646,2025-06-13 06:00:00,Female,42,Bronze,TV,Chonburi,1068,Electronics,NovaTech,False,3.66,No Promotion,0.0,Shopee,COD,2,10304.62,0.03,618.28,19990.96,3,6,6,4,0,0
LGS1ORD0002063,C000051,2025-06-13 08:00:00,Male,29,Bronze,Web,Bangkok,507,Kitchen,ChefHome,False,4.18,Campaign,0.15,Lazada,Credit_Card,2,3856.71,0.18,1388.41,6325.0,1,8,6,4,0,0
LGS1ORD0002064,C000473,2025-06-13 10:00:00,Female,71,Gold,Lazada,Bangkok,1519,Kitchen,KitchenMax,True,3.89,No Promotion,0.0,CallCenter,COD,2,3110.95,0.08,497.75,5724.14,3,10,6,4,0,1
LGS1ORD0002065,C000334,2025-06-13 12:00:00,Male,56,Bronze,TV,Remote_Area,1549,Home_Appliance,CleanMate,True,4.1,No Promotion,0.0,TV_Show,Credit_Card,3,1309.31,0.03,117.84,3810.09,5,12,6,4,0,0
LGS1ORD0002066,C000525,2025-06-13 14:00:00,Female,41,Gold,Lazada,Phuket,1308,Electronics,ShieldCase,True,3.63,Campaign,0.05,Web,PromptPay,2,3549.74,0.13,922.93,6176.55,3,14,6,4,0,1
LGS1ORD0002067,C000612,2025-06-13 15:00:00,Female,41,Bronze,TV,Bangkok,935,Kitchen,CookEasy,False,4.43,No Promotion,0.0,Shopee,PromptPay,2,3190.26,0.03,191.42,6189.11,1,15,6,4,0,0
LGS1ORD0002068,C000094,2025-06-13 17:00:00,Male,49,Silver,Shopee,Remote_Area,1588,Home_Appliance,CleanMate,False,3.81,Clearance,0.25,Lazada,COD,1,13047.78,0.3,3914.33,9133.45,3,17,6,4,0,0
LGS1ORD0002069,C000663,2025-06-13 19:00:00,Female,39,Bronze,Shopee,Chiang Mai,534,Health,VitaLife,False,4.26,Campaign,0.05,Lazada,COD,1,428.94,0.08,34.32,394.63,3,19,6,4,0,0
LGS1ORD0002070,C000281,2025-06-13 21:00:00,Female,32,Bronze,Web,Chiang Mai,355,Fashion,UrbanWear,False,3.22,Campaign,0.05,Shopee,Credit_Card,1,937.44,0.08,75.0,862.44,5,21,6,4,0,1
LGS1ORD0002071,C000460,2025-06-13 23:00:00,Male,34,Bronze,Lazada,Chonburi,763,Cosmetics,Beauty Lab,False,4.15,Clearance,0.2,TV_Show,COD,2,1256.39,0.23,577.94,1934.85,4,23,6,4,0,0
LGS1ORD0002072,C000637,2025-06-14 01:00:00,Female,57,Bronze,Lazada,Nakhon Ratchasima,708,Cosmetics,FreshLook,False,4.0,Campaign,0.1,TV_Show,COD,1,2203.78,0.13,286.49,1917.29,3,1,6,5,1,0
LGS1ORD0002073,C000375,2025-06-14 03:00:00,Male,51,Gold,TV,Nakhon Ratchasima,588,Kitchen,KitchenMax,False,3.83,Campaign,0.15,Lazada,COD,1,3838.18,0.2299999999999999,882.78,2955.4,3,3,6,5,1,0
LGS1ORD0002074,C000087,2025-06-14 05:00:00,Female,68,Platinum,TV,Nakhon Ratchasima,1214,Kitchen,CookEasy,True,3.86,Clearance,0.25,TV_Show,Credit_Card,2,1797.96,0.35,1258.57,2337.35,4,5,6,5,1,0
LGS1ORD0002075,C000720,2025-06-14 07:00:00,Other,38,Bronze,Lazada,Bangkok,275,Fashion,UrbanWear,False,3.72,Clearance,0.25,TV_Show,COD,2,2344.41,0.28,1312.87,3375.95,4,7,6,5,1,1
LGS1ORD0002076,C001160,2025-06-14 09:00:00,Female,18,Silver,Shopee,Bangkok,716,Fashion,FitStyle,False,3.51,Campaign,0.1,Web,Credit_Card,1,868.26,0.15,130.24,738.02,5,9,6,5,1,0
LGS1ORD0002077,C000461,2025-06-14 10:00:00,Male,37,Silver,TV,Khon Kaen,1141,Home_Appliance,CleanMate,True,3.85,Campaign,0.15,Shopee,COD,2,5240.34,0.2,2096.13,8384.54,5,10,6,5,1,0
LGS1ORD0002078,C000019,2025-06-14 12:00:00,Male,61,Platinum,TV,Phuket,1317,Fashion,SilkTouch,True,3.91,No Promotion,0.0,TV_Show,COD,1,639.69,0.1,63.97,575.72,5,12,6,5,1,1
LGS1ORD0002079,C000186,2025-06-14 14:00:00,Male,55,Bronze,TV,Phuket,1327,Cosmetics,Beauty Lab,False,4.18,Clearance,0.25,Web,COD,3,551.93,0.28,463.62,1192.18,4,14,6,5,1,0
LGS1ORD0002080,C000756,2025-06-14 16:00:00,Female,34,Bronze,TV,Remote_Area,866,Electronics,NovaTech,False,4.0,Campaign,0.15,TV_Show,Credit_Card,3,7921.57,0.18,4277.65,19487.07,3,16,6,5,1,1
LGS1ORD0002081,C000653,2025-06-14 18:00:00,Female,32,Gold,Lazada,Khon Kaen,208,Electronics,ShieldCase,False,3.54,Campaign,0.05,Lazada,Credit_Card,1,4820.4,0.13,626.65,4193.75,3,18,6,5,1,0
LGS1ORD0002082,C000887,2025-06-14 20:00:00,Male,36,Bronze,CallCenter,Bangkok,1368,Electronics,GadgetWorld,True,4.0,Campaign,0.05,Web,COD,1,2907.82,0.08,232.63,2675.19,5,20,6,5,1,0
LGS1ORD0002083,C000369,2025-06-14 22:00:00,Male,47,Silver,Lazada,Bangkok,1486,Electronics,NovaTech,False,3.68,Campaign,0.05,Web,PromptPay,1,4855.09,0.1,485.51,4369.58,3,22,6,5,1,0
LGS1ORD0002084,C000709,2025-06-15 00:00:00,Female,31,Bronze,Web,Bangkok,762,Electronics,ShieldCase,True,3.63,No Promotion,0.0,Shopee,Bank_Transfer,1,3305.29,0.03,99.16,3206.13,3,0,6,6,1,0
LGS1ORD0002085,C000141,2025-06-15 02:00:00,Male,54,Silver,Lazada,Songkhla,517,Electronics,ShieldCase,False,3.64,No Promotion,0.0,Lazada,COD,1,1004.53,0.05,50.23,954.3,5,2,6,6,1,0
LGS1ORD0002086,C000379,2025-06-15 04:00:00,Female,33,Bronze,TV,Phuket,857,Electronics,ShieldCase,False,3.63,Campaign,0.15,Web,COD,3,5370.45,0.18,2900.04,13211.3,3,4,6,6,1,1
LGS1ORD0002087,C000327,2025-06-15 05:00:00,Male,43,Silver,Lazada,Bangkok,1321,Cosmetics,Beauty Lab,False,4.21,Campaign,0.15,Web,COD,1,1980.24,0.2,396.05,1584.19,3,5,6,6,1,1
LGS1ORD0002088,C000429,2025-06-15 07:00:00,Male,49,Bronze,Web,Bangkok,909,Kitchen,CookEasy,False,3.98,Campaign,0.1,Shopee,Credit_Card,2,726.86,0.13,188.98,1264.74,4,7,6,6,1,0
LGS1ORD0002089,C001063,2025-06-15 09:00:00,Male,58,Bronze,Shopee,Songkhla,609,Kitchen,KitchenMax,True,3.89,Clearance,0.2,Lazada,COD,2,3048.52,0.23,1402.32,4694.71,5,9,6,6,1,1
LGS1ORD0002090,C000102,2025-06-15 11:00:00,Male,26,Bronze,TV,Chonburi,1407,Fashion,FitStyle,False,3.55,Campaign,0.05,Lazada,Bank_Transfer,1,898.63,0.08,71.89,826.74,1,11,6,6,1,0
LGS1ORD0002091,C000500,2025-06-15 13:00:00,Male,47,Silver,Shopee,Bangkok,1151,Fashion,FitStyle,False,3.62,No Promotion,0.0,Web,COD,1,2270.93,0.05,113.55,2157.38,3,13,6,6,1,0
LGS1ORD0002092,C000144,2025-06-15 15:00:00,Female,37,Platinum,Web,Khon Kaen,855,Fashion,UrbanWear,False,3.72,Campaign,0.05,TV_Show,Credit_Card,1,2315.8,0.15,347.37,1968.43,4,15,6,6,1,0
LGS1ORD0002093,C001001,2025-06-15 17:00:00,Male,40,Silver,TV,Songkhla,697,Electronics,ShieldCase,False,3.96,No Promotion,0.0,Shopee,COD,1,3182.15,0.05,159.11,3023.04,1,17,6,6,1,0
LGS1ORD0002094,C000195,2025-06-15 19:00:00,Female,27,Gold,TV,Khon Kaen,1551,Health,MediCare,False,3.79,Clearance,0.25,Lazada,COD,1,340.54,0.33,112.38,228.16,4,19,6,6,1,0
LGS1ORD0002095,C000050,2025-06-15 21:00:00,Female,47,Bronze,TV,Chonburi,1596,Fashion,SilkTouch,False,3.86,Campaign,0.15,Shopee,COD,1,2243.99,0.18,403.92,1840.07,5,21,6,6,1,0
LGS1ORD0002096,C001167,2025-06-15 23:00:00,Female,66,Bronze,Web,Khon Kaen,1335,Electronics,ShieldCase,True,4.33,Campaign,0.15,Web,PromptPay,1,4677.6,0.18,841.97,3835.64,5,23,6,6,1,0
LGS1ORD0002097,C000565,2025-06-16 00:00:00,Female,58,Bronze,TV,Remote_Area,1612,Health,MediCare,False,4.38,No Promotion,0.0,TV_Show,Bank_Transfer,1,2057.84,0.03,61.74,1996.11,1,0,6,0,0,0
LGS1ORD0002098,C001040,2025-06-16 02:00:00,Female,50,Silver,Web,Chiang Mai,186,Fashion,UrbanWear,False,3.68,Campaign,0.05,Shopee,Credit_Card,2,947.67,0.1,189.53,1705.8,5,2,6,0,0,1
LGS1ORD0002099,C000602,2025-06-16 04:00:00,Male,55,Gold,Web,Chiang Mai,1429,Home_Appliance,HomePro,False,4.04,Campaign,0.05,CallCenter,PromptPay,1,6468.9,0.13,840.96,5627.94,5,4,6,0,0,0
LGS1ORD0002100,C000144,2025-06-16 06:00:00,Female,37,Platinum,Web,Khon Kaen,856,Fashion,FitStyle,False,3.48,Campaign,0.05,CallCenter,COD,1,1821.56,0.15,273.23,1548.33,1,6,6,0,0,1
LGS1ORD0002101,C001112,2025-06-16 08:00:00,Male,49,Silver,Web,Khon Kaen,1156,Health,MediCare,True,4.31,Clearance,0.2,Lazada,Credit_Card,1,689.66,0.25,172.42,517.25,5,8,6,0,0,1
LGS1ORD0002102,C000137,2025-06-16 10:00:00,Male,50,Bronze,Web,Songkhla,1410,Health,MediCare,False,4.15,Campaign,0.15,Shopee,Credit_Card,2,4251.94,0.18,1530.7,6973.19,5,10,6,0,0,1
LGS1ORD0002103,C000050,2025-06-16 12:00:00,Female,47,Bronze,TV,Chonburi,1597,Fashion,FitStyle,False,3.53,No Promotion,0.0,TV_Show,Credit_Card,1,1859.88,0.03,55.8,1804.09,5,12,6,0,0,0
LGS1ORD0002104,C000605,2025-06-16 14:00:00,Female,40,Silver,TV,Chiang Mai,601,Home_Appliance,PureAir,False,4.0,No Promotion,0.0,TV_Show,Credit_Card,2,9999.59,0.05,999.96,18999.23,1,14,6,0,0,0
LGS1ORD0002105,C000744,2025-06-16 16:00:00,Female,52,Gold,TV,Remote_Area,1184,Electronics,GadgetWorld,False,4.05,Campaign,0.15,TV_Show,Credit_Card,1,3888.72,0.2299999999999999,894.41,2994.31,3,16,6,0,0,0
LGS1ORD0002106,C000325,2025-06-16 18:00:00,Male,41,Bronze,Web,Chonburi,759,Electronics,NovaTech,True,3.46,Clearance,0.2,Shopee,COD,1,6754.11,0.23,1553.45,5200.67,1,18,6,0,0,1
LGS1ORD0002107,C000548,2025-06-16 19:00:00,Male,66,Gold,Shopee,Phuket,1458,Cosmetics,FreshLook,False,3.86,No Promotion,0.0,TV_Show,PromptPay,1,2108.98,0.08,168.72,1940.27,5,19,6,0,0,0
LGS1ORD0002108,C000795,2025-06-16 21:00:00,Female,36,Silver,Shopee,Remote_Area,1015,Home_Appliance,PureAir,True,4.04,Campaign,0.15,Shopee,Credit_Card,1,7443.1,0.2,1488.62,5954.48,5,21,6,0,0,0
LGS1ORD0002109,C000544,2025-06-16 23:00:00,Female,38,Bronze,TV,Chiang Mai,306,Cosmetics,FreshLook,False,3.89,Campaign,0.15,TV_Show,COD,4,401.04,0.18,288.75,1315.41,1,23,6,0,0,0
LGS1ORD0002110,C000720,2025-06-17 01:00:00,Other,38,Bronze,Lazada,Bangkok,278,Cosmetics,Beauty Lab,False,4.21,No Promotion,0.0,Lazada,COD,1,2105.01,0.03,63.15,2041.86,1,1,6,1,0,0
LGS1ORD0002111,C000389,2025-06-17 03:00:00,Female,43,Bronze,Shopee,Khon Kaen,795,Electronics,NovaTech,False,4.03,Clearance,0.2,Web,COD,1,8583.83,0.23,1974.28,6609.55,3,3,6,1,0,0
LGS1ORD0002112,C000901,2025-06-17 05:00:00,Other,35,Bronze,TV,Remote_Area,1514,Home_Appliance,PureAir,True,4.08,Campaign,0.1,TV_Show,COD,3,1413.16,0.13,551.13,3688.34,4,5,6,1,0,1
LGS1ORD0002113,C000724,2025-06-17 07:00:00,Female,72,Silver,Lazada,Nakhon Ratchasima,784,Home_Appliance,CleanMate,True,4.11,Clearance,0.2,Shopee,Credit_Card,1,7359.25,0.25,1839.81,5519.43,3,7,6,1,0,0
LGS1ORD0002114,C000222,2025-06-17 09:00:00,Male,50,Silver,TV,Remote_Area,854,Home_Appliance,PureAir,True,4.25,Clearance,0.2,Shopee,COD,2,13801.71,0.25,6900.85,20702.56,5,9,6,1,0,1
LGS1ORD0002115,C001159,2025-06-17 11:00:00,Female,43,Bronze,TV,Chiang Mai,321,Cosmetics,FreshLook,False,4.05,No Promotion,0.0,Shopee,Bank_Transfer,2,708.39,0.03,42.5,1374.29,1,11,6,1,0,0
LGS1ORD0002116,C000316,2025-06-17 13:00:00,Female,27,Silver,TV,Chiang Mai,472,Home_Appliance,PureAir,True,4.25,No Promotion,0.0,CallCenter,PromptPay,2,14891.41,0.05,1489.14,28293.69,4,13,6,1,0,0
LGS1ORD0002117,C000553,2025-06-17 14:00:00,Male,53,Bronze,TV,Khon Kaen,1567,Health,MediCare,False,4.42,Campaign,0.15,TV_Show,PromptPay,2,2405.35,0.18,865.93,3944.77,1,14,6,1,0,0
LGS1ORD0002118,C000972,2025-06-17 16:00:00,Female,59,Silver,Shopee,Chiang Mai,467,Fashion,UrbanWear,False,3.8,Clearance,0.2,Lazada,Credit_Card,2,958.82,0.25,479.41,1438.23,3,16,6,1,0,0
LGS1ORD0002119,C000185,2025-06-17 18:00:00,Male,45,Platinum,Web,Khon Kaen,684,Kitchen,ChefHome,True,3.63,Clearance,0.25,Web,PromptPay,1,354.5,0.35,124.08,230.43,5,18,6,1,0,0
LGS1ORD0002120,C000619,2025-06-17 20:00:00,Female,70,Bronze,TV,Nakhon Ratchasima,1148,Home_Appliance,CleanMate,False,3.81,Campaign,0.1,Shopee,COD,1,12944.61,0.13,1682.8,11261.81,1,20,6,1,0,0
LGS1ORD0002121,C001023,2025-06-17 22:00:00,Male,45,Silver,Web,Bangkok,1543,Fashion,FitStyle,True,3.85,Campaign,0.1,Shopee,COD,1,1067.73,0.15,160.16,907.57,5,22,6,1,0,0
LGS1ORD0002122,C000361,2025-06-18 00:00:00,Female,41,Bronze,CallCenter,Phuket,225,Home_Appliance,PureAir,True,4.0,No Promotion,0.0,Web,COD,1,15104.49,0.03,453.13,14651.36,1,0,6,2,0,1
LGS1ORD0002123,C000493,2025-06-18 02:00:00,Female,37,Bronze,Shopee,Chiang Mai,569,Kitchen,ChefHome,True,3.63,Campaign,0.05,TV_Show,COD,1,337.54,0.08,27.0,310.53,4,2,6,2,0,0
LGS1ORD0002124,C000193,2025-06-18 04:00:00,Female,40,Silver,CallCenter,Chonburi,925,Electronics,NovaTech,True,3.5,No Promotion,0.0,Shopee,COD,2,7188.75,0.05,718.88,13658.63,3,4,6,2,0,1
LGS1ORD0002125,C000643,2025-06-18 06:00:00,Male,18,Bronze,Web,Bangkok,950,Electronics,ShieldCase,False,3.61,Clearance,0.25,TV_Show,COD,2,9089.06,0.28,5089.87,13088.25,4,6,6,2,0,0
LGS1ORD0002126,C000692,2025-06-18 08:00:00,Female,58,Bronze,TV,Chonburi,906,Home_Appliance,HomePro,False,4.09,Campaign,0.15,TV_Show,Credit_Card,1,15227.04,0.18,2740.87,12486.18,3,8,6,2,0,0
LGS1ORD0002127,C000258,2025-06-18 09:00:00,Female,26,Silver,Web,Bangkok,1358,Fashion,SilkTouch,False,3.62,Campaign,0.05,Lazada,COD,1,1619.19,0.1,161.92,1457.27,1,9,6,2,0,1
LGS1ORD0002128,C001000,2025-06-18 11:00:00,Male,33,Bronze,CallCenter,Bangkok,1343,Cosmetics,FreshLook,False,4.12,Campaign,0.1,Web,COD,1,196.79,0.13,25.58,171.21,3,11,6,2,0,0
LGS1ORD0002129,C000018,2025-06-18 13:00:00,Female,28,Silver,Web,Phuket,1543,Home_Appliance,CleanMate,True,3.75,Clearance,0.2,Shopee,Credit_Card,2,4830.39,0.25,2415.2,7245.59,3,13,6,2,0,1
LGS1ORD0002130,C000418,2025-06-18 15:00:00,Female,48,Gold,Web,Nakhon Ratchasima,795,Cosmetics,Beauty Lab,False,4.15,No Promotion,0.0,TV_Show,COD,1,1231.59,0.08,98.53,1133.07,5,15,6,2,0,0
LGS1ORD0002131,C000374,2025-06-18 17:00:00,Male,39,Gold,TV,Chiang Mai,1483,Kitchen,CookEasy,True,4.12,Clearance,0.25,CallCenter,Bank_Transfer,2,3061.89,0.33,2020.85,4102.93,5,17,6,2,0,1
LGS1ORD0002132,C000112,2025-06-18 19:00:00,Female,34,Bronze,TV,Chiang Mai,1297,Cosmetics,Beauty Lab,False,3.9,Campaign,0.1,Web,PromptPay,2,1684.08,0.13,437.86,2930.31,3,19,6,2,0,1
LGS1ORD0002133,C000517,2025-06-18 21:00:00,Female,19,Bronze,Web,Bangkok,1392,Health,WellPlus,True,3.95,Clearance,0.2,CallCenter,COD,2,1181.12,0.23,543.31,1818.92,4,21,6,2,0,0
LGS1ORD0002134,C000369,2025-06-18 23:00:00,Male,47,Silver,Lazada,Bangkok,1490,Cosmetics,SunSafe,True,4.02,Clearance,0.2,Web,COD,2,1031.7,0.25,515.85,1547.55,3,23,6,2,0,0
LGS1ORD0002135,C000672,2025-06-19 01:00:00,Male,47,Silver,CallCenter,Phuket,943,Electronics,NovaTech,True,3.94,Clearance,0.25,Web,PromptPay,2,11728.61,0.3,7037.16,16420.05,1,1,6,3,0,0
LGS1ORD0002136,C001035,2025-06-19 03:00:00,Male,36,Silver,Shopee,Khon Kaen,628,Kitchen,ChefHome,False,3.91,No Promotion,0.0,CallCenter,COD,4,4140.44,0.05,828.09,15733.69,5,3,6,3,0,0
LGS1ORD0002137,C000112,2025-06-19 04:00:00,Female,34,Bronze,TV,Chiang Mai,1298,Electronics,NovaTech,False,3.68,Clearance,0.25,Lazada,COD,2,4800.4,0.28,2688.22,6912.57,5,4,6,3,0,0
LGS1ORD0002138,C000251,2025-06-19 06:00:00,Female,37,Platinum,Web,Bangkok,1066,Fashion,UrbanWear,False,3.29,No Promotion,0.0,Shopee,COD,1,1113.23,0.1,111.32,1001.9,1,6,6,3,0,1
LGS1ORD0002139,C000426,2025-06-19 08:00:00,Male,45,Silver,Web,Nakhon Ratchasima,594,Fashion,UrbanWear,False,3.6,No Promotion,0.0,CallCenter,Bank_Transfer,2,820.37,0.05,82.04,1558.71,3,8,6,3,0,0
LGS1ORD0002140,C000836,2025-06-19 10:00:00,Male,31,Bronze,TV,Bangkok,1129,Fashion,UrbanWear,False,3.81,No Promotion,0.0,Web,PromptPay,1,1895.52,0.03,56.87,1838.65,3,10,6,3,0,0
LGS1ORD0002141,C000876,2025-06-19 12:00:00,Male,41,Bronze,CallCenter,Remote_Area,1329,Cosmetics,SunSafe,True,4.7,Campaign,0.15,Lazada,COD,1,1668.0,0.18,300.24,1367.76,3,12,6,3,0,0
LGS1ORD0002142,C000580,2025-06-19 14:00:00,Female,51,Silver,Shopee,Phuket,979,Cosmetics,FreshLook,False,3.89,Clearance,0.25,TV_Show,COD,1,397.53,0.3,119.26,278.27,3,14,6,3,0,0
LGS1ORD0002143,C001094,2025-06-19 16:00:00,Male,61,Gold,Web,Remote_Area,613,Electronics,NovaTech,False,3.38,Campaign,0.05,TV_Show,Credit_Card,1,8608.76,0.13,1119.14,7489.62,1,16,6,3,0,0
LGS1ORD0002144,C000238,2025-06-19 18:00:00,Female,53,Bronze,Web,Bangkok,719,Kitchen,ChefHome,False,4.32,Campaign,0.15,CallCenter,COD,1,4140.92,0.18,745.37,3395.56,3,18,6,3,0,0
LGS1ORD0002145,C000206,2025-06-19 20:00:00,Male,30,Gold,Web,Bangkok,796,Kitchen,ChefHome,False,4.27,Clearance,0.2,Lazada,Credit_Card,1,4354.5,0.28,1219.26,3135.24,5,20,6,3,0,0
LGS1ORD0002146,C000289,2025-06-19 22:00:00,Male,66,Gold,Web,Remote_Area,972,Cosmetics,SunSafe,False,3.9,No Promotion,0.0,Lazada,COD,2,1864.28,0.08,298.28,3430.27,3,22,6,3,0,0
LGS1ORD0002147,C000789,2025-06-20 00:00:00,Other,22,Bronze,Shopee,Chonburi,291,Electronics,ShieldCase,False,3.82,Campaign,0.15,Lazada,Credit_Card,1,7213.02,0.18,1298.34,5914.68,3,0,6,4,0,0
LGS1ORD0002148,C000432,2025-06-20 01:00:00,Female,45,Bronze,Web,Songkhla,582,Electronics,ShieldCase,False,3.61,Clearance,0.2,Shopee,COD,1,8528.88,0.23,1961.64,6567.24,1,1,6,4,0,1
LGS1ORD0002149,C000382,2025-06-20 03:00:00,Male,63,Silver,Shopee,Bangkok,1228,Electronics,GadgetWorld,False,3.83,No Promotion,0.0,Shopee,PromptPay,1,2188.94,0.05,109.45,2079.49,1,3,6,4,0,0
LGS1ORD0002150,C000434,2025-06-20 05:00:00,Male,47,Silver,Shopee,Khon Kaen,507,Home_Appliance,CleanMate,True,4.1,No Promotion,0.0,TV_Show,PromptPay,3,1304.43,0.05,195.66,3717.63,5,5,6,4,0,0
LGS1ORD0002151,C000166,2025-06-20 07:00:00,Male,22,Silver,Web,Chiang Mai,1472,Fashion,UrbanWear,False,3.51,Clearance,0.2,TV_Show,COD,3,463.9,0.25,347.92,1043.77,1,7,6,4,0,0
LGS1ORD0002152,C000514,2025-06-20 09:00:00,Female,53,Bronze,TV,Remote_Area,493,Electronics,NovaTech,False,4.03,No Promotion,0.0,Shopee,COD,1,8700.64,0.03,261.02,8439.62,3,9,6,4,0,1
LGS1ORD0002153,C000076,2025-06-20 11:00:00,Female,65,Platinum,Web,Nakhon Ratchasima,1511,Health,VitaLife,True,3.9,Clearance,0.25,TV_Show,PromptPay,1,855.52,0.35,299.43,556.09,3,11,6,4,0,0
LGS1ORD0002154,C000227,2025-06-20 13:00:00,Male,43,Gold,Web,Khon Kaen,1460,Cosmetics,FreshLook,False,4.0,Campaign,0.15,TV_Show,Credit_Card,2,347.93,0.2299999999999999,160.05,535.81,1,13,6,4,0,0
LGS1ORD0002155,C000250,2025-06-20 15:00:00,Male,40,Silver,TV,Chonburi,1013,Home_Appliance,PureAir,True,4.04,Campaign,0.05,Lazada,COD,1,7971.2,0.1,797.12,7174.08,4,15,6,4,0,0
LGS1ORD0002156,C000441,2025-06-20 17:00:00,Female,18,Platinum,Web,Khon Kaen,1556,Home_Appliance,PureAir,True,3.62,Campaign,0.15,CallCenter,Bank_Transfer,2,11280.65,0.25,5640.32,16920.97,3,17,6,4,0,0
LGS1ORD0002157,C001065,2025-06-20 19:00:00,Female,30,Bronze,TV,Chiang Mai,1391,Home_Appliance,PureAir,True,4.08,Campaign,0.15,Lazada,COD,4,1409.08,0.18,1014.54,4621.78,5,19,6,4,0,1
LGS1ORD0002158,C000312,2025-06-20 20:00:00,Male,39,Silver,Lazada,Bangkok,887,Health,VitaLife,False,4.39,No Promotion,0.0,Shopee,Credit_Card,2,2560.42,0.05,256.04,4864.79,1,20,6,4,0,0
LGS1ORD0002159,C001120,2025-06-20 22:00:00,Female,18,Bronze,TV,Khon Kaen,265,Home_Appliance,CleanMate,True,4.32,Campaign,0.1,Shopee,Credit_Card,1,4028.07,0.13,523.65,3504.42,3,22,6,4,0,0
LGS1ORD0002160,C001182,2025-06-21 00:00:00,Female,41,Gold,CallCenter,Phuket,908,Fashion,SilkTouch,False,3.73,No Promotion,0.0,TV_Show,PromptPay,2,680.7,0.08,108.91,1252.49,5,0,6,5,1,1
LGS1ORD0002161,C000367,2025-06-21 02:00:00,Male,46,Bronze,TV,Phuket,809,Health,MediCare,False,4.34,Campaign,0.15,Shopee,COD,1,1841.14,0.18,331.41,1509.73,1,2,6,5,1,0
LGS1ORD0002162,C000606,2025-06-21 04:00:00,Female,42,Silver,Web,Bangkok,534,Cosmetics,SunSafe,False,4.53,Campaign,0.05,TV_Show,Credit_Card,1,791.13,0.1,79.11,712.02,1,4,6,5,1,0
LGS1ORD0002163,C000229,2025-06-21 06:00:00,Female,27,Silver,Web,Chonburi,1474,Fashion,FitStyle,False,3.59,Campaign,0.15,Web,PromptPay,1,444.39,0.2,88.88,355.51,5,6,6,5,1,0
LGS1ORD0002164,C000552,2025-06-21 08:00:00,Female,34,Silver,TV,Khon Kaen,1465,Cosmetics,Beauty Lab,False,4.21,No Promotion,0.0,TV_Show,COD,2,2289.36,0.05,228.94,4349.78,3,8,6,5,1,1
LGS1ORD0002165,C000296,2025-06-21 10:00:00,Female,47,Bronze,TV,Remote_Area,1227,Home_Appliance,HomePro,False,4.29,Campaign,0.15,Web,COD,1,1573.15,0.18,283.17,1289.98,1,10,6,5,1,1
LGS1ORD0002166,C000429,2025-06-21 12:00:00,Male,49,Bronze,Web,Bangkok,915,Health,VitaLife,True,4.31,Clearance,0.25,Shopee,COD,1,2972.03,0.28,832.17,2139.86,1,12,6,5,1,0
LGS1ORD0002167,C000366,2025-06-21 14:00:00,Female,58,Platinum,Web,Chonburi,1543,Health,VitaLife,False,4.16,Campaign,0.15,Lazada,Bank_Transfer,1,3459.39,0.25,864.85,2594.55,1,14,6,5,1,0
LGS1ORD0002168,C000389,2025-06-21 15:00:00,Female,43,Bronze,Shopee,Khon Kaen,799,Health,WellPlus,True,4.22,Campaign,0.15,Shopee,Bank_Transfer,1,4058.33,0.18,730.5,3327.83,3,15,6,5,1,0
LGS1ORD0002169,C001124,2025-06-21 17:00:00,Male,29,Gold,Shopee,Bangkok,204,Kitchen,ChefHome,True,4.18,No Promotion,0.0,Lazada,COD,2,2404.13,0.08,384.66,4423.59,1,17,6,5,1,0
LGS1ORD0002170,C000583,2025-06-21 19:00:00,Male,54,Platinum,Web,Bangkok,325,Home_Appliance,CleanMate,False,4.58,Campaign,0.1,Lazada,COD,1,2377.33,0.2,475.47,1901.86,5,19,6,5,1,0
LGS1ORD0002171,C000019,2025-06-21 21:00:00,Male,61,Platinum,TV,Phuket,1324,Fashion,UrbanWear,False,3.6,Clearance,0.2,Lazada,COD,4,2158.23,0.3,2589.88,6043.06,5,21,6,5,1,1
LGS1ORD0002172,C000086,2025-06-21 23:00:00,Male,63,Bronze,TV,Phuket,1528,Cosmetics,Beauty Lab,True,4.08,Campaign,0.15,Lazada,COD,1,568.85,0.18,102.39,466.46,3,23,6,5,1,0
LGS1ORD0002173,C000647,2025-06-22 01:00:00,Female,59,Gold,Shopee,Chiang Mai,1593,Cosmetics,FreshLook,True,3.9,Campaign,0.1,Lazada,PromptPay,2,1150.79,0.18,414.28,1887.3,3,1,6,6,1,0
LGS1ORD0002174,C000329,2025-06-22 03:00:00,Male,52,Bronze,Web,Bangkok,287,Health,VitaLife,True,4.05,Campaign,0.15,Lazada,COD,1,3629.7,0.18,653.35,2976.36,1,3,6,6,1,0
LGS1ORD0002175,C000046,2025-06-22 05:00:00,Female,35,Bronze,CallCenter,Nakhon Ratchasima,1173,Home_Appliance,CleanMate,True,4.0,No Promotion,0.0,Lazada,COD,2,10832.43,0.03,649.95,21014.91,5,5,6,6,1,1
LGS1ORD0002176,C000334,2025-06-22 07:00:00,Male,56,Bronze,TV,Remote_Area,1558,Fashion,UrbanWear,False,3.49,Campaign,0.15,Lazada,PromptPay,1,526.01,0.18,94.68,431.33,1,7,6,6,1,1
LGS1ORD0002177,C001176,2025-06-22 09:00:00,Female,45,Silver,Shopee,Khon Kaen,1248,Cosmetics,SunSafe,True,4.1,Clearance,0.25,TV_Show,COD,1,602.94,0.3,180.88,422.06,3,9,6,6,1,0
LGS1ORD0002178,C001099,2025-06-22 10:00:00,Female,59,Silver,Shopee,Phuket,1076,Home_Appliance,HomePro,True,4.33,Campaign,0.05,Web,PromptPay,3,10637.92,0.1,3191.37,28722.37,3,10,6,6,1,1
LGS1ORD0002179,C000308,2025-06-22 12:00:00,Male,29,Bronze,Lazada,Bangkok,438,Electronics,GadgetWorld,True,4.0,No Promotion,0.0,Lazada,COD,2,2704.47,0.03,162.27,5246.67,4,12,6,6,1,0
LGS1ORD0002180,C001087,2025-06-22 14:00:00,Female,52,Bronze,TV,Khon Kaen,944,Cosmetics,Beauty Lab,True,4.13,Campaign,0.05,TV_Show,PromptPay,1,1722.99,0.08,137.84,1585.15,3,14,6,6,1,1
LGS1ORD0002181,C000861,2025-06-22 16:00:00,Female,52,Bronze,Lazada,Bangkok,1239,Home_Appliance,HomePro,True,3.76,Campaign,0.1,Lazada,PromptPay,2,12019.51,0.13,3125.07,20913.95,1,16,6,6,1,0
LGS1ORD0002182,C000517,2025-06-22 18:00:00,Female,19,Bronze,Web,Bangkok,1396,Health,MediCare,False,4.62,No Promotion,0.0,Lazada,COD,1,3094.81,0.03,92.84,3001.97,3,18,6,6,1,0
LGS1ORD0002183,C001094,2025-06-22 20:00:00,Male,61,Gold,Web,Remote_Area,616,Electronics,ShieldCase,False,3.69,Campaign,0.15,CallCenter,COD,1,6501.48,0.2299999999999999,1495.34,5006.14,3,20,6,6,1,1
LGS1ORD0002184,C000454,2025-06-22 22:00:00,Female,60,Bronze,TV,Remote_Area,932,Electronics,ShieldCase,False,3.63,No Promotion,0.0,Web,COD,1,5644.17,0.03,169.32,5474.84,1,22,6,6,1,1
LGS1ORD0002185,C000192,2025-06-23 00:00:00,Female,47,Bronze,TV,Bangkok,1022,Health,MediCare,False,4.24,Campaign,0.05,CallCenter,COD,1,1539.27,0.08,123.14,1416.13,1,0,6,0,0,0
LGS1ORD0002186,C000846,2025-06-23 02:00:00,Male,56,Silver,Lazada,Songkhla,1018,Fashion,UrbanWear,False,3.6,Clearance,0.2,Shopee,PromptPay,1,829.78,0.25,207.44,622.33,1,2,6,0,0,0
LGS1ORD0002187,C000647,2025-06-23 04:00:00,Female,59,Gold,Shopee,Chiang Mai,1594,Home_Appliance,HomePro,True,3.82,Campaign,0.05,Shopee,COD,1,2143.25,0.13,278.62,1864.63,3,4,6,0,0,0
LGS1ORD0002188,C000010,2025-06-23 05:00:00,Female,42,Bronze,Lazada,Songkhla,1459,Electronics,NovaTech,False,3.7,Campaign,0.1,Web,Credit_Card,1,6277.1,0.13,816.02,5461.08,1,5,6,0,0,1
LGS1ORD0002189,C000403,2025-06-23 07:00:00,Female,37,Platinum,Shopee,Remote_Area,718,Home_Appliance,CleanMate,True,4.06,Clearance,0.2,CallCenter,COD,2,5419.25,0.3,3251.55,7586.95,3,7,6,0,0,0
LGS1ORD0002190,C000736,2025-06-23 09:00:00,Male,22,Platinum,Lazada,Bangkok,1457,Home_Appliance,CleanMate,True,4.24,Campaign,0.05,Lazada,Credit_Card,2,7668.42,0.15,2300.53,13036.32,3,9,6,0,0,1
LGS1ORD0002191,C000173,2025-06-23 11:00:00,Male,49,Bronze,Web,Chiang Mai,683,Home_Appliance,CleanMate,False,4.05,Campaign,0.05,Web,Credit_Card,2,9779.69,0.08,1564.75,17994.62,3,11,6,0,0,0
LGS1ORD0002192,C000923,2025-06-23 13:00:00,Male,61,Silver,Lazada,Bangkok,303,Cosmetics,SunSafe,False,4.09,Clearance,0.2,CallCenter,COD,1,2106.09,0.25,526.52,1579.56,3,13,6,0,0,0
LGS1ORD0002193,C000013,2025-06-23 15:00:00,Female,31,Silver,Shopee,Remote_Area,1371,Home_Appliance,CleanMate,False,4.58,Campaign,0.05,Lazada,Credit_Card,2,2504.03,0.1,500.81,4507.25,3,15,6,0,0,0
LGS1ORD0002194,C000669,2025-06-23 17:00:00,Female,18,Silver,CallCenter,Chonburi,537,Electronics,NovaTech,True,3.5,Campaign,0.15,Web,COD,3,5177.79,0.2,3106.67,12426.69,5,17,6,0,0,0
LGS1ORD0002195,C000856,2025-06-23 19:00:00,Male,24,Bronze,Web,Songkhla,884,Electronics,ShieldCase,False,3.84,Campaign,0.15,Lazada,Bank_Transfer,3,1035.69,0.18,559.28,2547.81,3,19,6,0,0,0
LGS1ORD0002196,C000565,2025-06-23 21:00:00,Female,58,Bronze,TV,Remote_Area,1619,Home_Appliance,CleanMate,True,3.71,Campaign,0.1,Lazada,PromptPay,1,9584.16,0.13,1245.94,8338.22,1,21,6,0,0,1
LGS1ORD0002197,C000871,2025-06-23 23:00:00,Female,46,Bronze,Web,Chiang Mai,511,Home_Appliance,HomePro,False,4.29,Campaign,0.1,Web,COD,3,1478.73,0.13,576.7,3859.49,5,23,6,0,0,0
LGS1ORD0002198,C000494,2025-06-24 00:00:00,Female,65,Bronze,Lazada,Bangkok,570,Health,WellPlus,False,4.23,Campaign,0.1,Shopee,COD,1,1594.53,0.13,207.29,1387.24,1,0,6,1,0,0
LGS1ORD0002199,C000215,2025-06-24 02:00:00,Male,42,Bronze,Shopee,Bangkok,715,Electronics,GadgetWorld,False,3.78,Clearance,0.2,Lazada,COD,1,6220.02,0.23,1430.6,4789.41,3,2,6,1,0,1
LGS1ORD0002200,C000908,2025-06-24 04:00:00,Female,58,Silver,Web,Bangkok,664,Health,MediCare,False,4.62,Campaign,0.1,TV_Show,Credit_Card,2,3036.04,0.15,910.81,5161.26,3,4,6,1,0,0
LGS1ORD0002201,C000240,2025-06-24 06:00:00,Male,38,Silver,TV,Bangkok,808,Electronics,NovaTech,False,4.06,Campaign,0.05,Shopee,COD,1,10454.71,0.1,1045.47,9409.24,1,6,6,1,0,0
LGS1ORD0002202,C001057,2025-06-24 08:00:00,Female,61,Silver,TV,Khon Kaen,1442,Home_Appliance,HomePro,True,3.73,Campaign,0.1,Shopee,COD,2,10559.17,0.15,3167.75,17950.59,1,8,6,1,0,0
LGS1ORD0002203,C000874,2025-06-24 10:00:00,Male,18,Bronze,Web,Bangkok,1610,Home_Appliance,PureAir,False,4.11,No Promotion,0.0,Lazada,COD,1,5863.17,0.03,175.9,5687.28,5,10,6,1,0,0
LGS1ORD0002204,C000454,2025-06-24 12:00:00,Female,60,Bronze,TV,Remote_Area,934,Home_Appliance,CleanMate,False,3.89,Campaign,0.15,Web,COD,2,10198.44,0.18,3671.44,16725.43,5,12,6,1,0,0
LGS1ORD0002205,C000064,2025-06-24 14:00:00,Female,59,Silver,CallCenter,Phuket,1532,Fashion,SilkTouch,False,3.77,No Promotion,0.0,TV_Show,Bank_Transfer,2,1055.56,0.05,105.56,2005.57,1,14,6,1,0,0
LGS1ORD0002206,C000218,2025-06-24 16:00:00,Female,40,Bronze,Web,Phuket,1227,Home_Appliance,PureAir,True,4.2,Campaign,0.05,TV_Show,COD,2,10664.91,0.08,1706.39,19623.43,4,16,6,1,0,0
LGS1ORD0002207,C000344,2025-06-24 18:00:00,Female,50,Silver,Lazada,Bangkok,1417,Kitchen,CookEasy,False,4.09,Campaign,0.1,Web,Bank_Transfer,1,1354.38,0.15,203.16,1151.22,1,18,6,1,0,0
LGS1ORD0002208,C001065,2025-06-24 19:00:00,Female,30,Bronze,TV,Chiang Mai,1395,Fashion,UrbanWear,False,3.49,Campaign,0.15,Shopee,Bank_Transfer,1,543.69,0.18,97.86,445.82,4,19,6,1,0,0
LGS1ORD0002209,C000792,2025-06-24 21:00:00,Male,64,Bronze,Shopee,Nakhon Ratchasima,454,Cosmetics,SunSafe,False,3.75,Campaign,0.1,Web,Credit_Card,2,2108.97,0.13,548.33,3669.6,3,21,6,1,0,0
LGS1ORD0002210,C000470,2025-06-24 23:00:00,Male,33,Platinum,Lazada,Bangkok,686,Home_Appliance,CleanMate,False,4.07,No Promotion,0.0,Lazada,COD,1,7810.3,0.1,781.03,7029.27,5,23,6,1,0,0
LGS1ORD0002211,C000115,2025-06-25 01:00:00,Male,47,Bronze,Shopee,Khon Kaen,660,Home_Appliance,CleanMate,False,3.89,Campaign,0.1,Lazada,Credit_Card,4,9024.57,0.13,4692.78,31405.5,5,1,6,2,0,1
LGS1ORD0002212,C001165,2025-06-25 03:00:00,Male,72,Bronze,TV,Remote_Area,1421,Home_Appliance,PureAir,True,3.7,Campaign,0.15,CallCenter,PromptPay,2,3009.67,0.18,1083.48,4935.85,3,3,6,2,0,1
LGS1ORD0002213,C000922,2025-06-25 05:00:00,Female,64,Bronze,TV,Bangkok,366,Fashion,SilkTouch,False,3.43,Campaign,0.15,TV_Show,Credit_Card,2,1337.83,0.18,481.62,2194.05,3,5,6,2,0,0
LGS1ORD0002214,C000244,2025-06-25 07:00:00,Male,32,Platinum,Shopee,Chiang Mai,974,Health,VitaLife,False,4.19,No Promotion,0.0,Shopee,COD,1,3460.19,0.1,346.02,3114.17,4,7,6,2,0,0
LGS1ORD0002215,C000495,2025-06-25 09:00:00,Female,63,Gold,Web,Bangkok,199,Home_Appliance,PureAir,True,4.21,No Promotion,0.0,CallCenter,COD,1,12907.39,0.08,1032.59,11874.8,5,9,6,2,0,0
LGS1ORD0002216,C000701,2025-06-25 11:00:00,Female,43,Bronze,Lazada,Bangkok,1104,Cosmetics,Beauty Lab,False,4.22,Campaign,0.15,CallCenter,PromptPay,1,1565.68,0.18,281.82,1283.86,3,11,6,2,0,0
LGS1ORD0002217,C000016,2025-06-25 13:00:00,Male,18,Gold,TV,Bangkok,1406,Health,WellPlus,True,4.28,Campaign,0.05,TV_Show,COD,1,1434.3,0.13,186.46,1247.84,5,13,6,2,0,0
LGS1ORD0002218,C001024,2025-06-25 14:00:00,Female,46,Bronze,Shopee,Bangkok,424,Fashion,FitStyle,False,3.18,Campaign,0.15,Web,PromptPay,1,571.35,0.18,102.84,468.5,4,14,6,2,0,0
LGS1ORD0002219,C000826,2025-06-25 16:00:00,Male,41,Bronze,TV,Chonburi,1525,Home_Appliance,HomePro,False,3.71,Campaign,0.1,TV_Show,COD,1,7244.96,0.13,941.84,6303.11,1,16,6,2,0,1
LGS1ORD0002220,C000418,2025-06-25 18:00:00,Female,48,Gold,Web,Nakhon Ratchasima,802,Electronics,ShieldCase,False,3.69,Campaign,0.1,Web,COD,1,6620.75,0.18,1191.74,5429.02,1,18,6,2,0,0
LGS1ORD0002221,C000412,2025-06-25 20:00:00,Female,35,Platinum,Web,Khon Kaen,842,Kitchen,ChefHome,False,4.02,Clearance,0.25,Shopee,PromptPay,1,652.64,0.35,228.42,424.22,1,20,6,2,0,0
LGS1ORD0002222,C000905,2025-06-25 22:00:00,Male,40,Bronze,TV,Songkhla,438,Cosmetics,FreshLook,True,3.9,No Promotion,0.0,Shopee,Bank_Transfer,1,1138.51,0.03,34.16,1104.35,1,22,6,2,0,0
LGS1ORD0002223,C000227,2025-06-26 00:00:00,Male,43,Gold,Web,Khon Kaen,1466,Cosmetics,SunSafe,False,4.31,Clearance,0.2,Web,Bank_Transfer,1,479.31,0.28,134.21,345.1,4,0,6,3,0,1
LGS1ORD0002224,C000421,2025-06-26 02:00:00,Male,50,Bronze,TV,Khon Kaen,1110,Home_Appliance,CleanMate,True,4.08,Clearance,0.2,Shopee,PromptPay,2,12012.53,0.23,5525.76,18499.29,3,2,6,3,0,0
LGS1ORD0002225,C000947,2025-06-26 04:00:00,Male,53,Silver,Web,Songkhla,393,Fashion,SilkTouch,True,3.4,Campaign,0.15,TV_Show,PromptPay,1,1733.75,0.2,346.75,1387.0,1,4,6,3,0,1
LGS1ORD0002226,C001049,2025-06-26 06:00:00,Male,53,Bronze,Shopee,Remote_Area,624,Fashion,UrbanWear,False,3.68,Clearance,0.2,TV_Show,Credit_Card,1,1011.84,0.23,232.72,779.12,4,6,6,3,0,0
LGS1ORD0002227,C000865,2025-06-26 08:00:00,Female,49,Gold,TV,Bangkok,644,Fashion,SilkTouch,False,3.9,Campaign,0.15,Web,Credit_Card,1,749.38,0.2299999999999999,172.36,577.02,3,8,6,3,0,0
LGS1ORD0002228,C000825,2025-06-26 09:00:00,Male,38,Silver,Shopee,Khon Kaen,451,Fashion,SilkTouch,False,3.21,Clearance,0.2,Lazada,Bank_Transfer,1,2003.73,0.25,500.93,1502.8,4,9,6,3,0,1
LGS1ORD0002229,C000221,2025-06-26 11:00:00,Female,42,Gold,Lazada,Chonburi,1460,Electronics,ShieldCase,False,3.84,Campaign,0.15,Lazada,Credit_Card,1,1015.03,0.2299999999999999,233.46,781.58,3,11,6,3,0,0
LGS1ORD0002230,C000874,2025-06-26 13:00:00,Male,18,Bronze,Web,Bangkok,1612,Kitchen,ChefHome,False,4.08,Clearance,0.25,Web,COD,1,5306.89,0.28,1485.93,3820.96,3,13,6,3,0,0
LGS1ORD0002231,C000947,2025-06-26 15:00:00,Male,53,Silver,Web,Songkhla,393,Cosmetics,SunSafe,False,4.17,Clearance,0.2,Web,COD,1,1807.16,0.25,451.79,1355.37,3,15,6,3,0,0
LGS1ORD0002232,C000750,2025-06-26 17:00:00,Female,46,Bronze,Shopee,Phuket,1557,Kitchen,KitchenMax,True,3.84,Campaign,0.05,Shopee,Credit_Card,2,4856.33,0.08,777.01,8935.65,3,17,6,3,0,0
LGS1ORD0002233,C001140,2025-06-26 19:00:00,Male,30,Platinum,Shopee,Bangkok,598,Cosmetics,FreshLook,False,4.21,No Promotion,0.0,Shopee,COD,2,465.67,0.1,93.13,838.2,3,19,6,3,0,0
LGS1ORD0002234,C000201,2025-06-26 21:00:00,Other,55,Bronze,TV,Chonburi,768,Fashion,UrbanWear,False,3.82,Campaign,0.05,Web,COD,1,696.29,0.08,55.7,640.59,1,21,6,3,0,0
LGS1ORD0002235,C001021,2025-06-26 23:00:00,Female,29,Gold,Lazada,Phuket,428,Fashion,FitStyle,False,3.46,Campaign,0.15,TV_Show,COD,3,1515.88,0.2299999999999999,1045.96,3501.69,5,23,6,3,0,1
LGS1ORD0002236,C000506,2025-06-27 01:00:00,Male,42,Gold,TV,Chonburi,673,Kitchen,ChefHome,False,4.15,Campaign,0.1,Web,Credit_Card,2,4258.15,0.18,1532.93,6983.36,3,1,6,4,0,0
LGS1ORD0002237,C000450,2025-06-27 03:00:00,Female,55,Gold,TV,Chonburi,844,Home_Appliance,CleanMate,True,3.71,Clearance,0.2,Shopee,COD,1,9392.43,0.28,2629.88,6762.55,5,3,6,4,0,1
LGS1ORD0002238,C000936,2025-06-27 04:00:00,Male,36,Bronze,CallCenter,Chonburi,1063,Electronics,NovaTech,True,3.94,Clearance,0.2,Shopee,COD,1,11607.69,0.23,2669.77,8937.92,3,4,6,4,0,0
LGS1ORD0002239,C000017,2025-06-27 06:00:00,Female,42,Silver,Shopee,Nakhon Ratchasima,1132,Electronics,NovaTech,True,3.94,Clearance,0.2,Shopee,Credit_Card,1,1077.03,0.25,269.26,807.77,5,6,6,4,0,0
LGS1ORD0002240,C000830,2025-06-27 08:00:00,Female,56,Bronze,TV,Bangkok,435,Cosmetics,FreshLook,False,4.14,Campaign,0.05,TV_Show,PromptPay,3,1473.85,0.08,353.72,4067.83,5,8,6,4,0,0
LGS1ORD0002241,C001071,2025-06-27 10:00:00,Female,43,Silver,Lazada,Khon Kaen,873,Fashion,UrbanWear,False,3.51,Campaign,0.15,TV_Show,COD,1,475.77,0.2,95.15,380.61,3,10,6,4,0,1
LGS1ORD0002242,C000477,2025-06-27 12:00:00,Female,45,Silver,Web,Chonburi,1431,Electronics,ShieldCase,True,3.86,Campaign,0.05,CallCenter,Credit_Card,1,4298.93,0.1,429.89,3869.04,3,12,6,4,0,0
LGS1ORD0002243,C001099,2025-06-27 14:00:00,Female,59,Silver,Shopee,Phuket,1081,Fashion,UrbanWear,True,3.68,Campaign,0.1,TV_Show,COD,2,1927.18,0.15,578.15,3276.2,5,14,6,4,0,0
LGS1ORD0002244,C000466,2025-06-27 16:00:00,Male,41,Silver,Web,Chonburi,1005,Health,WellPlus,True,3.95,No Promotion,0.0,TV_Show,Credit_Card,1,1188.4,0.05,59.42,1128.98,3,16,6,4,0,0
LGS1ORD0002245,C000885,2025-06-27 18:00:00,Male,38,Bronze,Shopee,Remote_Area,723,Cosmetics,SunSafe,False,4.17,No Promotion,0.0,Lazada,COD,4,1908.73,0.03,229.05,7405.89,1,18,6,4,0,0
LGS1ORD0002246,C000869,2025-06-27 20:00:00,Female,46,Gold,Shopee,Bangkok,191,Electronics,NovaTech,False,3.6,Campaign,0.15,TV_Show,Credit_Card,2,8753.64,0.2299999999999999,4026.68,13480.61,5,20,6,4,0,0
LGS1ORD0002247,C000180,2025-06-27 22:00:00,Male,38,Silver,Lazada,Bangkok,1468,Health,VitaLife,False,4.47,Campaign,0.05,Shopee,Credit_Card,1,911.37,0.1,91.14,820.23,3,22,6,4,0,0
LGS1ORD0002248,C000336,2025-06-28 00:00:00,Female,18,Platinum,Lazada,Khon Kaen,1613,Home_Appliance,PureAir,False,4.2,No Promotion,0.0,TV_Show,Credit_Card,1,14128.48,0.1,1412.85,12715.63,3,0,6,5,1,0
LGS1ORD0002249,C001074,2025-06-28 01:00:00,Female,30,Bronze,Web,Bangkok,567,Cosmetics,SunSafe,True,3.98,Clearance,0.25,Lazada,COD,1,2100.26,0.28,588.07,1512.18,4,1,6,5,1,0
LGS1ORD0002250,C000943,2025-06-28 03:00:00,Female,37,Bronze,Shopee,Bangkok,1402,Home_Appliance,HomePro,True,3.97,Campaign,0.15,TV_Show,COD,1,9063.57,0.18,1631.44,7432.13,5,3,6,5,1,0
LGS1ORD0002251,C000593,2025-06-28 05:00:00,Female,19,Gold,Web,Chiang Mai,495,Health,WellPlus,False,4.15,No Promotion,0.0,Web,Credit_Card,4,2611.72,0.08,835.75,9611.12,3,5,6,5,1,0
LGS1ORD0002252,C000717,2025-06-28 07:00:00,Male,44,Bronze,TV,Phuket,675,Electronics,GadgetWorld,False,3.8,Campaign,0.15,TV_Show,Credit_Card,1,8774.54,0.18,1579.42,7195.13,4,7,6,5,1,0
LGS1ORD0002253,C000487,2025-06-28 09:00:00,Female,45,Gold,CallCenter,Bangkok,906,Cosmetics,Beauty Lab,False,4.18,Clearance,0.2,Shopee,COD,2,566.32,0.28,317.14,815.51,4,9,6,5,1,0
LGS1ORD0002254,C000555,2025-06-28 11:00:00,Female,30,Silver,TV,Chonburi,1213,Home_Appliance,CleanMate,True,4.0,Campaign,0.1,Shopee,Credit_Card,1,10716.01,0.15,1607.4,9108.61,4,11,6,5,1,0
LGS1ORD0002255,C000916,2025-06-28 13:00:00,Male,62,Bronze,Shopee,Bangkok,1263,Health,WellPlus,False,4.39,Campaign,0.05,Shopee,PromptPay,3,2327.91,0.08,558.7,6425.04,5,13,6,5,1,0
LGS1ORD0002256,C000989,2025-06-28 15:00:00,Female,56,Silver,Lazada,Chiang Mai,1597,Fashion,UrbanWear,True,3.78,Clearance,0.2,TV_Show,PromptPay,2,1598.5,0.25,799.25,2397.75,5,15,6,5,1,0
LGS1ORD0002257,C000233,2025-06-28 17:00:00,Female,50,Silver,Web,Remote_Area,1334,Health,MediCare,False,4.42,No Promotion,0.0,Shopee,COD,1,2369.09,0.05,118.45,2250.64,5,17,6,5,1,0
LGS1ORD0002258,C000628,2025-06-28 19:00:00,Male,43,Bronze,CallCenter,Bangkok,982,Home_Appliance,HomePro,False,4.09,Clearance,0.2,TV_Show,COD,4,14267.54,0.23,13126.14,43944.02,1,19,6,5,1,0
LGS1ORD0002259,C001001,2025-06-28 20:00:00,Male,40,Silver,TV,Songkhla,710,Electronics,ShieldCase,True,3.63,Campaign,0.05,TV_Show,Credit_Card,1,3565.27,0.1,356.53,3208.75,5,20,6,5,1,0
LGS1ORD0002260,C000753,2025-06-28 22:00:00,Female,47,Gold,TV,Songkhla,384,Kitchen,CookEasy,False,4.01,Clearance,0.2,Shopee,Credit_Card,1,1850.33,0.28,518.09,1332.24,5,22,6,5,1,0
LGS1ORD0002261,C000210,2025-06-29 00:00:00,Female,39,Bronze,Shopee,Chonburi,930,Fashion,SilkTouch,False,3.5,Clearance,0.2,Shopee,Credit_Card,1,1940.27,0.23,446.26,1494.01,4,0,6,6,1,0
LGS1ORD0002262,C000545,2025-06-29 02:00:00,Male,38,Bronze,TV,Nakhon Ratchasima,1328,Home_Appliance,HomePro,False,4.04,Clearance,0.25,TV_Show,PromptPay,1,6622.57,0.28,1854.32,4768.25,4,2,6,6,1,0
LGS1ORD0002263,C000407,2025-06-29 04:00:00,Female,19,Bronze,Shopee,Remote_Area,413,Fashion,SilkTouch,False,3.48,Clearance,0.2,Lazada,COD,2,1597.27,0.23,734.75,2459.8,5,4,6,6,1,1
LGS1ORD0002264,C000978,2025-06-29 06:00:00,Female,18,Gold,Shopee,Bangkok,1555,Health,WellPlus,False,4.14,No Promotion,0.0,Web,COD,1,759.1,0.08,60.73,698.37,1,6,6,6,1,0
LGS1ORD0002265,C000388,2025-06-29 08:00:00,Male,34,Gold,Shopee,Songkhla,1239,Health,VitaLife,True,3.9,No Promotion,0.0,Lazada,Credit_Card,3,906.95,0.08,217.67,2503.19,5,8,6,6,1,0
LGS1ORD0002266,C000309,2025-06-29 10:00:00,Male,58,Gold,TV,Bangkok,1408,Electronics,ShieldCase,True,4.04,No Promotion,0.0,Web,Credit_Card,1,10479.34,0.08,838.35,9641.0,4,10,6,6,1,0
LGS1ORD0002267,C000999,2025-06-29 12:00:00,Female,52,Bronze,TV,Phuket,1076,Kitchen,KitchenMax,True,4.13,Campaign,0.1,Shopee,COD,1,478.79,0.13,62.24,416.55,1,12,6,6,1,1
LGS1ORD0002268,C000831,2025-06-29 14:00:00,Male,60,Bronze,TV,Bangkok,1080,Home_Appliance,HomePro,False,3.71,No Promotion,0.0,Lazada,Credit_Card,2,7608.39,0.03,456.5,14760.27,1,14,6,6,1,0
LGS1ORD0002269,C000767,2025-06-29 15:00:00,Female,31,Gold,Shopee,Bangkok,379,Fashion,SilkTouch,True,3.4,Campaign,0.05,Web,COD,1,1594.11,0.13,207.23,1386.88,3,15,6,6,1,1
LGS1ORD0002270,C000076,2025-06-29 17:00:00,Female,65,Platinum,Web,Nakhon Ratchasima,1520,Electronics,GadgetWorld,False,3.61,Campaign,0.1,Shopee,PromptPay,4,4798.36,0.2,3838.69,15354.76,3,17,6,6,1,0
LGS1ORD0002271,C000724,2025-06-29 19:00:00,Female,72,Silver,Lazada,Nakhon Ratchasima,796,Home_Appliance,CleanMate,False,4.05,No Promotion,0.0,CallCenter,COD,1,9427.05,0.05,471.35,8955.69,1,19,6,6,1,0
LGS1ORD0002272,C001162,2025-06-29 21:00:00,Male,35,Bronze,CallCenter,Bangkok,1023,Cosmetics,FreshLook,True,4.1,Campaign,0.1,CallCenter,Bank_Transfer,1,1055.02,0.13,137.15,917.87,4,21,6,6,1,0
LGS1ORD0002273,C000663,2025-06-29 23:00:00,Female,39,Bronze,Shopee,Chiang Mai,550,Electronics,GadgetWorld,False,3.61,No Promotion,0.0,TV_Show,PromptPay,2,5413.24,0.03,324.79,10501.68,3,23,6,6,1,0
LGS1ORD0002274,C000227,2025-06-30 01:00:00,Male,43,Gold,Web,Khon Kaen,1470,Health,VitaLife,True,3.9,No Promotion,0.0,Shopee,Credit_Card,4,872.76,0.08,279.28,3211.74,5,1,6,0,0,0
LGS1ORD0002275,C000691,2025-06-30 03:00:00,Male,30,Gold,Web,Chiang Mai,1508,Electronics,ShieldCase,True,3.7,No Promotion,0.0,Shopee,COD,2,9831.17,0.08,1572.99,18089.36,4,3,6,0,0,0
LGS1ORD0002276,C001030,2025-06-30 05:00:00,Female,59,Silver,Web,Chonburi,648,Electronics,NovaTech,True,3.71,Clearance,0.25,Shopee,COD,4,2008.02,0.3,2409.62,5622.46,5,5,6,0,0,0
LGS1ORD0002277,C000853,2025-06-30 07:00:00,Male,34,Gold,Shopee,Songkhla,1462,Fashion,UrbanWear,False,3.81,No Promotion,0.0,Shopee,COD,1,1942.08,0.08,155.37,1786.71,1,7,6,0,0,1
LGS1ORD0002278,C000553,2025-06-30 09:00:00,Male,53,Bronze,TV,Khon Kaen,1580,Kitchen,ChefHome,False,4.02,No Promotion,0.0,TV_Show,COD,1,624.18,0.03,18.73,605.46,3,9,6,0,0,0
LGS1ORD0002279,C000397,2025-06-30 10:00:00,Male,47,Silver,CallCenter,Nakhon Ratchasima,1383,Home_Appliance,PureAir,False,4.37,No Promotion,0.0,TV_Show,Credit_Card,1,5895.56,0.05,294.78,5600.78,1,10,6,0,0,0
LGS1ORD0002280,C000272,2025-06-30 12:00:00,Female,43,Platinum,CallCenter,Chonburi,1480,Cosmetics,Beauty Lab,False,4.23,Campaign,0.1,Lazada,Bank_Transfer,1,1508.19,0.2,301.64,1206.55,3,12,6,0,0,0
LGS1ORD0002281,C000423,2025-06-30 14:00:00,Other,42,Silver,Shopee,Bangkok,1447,Electronics,NovaTech,False,3.81,Campaign,0.15,Web,COD,1,10371.25,0.2,2074.25,8297.0,4,14,6,0,0,0
LGS1ORD0002282,C000215,2025-06-30 16:00:00,Male,42,Bronze,Shopee,Bangkok,721,Fashion,FitStyle,False,3.7,Clearance,0.25,Lazada,PromptPay,4,546.78,0.28,612.4,1574.74,4,16,6,0,0,0
LGS1ORD0002283,C000529,2025-06-30 18:00:00,Female,44,Bronze,TV,Remote_Area,1203,Home_Appliance,PureAir,False,4.2,Campaign,0.15,Shopee,COD,1,14972.63,0.18,2695.07,12277.56,1,18,6,0,0,0
LGS1ORD0002284,C001029,2025-06-30 20:00:00,Male,19,Bronze,Shopee,Bangkok,557,Kitchen,CookEasy,False,3.92,Campaign,0.15,Shopee,COD,4,2821.8,0.18,2031.7,9255.52,1,20,6,0,0,1
LGS1ORD0002285,C000693,2025-06-30 22:00:00,Female,18,Gold,Web,Bangkok,1059,Cosmetics,Beauty Lab,False,3.89,No Promotion,0.0,TV_Show,Bank_Transfer,1,1043.3,0.08,83.46,959.84,4,22,6,0,0,0
LGS1ORD0002286,C000832,2025-07-01 00:00:00,Female,28,Bronze,CallCenter,Phuket,499,Cosmetics,Beauty Lab,True,4.08,No Promotion,0.0,Shopee,Credit_Card,2,539.68,0.03,32.38,1046.98,3,0,7,1,0,0
LGS1ORD0002287,C000862,2025-07-01 02:00:00,Female,39,Silver,TV,Khon Kaen,1523,Electronics,ShieldCase,False,3.63,Clearance,0.2,Web,COD,1,5614.19,0.25,1403.55,4210.64,3,2,7,1,0,1
LGS1ORD0002288,C000795,2025-07-01 04:00:00,Female,36,Silver,Shopee,Remote_Area,1030,Electronics,ShieldCase,False,3.7,Campaign,0.05,CallCenter,COD,2,11096.99,0.1,2219.4,19974.58,3,4,7,1,0,1
LGS1ORD0002289,C001078,2025-07-01 05:00:00,Male,57,Gold,Shopee,Chonburi,512,Cosmetics,SunSafe,False,4.53,No Promotion,0.0,Shopee,Bank_Transfer,3,834.43,0.08,200.26,2303.02,1,5,7,1,0,0
LGS1ORD0002290,C000822,2025-07-01 07:00:00,Female,44,Silver,TV,Bangkok,1639,Cosmetics,FreshLook,False,4.21,No Promotion,0.0,TV_Show,COD,2,875.44,0.05,87.54,1663.34,1,7,7,1,0,0
LGS1ORD0002291,C000992,2025-07-01 09:00:00,Female,29,Bronze,Shopee,Bangkok,636,Electronics,ShieldCase,False,3.8,Campaign,0.15,TV_Show,Credit_Card,1,6717.94,0.18,1209.23,5508.71,4,9,7,1,0,0
LGS1ORD0002292,C001055,2025-07-01 11:00:00,Male,44,Gold,Lazada,Chiang Mai,1341,Electronics,ShieldCase,False,3.64,Campaign,0.15,Lazada,Credit_Card,1,1048.54,0.2299999999999999,241.16,807.38,3,11,7,1,0,0
LGS1ORD0002293,C000120,2025-07-01 13:00:00,Male,48,Platinum,Web,Songkhla,961,Health,VitaLife,False,4.16,Campaign,0.15,Web,COD,1,3439.05,0.25,859.76,2579.28,3,13,7,1,0,0
LGS1ORD0002294,C000772,2025-07-01 15:00:00,Male,40,Gold,Web,Bangkok,453,Health,MediCare,False,4.55,Campaign,0.05,CallCenter,COD,1,781.74,0.13,101.63,680.11,4,15,7,1,0,0
LGS1ORD0002295,C000223,2025-07-01 17:00:00,Female,63,Gold,Web,Chiang Mai,1367,Kitchen,CookEasy,False,3.98,Campaign,0.15,Lazada,Bank_Transfer,2,769.89,0.2299999999999999,354.15,1185.63,1,17,7,1,0,1
LGS1ORD0002296,C000926,2025-07-01 19:00:00,Male,56,Bronze,TV,Songkhla,611,Cosmetics,SunSafe,True,3.96,No Promotion,0.0,Lazada,Credit_Card,2,288.67,0.03,17.32,560.02,1,19,7,1,0,0
LGS1ORD0002297,C000347,2025-07-01 21:00:00,Male,68,Bronze,Shopee,Khon Kaen,718,Home_Appliance,HomePro,True,3.97,Campaign,0.15,Web,Credit_Card,1,9540.73,0.18,1717.33,7823.4,3,21,7,1,0,0
LGS1ORD0002298,C000769,2025-07-01 23:00:00,Male,32,Bronze,Shopee,Chiang Mai,851,Kitchen,ChefHome,False,4.02,Campaign,0.1,CallCenter,COD,1,631.61,0.13,82.11,549.5,1,23,7,1,0,1
LGS1ORD0002299,C000957,2025-07-02 00:00:00,Female,42,Silver,Lazada,Chonburi,991,Kitchen,KitchenMax,True,4.54,No Promotion,0.0,TV_Show,COD,1,6013.22,0.05,300.66,5712.56,3,0,7,2,0,0
LGS1ORD0002300,C001144,2025-07-02 02:00:00,Male,66,Silver,Web,Bangkok,302,Kitchen,ChefHome,False,4.02,Campaign,0.05,CallCenter,COD,1,657.06,0.1,65.71,591.35,4,2,7,2,0,1
LGS1ORD0002301,C000105,2025-07-02 04:00:00,Male,46,Silver,TV,Khon Kaen,675,Home_Appliance,HomePro,False,3.71,Campaign,0.1,Lazada,PromptPay,4,7063.63,0.15,4238.18,24016.34,1,4,7,2,0,0
LGS1ORD0002302,C001195,2025-07-02 06:00:00,Female,35,Bronze,TV,Bangkok,934,Cosmetics,FreshLook,False,4.0,Campaign,0.05,TV_Show,Bank_Transfer,2,2182.78,0.08,349.24,4016.32,5,6,7,2,0,0
LGS1ORD0002303,C001141,2025-07-02 08:00:00,Female,31,Bronze,Web,Songkhla,537,Kitchen,CookEasy,False,3.81,Campaign,0.05,TV_Show,PromptPay,3,1567.61,0.08,376.23,4326.59,4,8,7,2,0,0
LGS1ORD0002304,C001138,2025-07-02 10:00:00,Male,26,Gold,Lazada,Khon Kaen,791,Fashion,UrbanWear,True,3.61,Campaign,0.15,TV_Show,COD,1,1153.33,0.2299999999999999,265.27,888.06,3,10,7,2,0,0
LGS1ORD0002305,C000531,2025-07-02 12:00:00,Male,30,Bronze,Web,Songkhla,320,Cosmetics,Beauty Lab,True,4.21,Campaign,0.15,CallCenter,COD,1,2215.05,0.18,398.71,1816.34,1,12,7,2,0,0
LGS1ORD0002306,C000730,2025-07-02 14:00:00,Female,59,Bronze,Shopee,Chiang Mai,268,Health,MediCare,True,4.31,Clearance,0.2,TV_Show,COD,1,732.53,0.23,168.48,564.05,3,14,7,2,0,0
LGS1ORD0002307,C000471,2025-07-02 16:00:00,Female,53,Bronze,Web,Nakhon Ratchasima,1589,Fashion,UrbanWear,False,3.29,Campaign,0.15,TV_Show,Bank_Transfer,2,1010.81,0.18,363.89,1657.72,3,16,7,2,0,1
LGS1ORD0002308,C000177,2025-07-02 18:00:00,Female,42,Gold,Shopee,Chonburi,1025,Health,MediCare,False,4.4,Campaign,0.05,Lazada,COD,1,3593.86,0.13,467.2,3126.66,5,18,7,2,0,0
LGS1ORD0002309,C000227,2025-07-02 19:00:00,Male,43,Gold,Web,Khon Kaen,1472,Electronics,ShieldCase,False,3.9,Campaign,0.1,Web,Credit_Card,1,2000.84,0.18,360.15,1640.69,3,19,7,2,0,0
LGS1ORD0002310,C000226,2025-07-02 21:00:00,Female,27,Platinum,Lazada,Songkhla,1349,Kitchen,KitchenMax,True,4.03,Campaign,0.05,CallCenter,Credit_Card,1,5204.55,0.15,780.68,4423.87,5,21,7,2,0,1
LGS1ORD0002311,C000053,2025-07-02 23:00:00,Female,29,Platinum,Shopee,Bangkok,478,Home_Appliance,HomePro,True,4.1,Campaign,0.05,Web,COD,3,3214.28,0.15,1446.42,8196.4,5,23,7,2,0,1
LGS1ORD0002312,C001150,2025-07-03 01:00:00,Female,55,Bronze,Lazada,Khon Kaen,416,Fashion,UrbanWear,False,3.51,Campaign,0.15,Web,COD,1,448.75,0.18,80.77,367.97,1,1,7,3,0,1
LGS1ORD0002313,C000023,2025-07-03 03:00:00,Male,46,Bronze,Shopee,Bangkok,274,Home_Appliance,PureAir,True,3.76,Clearance,0.2,TV_Show,Credit_Card,3,4279.57,0.23,2952.9,9885.81,1,3,7,3,0,0
LGS1ORD0002314,C001194,2025-07-03 05:00:00,Male,32,Platinum,TV,Bangkok,1561,Fashion,UrbanWear,False,3.61,No Promotion,0.0,Lazada,Credit_Card,3,1558.92,0.1,467.68,4209.1,3,5,7,3,0,0
LGS1ORD0002315,C000236,2025-07-03 07:00:00,Male,53,Gold,Lazada,Bangkok,1174,Fashion,FitStyle,False,3.68,Campaign,0.15,CallCenter,COD,2,1851.44,0.2299999999999999,851.66,2851.23,3,7,7,3,0,1
LGS1ORD0002316,C001041,2025-07-03 09:00:00,Female,38,Silver,CallCenter,Bangkok,1567,Fashion,UrbanWear,False,3.6,Campaign,0.15,TV_Show,Credit_Card,1,842.78,0.2,168.56,674.22,1,9,7,3,0,0
LGS1ORD0002317,C000734,2025-07-03 11:00:00,Female,59,Bronze,TV,Phuket,908,Health,MediCare,False,4.35,Campaign,0.1,Shopee,COD,3,3299.05,0.13,1286.63,8610.53,4,11,7,3,0,0
LGS1ORD0002318,C000795,2025-07-03 13:00:00,Female,36,Silver,Shopee,Remote_Area,1032,Electronics,ShieldCase,False,3.82,Clearance,0.2,Lazada,COD,4,6871.24,0.25,6871.24,20613.71,5,13,7,3,0,1
LGS1ORD0002319,C001092,2025-07-03 14:00:00,Female,46,Silver,TV,Songkhla,672,Kitchen,ChefHome,False,4.27,Campaign,0.1,TV_Show,PromptPay,1,4279.97,0.15,642.0,3637.97,4,14,7,3,0,0
LGS1ORD0002320,C001125,2025-07-03 16:00:00,Male,57,Bronze,TV,Phuket,1133,Electronics,NovaTech,True,3.46,Campaign,0.15,Web,COD,2,7701.11,0.18,2772.4,12629.81,1,16,7,3,0,1
LGS1ORD0002321,C000621,2025-07-03 18:00:00,Male,39,Silver,TV,Chiang Mai,636,Home_Appliance,PureAir,True,3.62,Campaign,0.05,Web,Bank_Transfer,3,11082.35,0.1,3324.71,29922.35,3,18,7,3,0,0
LGS1ORD0002322,C000455,2025-07-03 20:00:00,Male,39,Bronze,TV,Phuket,271,Fashion,SilkTouch,False,3.86,Clearance,0.2,Shopee,COD,4,553.77,0.23,509.47,1705.62,3,20,7,3,0,0
LGS1ORD0002323,C000832,2025-07-03 22:00:00,Female,28,Bronze,CallCenter,Phuket,501,Health,VitaLife,False,4.44,No Promotion,0.0,Shopee,COD,1,1466.09,0.03,43.98,1422.11,3,22,7,3,0,0
LGS1ORD0002324,C000246,2025-07-04 00:00:00,Male,32,Bronze,Shopee,Bangkok,541,Fashion,FitStyle,False,3.75,Clearance,0.2,Shopee,Bank_Transfer,1,2095.99,0.23,482.08,1613.92,1,0,7,4,0,0
LGS1ORD0002325,C000409,2025-07-04 02:00:00,Female,34,Silver,Web,Bangkok,997,Fashion,SilkTouch,False,3.86,Campaign,0.1,Lazada,COD,2,530.28,0.15,159.08,901.48,1,2,7,4,0,0
LGS1ORD0002326,C000232,2025-07-04 04:00:00,Female,57,Silver,Web,Bangkok,1229,Fashion,FitStyle,False,3.44,Campaign,0.1,Lazada,PromptPay,2,811.02,0.15,243.31,1378.74,4,4,7,4,0,1
LGS1ORD0002327,C000896,2025-07-04 06:00:00,Female,37,Bronze,TV,Remote_Area,1620,Home_Appliance,CleanMate,True,4.08,Clearance,0.25,Shopee,COD,4,12983.52,0.28,14541.54,37392.53,4,6,7,4,0,0
LGS1ORD0002328,C000309,2025-07-04 08:00:00,Male,58,Gold,TV,Bangkok,1413,Kitchen,ChefHome,False,4.29,No Promotion,0.0,Web,COD,1,1368.81,0.08,109.5,1259.3,1,8,7,4,0,1
LGS1ORD0002329,C000659,2025-07-04 09:00:00,Female,29,Bronze,TV,Remote_Area,264,Kitchen,ChefHome,True,3.95,Campaign,0.05,Shopee,COD,2,1373.76,0.08,219.8,2527.71,5,9,7,4,0,0
LGS1ORD0002330,C001115,2025-07-04 11:00:00,Female,32,Platinum,Web,Nakhon Ratchasima,1490,Health,WellPlus,False,4.23,Clearance,0.2,TV_Show,Credit_Card,2,1534.45,0.3,920.67,2148.23,1,11,7,4,0,0
LGS1ORD0002331,C000207,2025-07-04 13:00:00,Female,49,Silver,CallCenter,Remote_Area,1063,Cosmetics,FreshLook,False,3.94,Clearance,0.2,TV_Show,Credit_Card,1,942.64,0.25,235.66,706.98,1,13,7,4,0,0
LGS1ORD0002332,C000138,2025-07-04 15:00:00,Female,61,Bronze,TV,Phuket,644,Home_Appliance,HomePro,True,4.07,Clearance,0.2,Lazada,Credit_Card,1,1211.91,0.23,278.74,933.17,3,15,7,4,0,0
LGS1ORD0002333,C000654,2025-07-04 17:00:00,Female,57,Gold,TV,Chonburi,541,Electronics,ShieldCase,False,3.84,No Promotion,0.0,Lazada,Credit_Card,1,1068.03,0.08,85.44,982.59,4,17,7,4,0,0
LGS1ORD0002334,C000060,2025-07-04 19:00:00,Male,42,Bronze,Shopee,Songkhla,575,Home_Appliance,PureAir,True,4.11,Campaign,0.1,Web,PromptPay,1,3407.51,0.13,442.98,2964.53,5,19,7,4,0,0
LGS1ORD0002335,C001056,2025-07-04 21:00:00,Female,42,Silver,TV,Bangkok,975,Electronics,GadgetWorld,False,3.83,No Promotion,0.0,Lazada,PromptPay,2,2171.77,0.05,217.18,4126.36,1,21,7,4,0,0
LGS1ORD0002336,C001058,2025-07-04 23:00:00,Female,45,Bronze,Web,Khon Kaen,320,Home_Appliance,HomePro,True,3.76,Campaign,0.1,Web,COD,3,12861.01,0.13,5015.8,33567.25,1,23,7,4,0,0
LGS1ORD0002337,C000415,2025-07-05 01:00:00,Female,47,Gold,Lazada,Phuket,1200,Cosmetics,SunSafe,True,4.7,Campaign,0.15,Lazada,COD,1,1822.07,0.2299999999999999,419.08,1403.0,1,1,7,5,1,0
LGS1ORD0002338,C000197,2025-07-05 03:00:00,Male,27,Bronze,Shopee,Remote_Area,277,Home_Appliance,HomePro,False,4.09,No Promotion,0.0,Web,Bank_Transfer,3,15480.74,0.03,1393.27,45048.96,5,3,7,5,1,0
LGS1ORD0002339,C000081,2025-07-05 04:00:00,Male,45,Bronze,CallCenter,Remote_Area,386,Electronics,NovaTech,False,3.7,Campaign,0.1,Web,PromptPay,1,6541.37,0.13,850.38,5690.99,4,4,7,5,1,0
LGS1ORD0002340,C000742,2025-07-05 06:00:00,Female,50,Bronze,Shopee,Chiang Mai,729,Kitchen,ChefHome,False,4.16,No Promotion,0.0,CallCenter,COD,2,1653.86,0.03,99.23,3208.49,1,6,7,5,1,0
LGS1ORD0002341,C000301,2025-07-05 08:00:00,Male,31,Silver,TV,Khon Kaen,1479,Health,VitaLife,True,4.31,Campaign,0.15,TV_Show,COD,2,3097.77,0.2,1239.11,4956.42,1,8,7,5,1,0
LGS1ORD0002342,C000360,2025-07-05 10:00:00,Female,50,Platinum,Shopee,Songkhla,314,Electronics,ShieldCase,True,3.43,Campaign,0.1,Lazada,Bank_Transfer,2,5476.1,0.2,2190.44,8761.76,5,10,7,5,1,0
LGS1ORD0002343,C000382,2025-07-05 12:00:00,Male,63,Silver,Shopee,Bangkok,1243,Health,WellPlus,False,4.29,Campaign,0.1,Lazada,COD,2,2459.74,0.15,737.92,4181.56,3,12,7,5,1,0
LGS1ORD0002344,C000277,2025-07-05 14:00:00,Male,44,Bronze,Shopee,Bangkok,1106,Kitchen,CookEasy,False,3.92,Campaign,0.05,Shopee,Credit_Card,3,2915.86,0.08,699.81,8047.78,1,14,7,5,1,0
LGS1ORD0002345,C000078,2025-07-05 16:00:00,Male,33,Bronze,Lazada,Bangkok,834,Health,VitaLife,False,4.39,No Promotion,0.0,Shopee,PromptPay,1,2702.32,0.03,81.07,2621.25,1,16,7,5,1,0
LGS1ORD0002346,C000113,2025-07-05 18:00:00,Male,30,Silver,Web,Khon Kaen,641,Electronics,NovaTech,False,3.89,Campaign,0.05,TV_Show,COD,1,6385.71,0.1,638.57,5747.14,4,18,7,5,1,0
LGS1ORD0002347,C000808,2025-07-05 20:00:00,Male,45,Bronze,Shopee,Khon Kaen,608,Cosmetics,SunSafe,False,4.24,Campaign,0.1,CallCenter,Bank_Transfer,1,1915.71,0.13,249.04,1666.66,4,20,7,5,1,0
LGS1ORD0002348,C000737,2025-07-05 22:00:00,Male,51,Bronze,CallCenter,Bangkok,1524,Cosmetics,Beauty Lab,False,4.03,No Promotion,0.0,TV_Show,Credit_Card,2,1795.28,0.03,107.72,3482.84,1,22,7,5,1,0
LGS1ORD0002349,C000051,2025-07-06 00:00:00,Male,29,Bronze,Web,Bangkok,530,Home_Appliance,HomePro,True,4.07,Campaign,0.1,Shopee,Credit_Card,2,1189.71,0.13,309.32,2070.1,4,0,7,6,1,0
LGS1ORD0002350,C000665,2025-07-06 01:00:00,Male,39,Silver,TV,Khon Kaen,803,Kitchen,KitchenMax,True,4.1,No Promotion,0.0,TV_Show,COD,1,2959.59,0.05,147.98,2811.61,3,1,7,6,1,0
LGS1ORD0002351,C000918,2025-07-06 03:00:00,Male,59,Silver,Web,Bangkok,616,Health,WellPlus,True,3.95,Campaign,0.15,Web,COD,2,1159.62,0.2,463.85,1855.4,4,3,7,6,1,0
LGS1ORD0002352,C000721,2025-07-06 05:00:00,Female,36,Bronze,Web,Remote_Area,794,Electronics,NovaTech,True,3.94,No Promotion,0.0,Web,Credit_Card,2,1038.69,0.03,62.32,2015.06,4,5,7,6,1,0
LGS1ORD0002353,C000469,2025-07-06 07:00:00,Female,58,Bronze,Shopee,Chiang Mai,764,Home_Appliance,CleanMate,False,3.89,No Promotion,0.0,Shopee,COD,2,9218.05,0.03,553.08,17883.01,5,7,7,6,1,0
LGS1ORD0002354,C000281,2025-07-06 09:00:00,Female,32,Bronze,Web,Chiang Mai,378,Electronics,GadgetWorld,False,3.57,Campaign,0.05,TV_Show,COD,1,574.42,0.08,45.95,528.47,5,9,7,6,1,0
LGS1ORD0002355,C000189,2025-07-06 11:00:00,Male,66,Bronze,CallCenter,Bangkok,1447,Fashion,FitStyle,False,3.72,Clearance,0.2,TV_Show,Credit_Card,3,1935.75,0.23,1335.67,4471.59,1,11,7,6,1,0
LGS1ORD0002356,C000446,2025-07-06 13:00:00,Male,49,Bronze,Web,Nakhon Ratchasima,967,Home_Appliance,HomePro,True,3.76,Campaign,0.15,CallCenter,COD,1,12912.05,0.18,2324.17,10587.88,3,13,7,6,1,0
LGS1ORD0002357,C000084,2025-07-06 15:00:00,Male,52,Silver,Shopee,Bangkok,1458,Fashion,UrbanWear,False,3.51,No Promotion,0.0,CallCenter,PromptPay,2,463.44,0.05,46.34,880.54,3,15,7,6,1,0
LGS1ORD0002358,C000529,2025-07-06 17:00:00,Female,44,Bronze,TV,Remote_Area,1209,Electronics,ShieldCase,False,3.96,No Promotion,0.0,Web,PromptPay,1,3320.66,0.03,99.62,3221.04,5,17,7,6,1,0
LGS1ORD0002359,C000336,2025-07-06 19:00:00,Female,18,Platinum,Lazada,Khon Kaen,1621,Home_Appliance,PureAir,False,4.02,Campaign,0.1,TV_Show,Bank_Transfer,1,12148.52,0.2,2429.7,9718.82,5,19,7,6,1,0
LGS1ORD0002360,C000845,2025-07-06 20:00:00,Female,45,Bronze,Shopee,Chiang Mai,1633,Health,VitaLife,False,4.26,Campaign,0.15,CallCenter,Credit_Card,2,421.71,0.18,151.82,691.6,3,20,7,6,1,0
LGS1ORD0002361,C000785,2025-07-06 22:00:00,Male,51,Gold,CallCenter,Khon Kaen,1170,Electronics,ShieldCase,False,3.61,Campaign,0.05,Shopee,COD,1,9208.61,0.13,1197.12,8011.49,4,22,7,6,1,0
LGS1ORD0002362,C000800,2025-07-07 00:00:00,Male,31,Platinum,Lazada,Songkhla,430,Kitchen,ChefHome,False,4.08,Campaign,0.15,Shopee,Credit_Card,4,5488.73,0.25,5488.73,16466.2,3,0,7,0,0,0
LGS1ORD0002363,C000623,2025-07-07 02:00:00,Male,46,Bronze,Shopee,Chonburi,1500,Electronics,ShieldCase,False,3.9,Campaign,0.1,TV_Show,COD,1,2022.89,0.13,262.98,1759.92,3,2,7,0,0,0
LGS1ORD0002364,C000815,2025-07-07 04:00:00,Female,45,Bronze,Shopee,Khon Kaen,648,Fashion,UrbanWear,False,3.22,No Promotion,0.0,CallCenter,Credit_Card,1,832.54,0.03,24.98,807.56,3,4,7,0,0,0
LGS1ORD0002365,C000491,2025-07-07 06:00:00,Female,34,Gold,Web,Chonburi,1164,Health,VitaLife,False,4.19,Campaign,0.05,Web,Credit_Card,1,3656.89,0.13,475.4,3181.49,5,6,7,0,0,0
LGS1ORD0002366,C000238,2025-07-07 08:00:00,Female,53,Bronze,Web,Bangkok,737,Home_Appliance,PureAir,True,3.76,No Promotion,0.0,Lazada,PromptPay,2,4054.76,0.03,243.29,7866.23,5,8,7,0,0,0
LGS1ORD0002367,C000036,2025-07-07 10:00:00,Male,47,Bronze,Shopee,Chiang Mai,613,Kitchen,ChefHome,False,4.29,Clearance,0.2,Lazada,COD,2,1334.71,0.23,613.97,2055.45,3,10,7,0,0,0
LGS1ORD0002368,C000877,2025-07-07 12:00:00,Female,29,Bronze,TV,Songkhla,518,Health,VitaLife,False,3.95,Campaign,0.05,Shopee,PromptPay,1,1811.07,0.08,144.89,1666.19,3,12,7,0,0,0
LGS1ORD0002369,C000254,2025-07-07 14:00:00,Female,49,Gold,CallCenter,Bangkok,627,Kitchen,CookEasy,True,4.09,Clearance,0.25,Web,COD,2,4768.46,0.33,3147.18,6389.74,4,14,7,0,0,0
LGS1ORD0002370,C001042,2025-07-07 15:00:00,Female,63,Gold,Lazada,Khon Kaen,558,Fashion,UrbanWear,False,3.82,Campaign,0.1,Shopee,COD,1,668.46,0.18,120.32,548.14,1,15,7,0,0,0
LGS1ORD0002371,C000013,2025-07-07 17:00:00,Female,31,Silver,Shopee,Remote_Area,1385,Cosmetics,Beauty Lab,False,4.03,Campaign,0.15,Shopee,COD,3,1814.66,0.2,1088.79,4355.17,4,17,7,0,0,1
LGS1ORD0002372,C000731,2025-07-07 19:00:00,Male,40,Silver,Web,Bangkok,346,Kitchen,KitchenMax,False,4.09,Campaign,0.15,Lazada,Credit_Card,3,5137.72,0.2,3082.63,12330.54,3,19,7,0,0,0
LGS1ORD0002373,C000256,2025-07-07 21:00:00,Female,62,Bronze,Shopee,Remote_Area,1422,Fashion,SilkTouch,True,3.91,No Promotion,0.0,Web,PromptPay,2,666.25,0.03,39.97,1292.52,1,21,7,0,0,0
LGS1ORD0002374,C001032,2025-07-07 23:00:00,Male,48,Silver,TV,Chonburi,1072,Cosmetics,SunSafe,False,4.09,Campaign,0.15,Shopee,Credit_Card,2,2121.88,0.2,848.75,3395.01,1,23,7,0,0,0
LGS1ORD0002375,C000884,2025-07-08 01:00:00,Male,27,Bronze,Shopee,Chonburi,1428,Home_Appliance,CleanMate,True,4.1,No Promotion,0.0,Shopee,COD,1,1345.92,0.03,40.38,1305.54,3,1,7,1,0,0
LGS1ORD0002376,C000541,2025-07-08 03:00:00,Male,61,Bronze,TV,Chiang Mai,1351,Kitchen,CookEasy,False,4.05,Campaign,0.15,TV_Show,Credit_Card,3,2275.69,0.18,1228.87,5598.2,1,3,7,1,0,0
LGS1ORD0002377,C001090,2025-07-08 05:00:00,Male,53,Gold,TV,Bangkok,408,Cosmetics,SunSafe,False,4.31,Campaign,0.05,Web,Bank_Transfer,3,466.06,0.13,181.76,1216.41,3,5,7,1,0,0
LGS1ORD0002378,C000070,2025-07-08 07:00:00,Female,53,Gold,TV,Nakhon Ratchasima,1306,Health,MediCare,False,3.79,No Promotion,0.0,CallCenter,COD,1,333.93,0.08,26.71,307.22,5,7,7,1,0,0
LGS1ORD0002379,C000069,2025-07-08 09:00:00,Female,26,Bronze,Lazada,Khon Kaen,930,Electronics,NovaTech,False,3.38,No Promotion,0.0,CallCenter,PromptPay,3,8280.86,0.03,745.28,24097.3,3,9,7,1,0,1
LGS1ORD0002380,C001098,2025-07-08 10:00:00,Male,39,Silver,Web,Phuket,1511,Fashion,SilkTouch,False,3.9,Campaign,0.05,Web,COD,1,624.57,0.1,62.46,562.11,5,10,7,1,0,1
LGS1ORD0002381,C000167,2025-07-08 12:00:00,Female,53,Bronze,TV,Remote_Area,828,Electronics,ShieldCase,False,3.9,Campaign,0.05,Lazada,Credit_Card,2,1869.73,0.08,299.16,3440.3,1,12,7,1,0,0
LGS1ORD0002382,C001020,2025-07-08 14:00:00,Male,23,Silver,Web,Bangkok,252,Fashion,UrbanWear,False,3.61,Campaign,0.15,TV_Show,PromptPay,2,1657.84,0.2,663.13,2652.54,3,14,7,1,0,0
LGS1ORD0002383,C000524,2025-07-08 16:00:00,Female,45,Platinum,CallCenter,Bangkok,1282,Electronics,NovaTech,True,3.46,Clearance,0.25,Web,Credit_Card,1,7116.02,0.35,2490.61,4625.41,1,16,7,1,0,0
LGS1ORD0002384,C000795,2025-07-08 18:00:00,Female,36,Silver,Shopee,Remote_Area,1037,Electronics,NovaTech,True,3.64,Campaign,0.15,Lazada,COD,2,1451.02,0.2,580.41,2321.63,5,18,7,1,0,1
LGS1ORD0002385,C000503,2025-07-08 20:00:00,Male,42,Gold,Lazada,Bangkok,1505,Electronics,NovaTech,False,3.81,Campaign,0.1,Web,Credit_Card,1,10482.09,0.18,1886.78,8595.32,3,20,7,1,0,0
LGS1ORD0002386,C000015,2025-07-08 22:00:00,Female,46,Gold,Shopee,Chonburi,370,Fashion,FitStyle,False,3.72,No Promotion,0.0,Shopee,COD,1,1989.96,0.08,159.2,1830.77,4,22,7,1,0,0
LGS1ORD0002387,C000724,2025-07-09 00:00:00,Female,72,Silver,Lazada,Nakhon Ratchasima,806,Home_Appliance,HomePro,False,3.71,Clearance,0.2,Shopee,COD,1,7380.32,0.25,1845.08,5535.24,3,0,7,2,0,1
LGS1ORD0002388,C000146,2025-07-09 02:00:00,Female,53,Silver,TV,Remote_Area,413,Health,WellPlus,True,4.22,Campaign,0.15,TV_Show,Credit_Card,1,4031.21,0.2,806.24,3224.97,5,2,7,2,0,0
LGS1ORD0002389,C000217,2025-07-09 04:00:00,Male,57,Bronze,TV,Remote_Area,340,Cosmetics,SunSafe,False,4.24,No Promotion,0.0,TV_Show,Credit_Card,2,1944.74,0.03,116.68,3772.79,3,4,7,2,0,0
LGS1ORD0002390,C000559,2025-07-09 05:00:00,Female,30,Bronze,Lazada,Bangkok,516,Home_Appliance,CleanMate,False,3.81,Clearance,0.2,TV_Show,PromptPay,1,5910.5,0.23,1359.42,4551.09,3,5,7,2,0,0
LGS1ORD0002391,C000957,2025-07-09 07:00:00,Female,42,Silver,Lazada,Chonburi,998,Fashion,FitStyle,False,3.41,Clearance,0.2,TV_Show,COD,2,587.64,0.25,293.82,881.47,1,7,7,2,0,1
LGS1ORD0002392,C000839,2025-07-09 09:00:00,Male,21,Bronze,Web,Khon Kaen,482,Electronics,ShieldCase,True,4.04,Campaign,0.15,TV_Show,PromptPay,1,11916.96,0.18,2145.05,9771.91,3,9,7,2,0,1
LGS1ORD0002393,C000548,2025-07-09 11:00:00,Male,66,Gold,Shopee,Phuket,1481,Cosmetics,FreshLook,False,4.06,Campaign,0.05,TV_Show,COD,1,1176.69,0.13,152.97,1023.72,3,11,7,2,0,0
LGS1ORD0002394,C000874,2025-07-09 13:00:00,Male,18,Bronze,Web,Bangkok,1625,Health,WellPlus,False,4.23,Campaign,0.05,Shopee,PromptPay,1,1485.65,0.08,118.85,1366.8,1,13,7,2,0,0
LGS1ORD0002395,C000697,2025-07-09 15:00:00,Male,34,Silver,Web,Bangkok,611,Kitchen,KitchenMax,True,4.03,Campaign,0.05,TV_Show,COD,2,5022.02,0.1,1004.4,9039.64,4,15,7,2,0,0
LGS1ORD0002396,C000442,2025-07-09 17:00:00,Male,51,Bronze,Shopee,Bangkok,850,Electronics,ShieldCase,False,3.9,Clearance,0.2,CallCenter,COD,2,2017.5,0.23,928.05,3106.95,1,17,7,2,0,0
LGS1ORD0002397,C000164,2025-07-09 19:00:00,Female,48,Bronze,TV,Remote_Area,927,Health,WellPlus,False,4.37,Clearance,0.2,Lazada,PromptPay,1,3763.93,0.23,865.7,2898.22,3,19,7,2,0,0
LGS1ORD0002398,C000046,2025-07-09 21:00:00,Female,35,Bronze,CallCenter,Nakhon Ratchasima,1190,Fashion,SilkTouch,False,3.73,Campaign,0.05,TV_Show,Credit_Card,3,696.63,0.08,167.19,1922.71,3,21,7,2,0,1
LGS1ORD0002399,C000429,2025-07-09 23:00:00,Male,49,Bronze,Web,Bangkok,933,Home_Appliance,HomePro,True,4.07,Clearance,0.2,Shopee,PromptPay,2,1134.51,0.23,521.87,1747.14,3,23,7,2,0,0
LGS1ORD0002400,C000257,2025-07-10 00:00:00,Male,46,Gold,Web,Bangkok,1357,Fashion,UrbanWear,False,3.22,Clearance,0.2,Shopee,COD,2,975.96,0.28,546.54,1405.39,5,0,7,3,0,0
LGS1ORD0002401,C001182,2025-07-10 02:00:00,Female,41,Gold,CallCenter,Phuket,927,Kitchen,CookEasy,True,3.96,No Promotion,0.0,TV_Show,COD,3,2826.81,0.08,678.43,7801.99,3,2,7,3,0,0
LGS1ORD0002402,C001175,2025-07-10 04:00:00,Male,49,Bronze,TV,Chiang Mai,1259,Electronics,NovaTech,True,3.46,Clearance,0.2,TV_Show,COD,3,7520.54,0.23,5189.17,17372.45,3,4,7,3,0,1
LGS1ORD0002403,C000932,2025-07-10 06:00:00,Other,54,Bronze,Lazada,Chiang Mai,1197,Cosmetics,SunSafe,False,4.31,No Promotion,0.0,Web,PromptPay,1,1356.25,0.03,40.69,1315.56,3,6,7,3,0,0
LGS1ORD0002404,C000428,2025-07-10 08:00:00,Female,35,Silver,Shopee,Chiang Mai,351,Cosmetics,SunSafe,True,3.96,Clearance,0.25,TV_Show,PromptPay,1,283.1,0.3,84.93,198.17,3,8,7,3,0,0
LGS1ORD0002405,C000774,2025-07-10 10:00:00,Female,43,Bronze,Web,Chiang Mai,631,Electronics,NovaTech,False,4.03,No Promotion,0.0,TV_Show,COD,1,9335.18,0.03,280.06,9055.12,4,10,7,3,0,0
LGS1ORD0002406,C001157,2025-07-10 12:00:00,Female,53,Bronze,Lazada,Songkhla,1137,Kitchen,KitchenMax,True,4.1,Campaign,0.05,Web,Bank_Transfer,1,2808.13,0.08,224.65,2583.48,5,12,7,3,0,0
LGS1ORD0002407,C000470,2025-07-10 14:00:00,Male,33,Platinum,Lazada,Bangkok,702,Health,VitaLife,False,4.19,No Promotion,0.0,TV_Show,COD,2,3679.39,0.1,735.88,6622.9,3,14,7,3,0,0
LGS1ORD0002408,C000346,2025-07-10 16:00:00,Female,36,Bronze,Web,Bangkok,356,Home_Appliance,CleanMate,False,4.07,Clearance,0.25,Shopee,COD,1,8203.86,0.28,2297.08,5906.78,3,16,7,3,0,0
LGS1ORD0002409,C000735,2025-07-10 18:00:00,Female,38,Bronze,Web,Chonburi,1299,Kitchen,CookEasy,True,3.96,Clearance,0.25,Web,COD,1,2743.96,0.28,768.31,1975.65,5,18,7,3,0,0
LGS1ORD0002410,C000067,2025-07-10 19:00:00,Female,42,Gold,Web,Bangkok,1217,Fashion,UrbanWear,False,3.61,Campaign,0.15,Lazada,COD,1,1516.29,0.2299999999999999,348.75,1167.54,4,19,7,3,0,1
LGS1ORD0002411,C000111,2025-07-10 21:00:00,Male,43,Silver,TV,Chonburi,997,Electronics,NovaTech,True,3.5,Campaign,0.15,TV_Show,COD,1,7095.08,0.2,1419.02,5676.07,3,21,7,3,0,1
LGS1ORD0002412,C000581,2025-07-10 23:00:00,Male,18,Platinum,TV,Bangkok,885,Home_Appliance,PureAir,True,3.7,No Promotion,0.0,TV_Show,COD,1,2999.08,0.1,299.91,2699.18,5,23,7,3,0,0
LGS1ORD0002413,C000921,2025-07-11 01:00:00,Female,61,Bronze,TV,Remote_Area,920,Fashion,SilkTouch,False,3.47,No Promotion,0.0,Shopee,COD,1,1760.31,0.03,52.81,1707.5,1,1,7,4,0,1
LGS1ORD0002414,C000216,2025-07-11 03:00:00,Male,43,Bronze,CallCenter,Nakhon Ratchasima,815,Home_Appliance,CleanMate,False,4.05,Clearance,0.2,CallCenter,COD,1,10186.97,0.23,2343.0,7843.97,4,3,7,4,0,0
LGS1ORD0002415,C000177,2025-07-11 05:00:00,Female,42,Gold,Shopee,Chonburi,1034,Fashion,UrbanWear,False,3.45,No Promotion,0.0,Lazada,COD,4,965.48,0.08,308.95,3552.96,3,5,7,4,0,0
LGS1ORD0002416,C000366,2025-07-11 07:00:00,Female,58,Platinum,Web,Chonburi,1563,Electronics,NovaTech,False,3.92,Clearance,0.25,TV_Show,COD,2,8875.94,0.35,6213.16,11538.72,3,7,7,4,0,0
LGS1ORD0002417,C000122,2025-07-11 09:00:00,Female,41,Bronze,TV,Remote_Area,873,Fashion,FitStyle,False,3.36,No Promotion,0.0,Shopee,COD,1,1029.84,0.03,30.9,998.95,5,9,7,4,0,1
LGS1ORD0002418,C001128,2025-07-11 11:00:00,Female,23,Bronze,Shopee,Chonburi,1295,Home_Appliance,CleanMate,False,3.89,Campaign,0.05,Lazada,COD,2,10238.99,0.08,1638.24,18839.73,1,11,7,4,0,0
LGS1ORD0002419,C000247,2025-07-11 13:00:00,Female,44,Bronze,TV,Chonburi,1033,Kitchen,KitchenMax,False,3.83,Clearance,0.25,Lazada,PromptPay,3,4076.43,0.28,3424.2,8805.09,1,13,7,4,0,0
LGS1ORD0002420,C001032,2025-07-11 14:00:00,Male,48,Silver,TV,Chonburi,1076,Fashion,FitStyle,False,3.59,Campaign,0.15,TV_Show,COD,2,450.74,0.2,180.3,721.18,3,14,7,4,0,1
LGS1ORD0002421,C000082,2025-07-11 16:00:00,Female,56,Gold,Lazada,Songkhla,655,Fashion,SilkTouch,False,3.5,Clearance,0.2,TV_Show,Credit_Card,3,1820.72,0.28,1529.4,3932.75,1,16,7,4,0,1
LGS1ORD0002422,C000938,2025-07-11 18:00:00,Female,30,Gold,TV,Chonburi,1095,Fashion,FitStyle,False,3.4,No Promotion,0.0,TV_Show,PromptPay,4,2338.67,0.08,748.37,8606.29,4,18,7,4,0,0
LGS1ORD0002423,C000891,2025-07-11 20:00:00,Female,58,Bronze,Web,Bangkok,1376,Fashion,FitStyle,False,3.48,Clearance,0.25,Shopee,PromptPay,3,1793.24,0.28,1506.32,3873.39,3,20,7,4,0,0
LGS1ORD0002424,C000819,2025-07-11 22:00:00,Male,36,Silver,TV,Remote_Area,1388,Fashion,FitStyle,False,3.4,Campaign,0.1,Shopee,COD,1,2335.89,0.15,350.38,1985.51,3,22,7,4,0,1
LGS1ORD0002425,C000832,2025-07-12 00:00:00,Female,28,Bronze,CallCenter,Phuket,510,Electronics,ShieldCase,True,3.86,Campaign,0.15,TV_Show,COD,2,4266.66,0.18,1536.0,6997.32,3,0,7,5,1,0
LGS1ORD0002426,C000138,2025-07-12 02:00:00,Female,61,Bronze,TV,Phuket,652,Home_Appliance,HomePro,True,4.1,No Promotion,0.0,Shopee,PromptPay,1,3263.17,0.03,97.9,3165.28,3,2,7,5,1,0
LGS1ORD0002427,C000518,2025-07-12 04:00:00,Female,36,Bronze,TV,Bangkok,543,Home_Appliance,PureAir,True,4.21,Campaign,0.1,TV_Show,COD,4,12635.56,0.13,6570.49,43971.77,1,4,7,5,1,0
LGS1ORD0002428,C000073,2025-07-12 06:00:00,Female,54,Silver,CallCenter,Chiang Mai,255,Fashion,SilkTouch,False,3.62,Clearance,0.2,CallCenter,Bank_Transfer,1,1665.68,0.25,416.42,1249.26,3,6,7,5,1,1
LGS1ORD0002429,C001061,2025-07-12 08:00:00,Female,28,Bronze,TV,Phuket,495,Health,WellPlus,True,4.28,Campaign,0.15,Web,Credit_Card,1,1477.53,0.18,265.96,1211.58,5,8,7,5,1,0
LGS1ORD0002430,C000049,2025-07-12 09:00:00,Female,33,Platinum,TV,Bangkok,792,Home_Appliance,PureAir,True,4.2,No Promotion,0.0,Shopee,Credit_Card,2,10923.65,0.1,2184.73,19662.57,4,9,7,5,1,0
LGS1ORD0002431,C000367,2025-07-12 11:00:00,Male,46,Bronze,TV,Phuket,830,Cosmetics,SunSafe,True,3.96,Clearance,0.2,Lazada,Credit_Card,1,283.5,0.23,65.2,218.29,1,11,7,5,1,1
LGS1ORD0002432,C000730,2025-07-12 13:00:00,Female,59,Bronze,Shopee,Chiang Mai,278,Home_Appliance,PureAir,True,3.62,Clearance,0.2,Lazada,COD,2,10309.37,0.23,4742.31,15876.43,3,13,7,5,1,1
LGS1ORD0002433,C000474,2025-07-12 15:00:00,Male,46,Platinum,Web,Chonburi,688,Home_Appliance,CleanMate,False,4.07,Campaign,0.05,Shopee,Credit_Card,1,8092.3,0.15,1213.85,6878.46,5,15,7,5,1,0
LGS1ORD0002434,C001018,2025-07-12 17:00:00,Female,32,Silver,Shopee,Chonburi,1202,Fashion,SilkTouch,False,3.9,No Promotion,0.0,Lazada,Credit_Card,1,662.17,0.05,33.11,629.06,1,17,7,5,1,0
LGS1ORD0002435,C000797,2025-07-12 19:00:00,Male,25,Gold,Web,Songkhla,1401,Home_Appliance,PureAir,False,4.1,Campaign,0.1,Web,COD,1,13052.56,0.18,2349.46,10703.1,3,19,7,5,1,0
LGS1ORD0002436,C000287,2025-07-12 21:00:00,Female,50,Gold,Web,Khon Kaen,710,Kitchen,ChefHome,True,3.63,Clearance,0.25,Lazada,COD,1,366.92,0.33,121.08,245.84,1,21,7,5,1,0
LGS1ORD0002437,C000584,2025-07-12 23:00:00,Female,39,Silver,Lazada,Bangkok,1413,Cosmetics,Beauty Lab,True,4.08,No Promotion,0.0,Shopee,PromptPay,4,571.46,0.05,114.29,2171.56,1,23,7,5,1,1
LGS1ORD0002438,C000610,2025-07-13 01:00:00,Female,30,Gold,Shopee,Songkhla,1120,Health,MediCare,False,4.39,Campaign,0.05,TV_Show,COD,2,4240.99,0.13,1102.66,7379.32,5,1,7,6,1,0
LGS1ORD0002439,C000734,2025-07-13 03:00:00,Female,59,Bronze,TV,Phuket,918,Home_Appliance,CleanMate,True,3.85,Clearance,0.2,Shopee,COD,4,5690.4,0.23,5235.17,17526.43,1,3,7,6,1,0
LGS1ORD0002440,C000199,2025-07-13 04:00:00,Female,63,Platinum,Shopee,Chonburi,878,Electronics,NovaTech,True,3.64,Campaign,0.1,Shopee,Bank_Transfer,1,1527.66,0.2,305.53,1222.13,1,4,7,6,1,0
LGS1ORD0002441,C000019,2025-07-13 06:00:00,Male,61,Platinum,TV,Phuket,1346,Home_Appliance,PureAir,True,4.11,No Promotion,0.0,Web,COD,1,3561.54,0.1,356.15,3205.38,3,6,7,6,1,0
LGS1ORD0002442,C000570,2025-07-13 08:00:00,Other,49,Bronze,Shopee,Chonburi,1096,Kitchen,CookEasy,True,4.12,Clearance,0.2,Lazada,COD,2,3357.02,0.23,1544.23,5169.81,1,8,7,6,1,0
LGS1ORD0002443,C000220,2025-07-13 10:00:00,Female,50,Gold,TV,Chiang Mai,205,Health,MediCare,False,4.62,Campaign,0.05,TV_Show,PromptPay,1,3208.43,0.13,417.1,2791.34,5,10,7,6,1,0
LGS1ORD0002444,C001182,2025-07-13 12:00:00,Female,41,Gold,CallCenter,Phuket,930,Kitchen,ChefHome,False,4.0,No Promotion,0.0,Web,Credit_Card,1,3201.16,0.08,256.09,2945.07,5,12,7,6,1,0
LGS1ORD0002445,C000756,2025-07-13 14:00:00,Female,34,Bronze,TV,Remote_Area,895,Cosmetics,SunSafe,False,4.09,Clearance,0.2,Web,COD,2,1874.19,0.23,862.13,2886.26,3,14,7,6,1,0
LGS1ORD0002446,C000954,2025-07-13 16:00:00,Female,30,Silver,Shopee,Chiang Mai,774,Fashion,SilkTouch,False,3.77,Clearance,0.2,Web,COD,2,986.4,0.25,493.2,1479.59,5,16,7,6,1,0
LGS1ORD0002447,C000214,2025-07-13 18:00:00,Female,26,Silver,Lazada,Bangkok,1110,Home_Appliance,PureAir,True,3.92,No Promotion,0.0,Web,Bank_Transfer,3,3339.97,0.05,500.99,9518.9,5,18,7,6,1,0
LGS1ORD0002448,C000348,2025-07-13 20:00:00,Male,59,Bronze,TV,Khon Kaen,625,Home_Appliance,CleanMate,True,4.11,No Promotion,0.0,Web,COD,4,7638.0,0.03,916.56,29635.42,3,20,7,6,1,0
LGS1ORD0002449,C000836,2025-07-13 22:00:00,Male,31,Bronze,TV,Bangkok,1153,Home_Appliance,HomePro,True,4.33,No Promotion,0.0,TV_Show,Bank_Transfer,1,10032.59,0.03,300.98,9731.61,1,22,7,6,1,0
LGS1ORD0002450,C000063,2025-07-14 00:00:00,Female,42,Silver,Lazada,Songkhla,1400,Cosmetics,FreshLook,True,4.1,Clearance,0.2,CallCenter,PromptPay,1,1011.01,0.25,252.75,758.26,3,0,7,0,0,0
LGS1ORD0002451,C000769,2025-07-14 01:00:00,Male,32,Bronze,Shopee,Chiang Mai,864,Electronics,GadgetWorld,False,3.78,Campaign,0.1,Shopee,PromptPay,1,5730.8,0.13,745.0,4985.79,4,1,7,0,0,0
LGS1ORD0002452,C000044,2025-07-14 03:00:00,Female,36,Gold,TV,Phuket,1196,Fashion,SilkTouch,False,3.9,No Promotion,0.0,TV_Show,PromptPay,1,632.11,0.08,50.57,581.54,1,3,7,0,0,0
LGS1ORD0002453,C000230,2025-07-14 05:00:00,Male,29,Bronze,Lazada,Nakhon Ratchasima,1338,Home_Appliance,CleanMate,True,3.73,Campaign,0.15,TV_Show,COD,1,2128.97,0.18,383.22,1745.76,3,5,7,0,0,1
LGS1ORD0002454,C000097,2025-07-14 07:00:00,Female,31,Bronze,TV,Chiang Mai,923,Home_Appliance,HomePro,True,3.82,Campaign,0.15,Web,Credit_Card,1,2205.22,0.18,396.94,1808.28,4,7,7,0,0,0
LGS1ORD0002455,C001030,2025-07-14 09:00:00,Female,59,Silver,Web,Chonburi,662,Fashion,FitStyle,False,3.62,Campaign,0.1,Lazada,PromptPay,1,2437.89,0.15,365.68,2072.21,1,9,7,0,0,0
LGS1ORD0002456,C000612,2025-07-14 11:00:00,Female,41,Bronze,TV,Bangkok,966,Cosmetics,FreshLook,False,4.0,Campaign,0.05,TV_Show,Credit_Card,1,2207.16,0.08,176.57,2030.59,4,11,7,0,0,0
LGS1ORD0002457,C000570,2025-07-14 13:00:00,Other,49,Bronze,Shopee,Chonburi,1097,Fashion,SilkTouch,False,3.21,Campaign,0.15,Shopee,Bank_Transfer,1,1832.36,0.18,329.83,1502.54,1,13,7,0,0,1
LGS1ORD0002458,C000389,2025-07-14 15:00:00,Female,43,Bronze,Shopee,Khon Kaen,822,Home_Appliance,CleanMate,True,3.73,Campaign,0.05,CallCenter,COD,1,2098.75,0.08,167.9,1930.85,3,15,7,0,0,0
LGS1ORD0002459,C000950,2025-07-14 17:00:00,Male,54,Gold,Web,Bangkok,1276,Electronics,ShieldCase,False,3.97,No Promotion,0.0,Shopee,Credit_Card,1,2804.56,0.08,224.37,2580.2,3,17,7,0,0,0
LGS1ORD0002460,C000516,2025-07-14 19:00:00,Male,50,Bronze,Lazada,Chonburi,245,Home_Appliance,CleanMate,False,3.81,Campaign,0.15,Web,COD,3,12354.77,0.18,6671.58,30392.74,3,19,7,0,0,0
LGS1ORD0002461,C001044,2025-07-14 20:00:00,Female,37,Gold,Shopee,Chiang Mai,728,Fashion,FitStyle,False,3.55,No Promotion,0.0,Lazada,Credit_Card,1,817.83,0.08,65.43,752.4,1,20,7,0,0,0
LGS1ORD0002462,C000527,2025-07-14 22:00:00,Female,31,Gold,Shopee,Khon Kaen,431,Home_Appliance,PureAir,False,4.19,Campaign,0.1,TV_Show,Credit_Card,3,6146.51,0.18,3319.12,15120.43,3,22,7,0,0,0
LGS1ORD0002463,C000051,2025-07-15 00:00:00,Male,29,Bronze,Web,Bangkok,539,Cosmetics,Beauty Lab,False,4.15,Campaign,0.05,CallCenter,COD,2,1112.95,0.08,178.07,2047.83,1,0,7,1,0,1
LGS1ORD0002464,C001007,2025-07-15 02:00:00,Female,52,Silver,CallCenter,Nakhon Ratchasima,321,Home_Appliance,CleanMate,True,4.06,Campaign,0.15,Web,COD,1,5179.14,0.2,1035.83,4143.31,3,2,7,1,0,0
LGS1ORD0002465,C000951,2025-07-15 04:00:00,Female,60,Silver,TV,Chonburi,961,Cosmetics,SunSafe,False,4.25,Clearance,0.2,Shopee,COD,4,1338.14,0.25,1338.14,4014.41,3,4,7,1,0,0
LGS1ORD0002466,C000540,2025-07-15 06:00:00,Female,37,Bronze,Web,Bangkok,1509,Home_Appliance,PureAir,False,3.58,No Promotion,0.0,TV_Show,Credit_Card,2,7712.28,0.03,462.74,14961.83,4,6,7,1,0,0
LGS1ORD0002467,C000322,2025-07-15 08:00:00,Female,37,Gold,Web,Bangkok,1076,Cosmetics,FreshLook,False,4.05,Campaign,0.05,CallCenter,COD,2,691.18,0.13,179.71,1202.65,5,8,7,1,0,0
LGS1ORD0002468,C000031,2025-07-15 10:00:00,Male,30,Silver,Web,Bangkok,1535,Electronics,GadgetWorld,False,3.71,Campaign,0.15,Web,COD,3,7719.68,0.2,4631.81,18527.23,3,10,7,1,0,1
LGS1ORD0002469,C000853,2025-07-15 12:00:00,Male,34,Gold,Shopee,Songkhla,1477,Electronics,ShieldCase,False,3.7,Campaign,0.15,CallCenter,Credit_Card,1,12111.71,0.2299999999999999,2785.69,9326.01,5,12,7,1,0,0
LGS1ORD0002470,C001184,2025-07-15 14:00:00,Male,32,Silver,Web,Bangkok,818,Home_Appliance,CleanMate,True,3.73,Clearance,0.2,Shopee,COD,1,1978.4,0.25,494.6,1483.8,3,14,7,1,0,0
LGS1ORD0002471,C001141,2025-07-15 15:00:00,Female,31,Bronze,Web,Songkhla,550,Kitchen,ChefHome,False,4.2,Clearance,0.2,CallCenter,PromptPay,1,3363.68,0.23,773.65,2590.03,3,15,7,1,0,0
LGS1ORD0002472,C001128,2025-07-15 17:00:00,Female,23,Bronze,Shopee,Chonburi,1299,Home_Appliance,CleanMate,True,4.0,Campaign,0.05,Web,COD,1,11402.71,0.08,912.22,10490.49,5,17,7,1,0,0
LGS1ORD0002473,C000227,2025-07-15 19:00:00,Male,43,Gold,Web,Khon Kaen,1485,Fashion,FitStyle,False,3.91,Campaign,0.15,TV_Show,Credit_Card,2,1404.79,0.2299999999999999,646.21,2163.38,1,19,7,1,0,0
LGS1ORD0002474,C000802,2025-07-15 21:00:00,Male,23,Bronze,Lazada,Songkhla,242,Cosmetics,Beauty Lab,False,3.82,Campaign,0.15,Lazada,COD,1,1832.25,0.18,329.8,1502.44,5,21,7,1,0,1
LGS1ORD0002475,C000644,2025-07-15 23:00:00,Male,36,Gold,CallCenter,Bangkok,912,Electronics,ShieldCase,True,4.33,Campaign,0.15,CallCenter,Credit_Card,1,4461.42,0.2299999999999999,1026.13,3435.3,3,23,7,1,0,0
LGS1ORD0002476,C000662,2025-07-16 01:00:00,Female,45,Bronze,TV,Phuket,1280,Electronics,GadgetWorld,False,3.61,Campaign,0.05,TV_Show,COD,1,5199.77,0.08,415.98,4783.79,3,1,7,2,0,0
LGS1ORD0002477,C000827,2025-07-16 03:00:00,Male,42,Platinum,Lazada,Phuket,833,Electronics,GadgetWorld,False,3.78,Clearance,0.2,Web,Credit_Card,2,5446.87,0.3,3268.12,7625.62,5,3,7,2,0,1
LGS1ORD0002478,C001001,2025-07-16 05:00:00,Male,40,Silver,TV,Songkhla,728,Cosmetics,SunSafe,True,3.96,Campaign,0.15,TV_Show,COD,1,293.36,0.2,58.67,234.68,5,5,7,2,0,0
LGS1ORD0002479,C000318,2025-07-16 07:00:00,Male,40,Bronze,TV,Nakhon Ratchasima,812,Home_Appliance,HomePro,False,4.04,Campaign,0.05,TV_Show,Credit_Card,2,6374.51,0.08,1019.92,11729.1,3,7,7,2,0,1
LGS1ORD0002480,C000540,2025-07-16 09:00:00,Female,37,Bronze,Web,Bangkok,1510,Fashion,UrbanWear,False,3.49,Campaign,0.05,TV_Show,Bank_Transfer,1,565.78,0.08,45.26,520.51,3,9,7,2,0,0
LGS1ORD0002481,C001047,2025-07-16 10:00:00,Male,44,Gold,Web,Chiang Mai,1160,Electronics,NovaTech,True,3.46,Campaign,0.05,Web,COD,1,7573.01,0.13,984.49,6588.52,1,10,7,2,0,1
LGS1ORD0002482,C000582,2025-07-16 12:00:00,Female,24,Bronze,TV,Bangkok,718,Fashion,UrbanWear,False,3.22,Clearance,0.25,Web,COD,1,802.05,0.28,224.57,577.47,5,12,7,2,0,1
LGS1ORD0002483,C001136,2025-07-16 14:00:00,Male,31,Silver,TV,Chiang Mai,1395,Cosmetics,SunSafe,False,4.17,Clearance,0.25,TV_Show,PromptPay,1,1989.95,0.3,596.99,1392.97,5,14,7,2,0,0
LGS1ORD0002484,C000435,2025-07-16 16:00:00,Female,66,Bronze,TV,Chonburi,1416,Electronics,GadgetWorld,False,3.81,Campaign,0.05,Web,Credit_Card,2,502.15,0.08,80.34,923.96,4,16,7,2,0,1
LGS1ORD0002485,C000624,2025-07-16 18:00:00,Female,30,Silver,Lazada,Chonburi,1497,Kitchen,KitchenMax,True,3.89,Clearance,0.2,CallCenter,Bank_Transfer,1,3325.31,0.25,831.33,2493.98,5,18,7,2,0,0
LGS1ORD0002486,C001059,2025-07-16 20:00:00,Male,42,Bronze,TV,Songkhla,817,Fashion,UrbanWear,False,3.72,Clearance,0.25,CallCenter,Credit_Card,1,2208.11,0.28,618.27,1589.84,4,20,7,2,0,0
LGS1ORD0002487,C000319,2025-07-16 22:00:00,Male,37,Bronze,Lazada,Bangkok,971,Kitchen,CookEasy,True,4.04,Campaign,0.1,Shopee,PromptPay,3,4843.05,0.13,1888.79,12640.35,1,22,7,2,0,0
LGS1ORD0002488,C000724,2025-07-17 00:00:00,Female,72,Silver,Lazada,Nakhon Ratchasima,814,Kitchen,CookEasy,False,4.19,Campaign,0.05,Lazada,COD,3,5863.61,0.1,1759.08,15831.75,3,0,7,3,0,0
LGS1ORD0002489,C000165,2025-07-17 02:00:00,Male,29,Bronze,Shopee,Bangkok,1592,Health,VitaLife,True,4.31,No Promotion,0.0,Shopee,COD,2,3047.28,0.03,182.84,5911.72,5,2,7,3,0,0
LGS1ORD0002490,C000331,2025-07-17 04:00:00,Other,25,Silver,CallCenter,Chonburi,341,Home_Appliance,HomePro,False,3.71,Campaign,0.05,Shopee,COD,2,7578.69,0.1,1515.74,13641.64,1,4,7,3,0,1
LGS1ORD0002491,C000038,2025-07-17 05:00:00,Male,36,Gold,TV,Bangkok,756,Cosmetics,Beauty Lab,False,4.5,No Promotion,0.0,TV_Show,Credit_Card,1,1354.2,0.08,108.34,1245.87,4,5,7,3,0,1
LGS1ORD0002492,C000020,2025-07-17 07:00:00,Female,18,Bronze,Web,Chonburi,943,Electronics,ShieldCase,False,3.69,No Promotion,0.0,Lazada,Credit_Card,2,6586.54,0.03,395.19,12777.89,1,7,7,3,0,0
LGS1ORD0002493,C000766,2025-07-17 09:00:00,Male,46,Gold,Lazada,Bangkok,1114,Kitchen,KitchenMax,True,4.03,Campaign,0.15,CallCenter,PromptPay,2,5233.51,0.2299999999999999,2407.41,8059.6,3,9,7,3,0,0
LGS1ORD0002494,C001098,2025-07-17 11:00:00,Male,39,Silver,Web,Phuket,1520,Home_Appliance,PureAir,True,3.62,No Promotion,0.0,Web,PromptPay,2,11233.65,0.05,1123.36,21343.93,1,11,7,3,0,0
LGS1ORD0002495,C000299,2025-07-17 13:00:00,Female,35,Platinum,Lazada,Remote_Area,1131,Health,VitaLife,False,4.16,Campaign,0.1,CallCenter,COD,2,3712.2,0.2,1484.88,5939.52,4,13,7,3,0,0
LGS1ORD0002496,C000192,2025-07-17 15:00:00,Female,47,Bronze,TV,Bangkok,1046,Kitchen,KitchenMax,True,4.13,Campaign,0.15,Lazada,PromptPay,1,474.51,0.18,85.41,389.1,4,15,7,3,0,1
LGS1ORD0002497,C000097,2025-07-17 17:00:00,Female,31,Bronze,TV,Chiang Mai,926,Fashion,SilkTouch,False,3.75,Campaign,0.05,TV_Show,COD,2,1586.6,0.08,253.86,2919.34,5,17,7,3,0,0
LGS1ORD0002498,C000780,2025-07-17 19:00:00,Male,43,Gold,TV,Bangkok,1541,Home_Appliance,PureAir,True,4.21,No Promotion,0.0,Lazada,COD,1,12576.47,0.08,1006.12,11570.35,1,19,7,3,0,0
LGS1ORD0002499,C000395,2025-07-17 21:00:00,Female,47,Bronze,TV,Phuket,648,Home_Appliance,HomePro,True,3.76,Campaign,0.1,Lazada,COD,1,12641.21,0.13,1643.36,10997.85,1,21,7,3,0,0
LGS1ORD0002500,C000682,2025-07-17 23:00:00,Male,36,Bronze,Shopee,Phuket,275,Electronics,NovaTech,False,4.0,Campaign,0.15,Shopee,Credit_Card,1,8362.27,0.18,1505.21,6857.06,3,23,7,3,0,1
LGS1ORD0002501,C000756,2025-07-18 00:00:00,Female,34,Bronze,TV,Remote_Area,900,Cosmetics,FreshLook,False,3.93,Campaign,0.15,Web,COD,1,1542.04,0.18,277.57,1264.48,3,0,7,4,0,0
LGS1ORD0002502,C000386,2025-07-18 02:00:00,Male,49,Bronze,Web,Khon Kaen,331,Electronics,GadgetWorld,False,3.71,Campaign,0.05,Shopee,COD,2,7543.97,0.08,1207.03,13880.9,4,2,7,4,0,0
LGS1ORD0002503,C001115,2025-07-18 04:00:00,Female,32,Platinum,Web,Nakhon Ratchasima,1504,Electronics,ShieldCase,False,3.9,Campaign,0.05,TV_Show,COD,3,2087.52,0.15,939.39,5323.18,3,4,7,4,0,0
LGS1ORD0002504,C000821,2025-07-18 06:00:00,Male,56,Bronze,Lazada,Remote_Area,828,Kitchen,KitchenMax,True,4.13,Campaign,0.05,TV_Show,COD,1,500.87,0.08,40.07,460.8,5,6,7,4,0,0
LGS1ORD0002505,C000830,2025-07-18 08:00:00,Female,56,Bronze,TV,Bangkok,456,Health,MediCare,False,3.79,No Promotion,0.0,Web,Credit_Card,1,325.76,0.03,9.77,315.99,5,8,7,4,0,0
LGS1ORD0002506,C000640,2025-07-18 10:00:00,Female,60,Bronze,Lazada,Bangkok,1376,Kitchen,CookEasy,False,3.81,No Promotion,0.0,Web,COD,1,1492.07,0.03,44.76,1447.3,3,10,7,4,0,0
LGS1ORD0002507,C000947,2025-07-18 12:00:00,Male,53,Silver,Web,Songkhla,415,Kitchen,CookEasy,True,4.04,Campaign,0.05,Shopee,PromptPay,1,4880.76,0.1,488.08,4392.68,1,12,7,4,0,0
LGS1ORD0002508,C000387,2025-07-18 14:00:00,Female,25,Bronze,TV,Chonburi,872,Electronics,ShieldCase,True,4.33,No Promotion,0.0,Web,Bank_Transfer,2,4563.42,0.03,273.81,8853.04,3,14,7,4,0,0
LGS1ORD0002509,C000263,2025-07-18 16:00:00,Male,48,Bronze,Web,Bangkok,686,Health,MediCare,False,4.39,No Promotion,0.0,Web,Bank_Transfer,3,4636.58,0.03,417.29,13492.46,5,16,7,4,0,0
LGS1ORD0002510,C001174,2025-07-18 18:00:00,Male,35,Gold,Lazada,Bangkok,940,Fashion,FitStyle,False,3.46,Campaign,0.05,CallCenter,Bank_Transfer,1,1460.8,0.13,189.9,1270.9,3,18,7,4,0,0
LGS1ORD0002511,C000274,2025-07-18 19:00:00,Male,42,Bronze,CallCenter,Bangkok,877,Electronics,ShieldCase,False,3.63,Clearance,0.2,Web,Credit_Card,1,5736.62,0.23,1319.42,4417.2,3,19,7,4,0,0
LGS1ORD0002512,C001089,2025-07-18 21:00:00,Male,52,Bronze,TV,Phuket,1019,Home_Appliance,HomePro,False,4.04,Campaign,0.05,TV_Show,COD,1,7118.67,0.08,569.49,6549.18,4,21,7,4,0,0
LGS1ORD0002513,C000332,2025-07-18 23:00:00,Female,43,Gold,Web,Nakhon Ratchasima,1074,Electronics,NovaTech,False,3.66,Campaign,0.1,Web,COD,1,10770.95,0.18,1938.77,8832.18,5,23,7,4,0,1
LGS1ORD0002514,C001056,2025-07-19 01:00:00,Female,42,Silver,TV,Bangkok,990,Cosmetics,Beauty Lab,True,4.21,No Promotion,0.0,TV_Show,COD,4,2122.79,0.05,424.56,8066.62,1,1,7,5,1,0
LGS1ORD0002515,C000919,2025-07-19 03:00:00,Female,39,Gold,Web,Bangkok,1377,Kitchen,CookEasy,False,4.19,Campaign,0.1,Shopee,COD,1,6102.44,0.18,1098.44,5004.0,1,3,7,5,1,0
LGS1ORD0002516,C000883,2025-07-19 05:00:00,Male,44,Bronze,Shopee,Remote_Area,478,Home_Appliance,HomePro,True,4.33,Campaign,0.05,Web,PromptPay,1,11153.71,0.08,892.3,10261.41,1,5,7,5,1,0
LGS1ORD0002517,C000093,2025-07-19 07:00:00,Male,48,Bronze,Web,Remote_Area,1353,Kitchen,KitchenMax,True,3.98,Clearance,0.2,CallCenter,COD,1,2578.38,0.23,593.03,1985.36,5,7,7,5,1,0
LGS1ORD0002518,C001129,2025-07-19 09:00:00,Female,34,Bronze,Web,Khon Kaen,1356,Home_Appliance,HomePro,True,3.76,No Promotion,0.0,TV_Show,Credit_Card,2,12918.44,0.03,775.11,25061.78,3,9,7,5,1,0
LGS1ORD0002519,C000447,2025-07-19 11:00:00,Female,54,Platinum,TV,Bangkok,1054,Electronics,ShieldCase,True,3.7,No Promotion,0.0,Shopee,Bank_Transfer,2,9719.35,0.1,1943.87,17494.84,3,11,7,5,1,0
LGS1ORD0002520,C000243,2025-07-19 13:00:00,Female,35,Bronze,Lazada,Bangkok,1245,Fashion,FitStyle,False,3.72,Clearance,0.2,Lazada,COD,1,1920.03,0.23,441.61,1478.43,1,13,7,5,1,0
LGS1ORD0002521,C000900,2025-07-19 14:00:00,Female,48,Silver,Shopee,Bangkok,1505,Cosmetics,SunSafe,False,3.9,Clearance,0.25,CallCenter,COD,1,2264.64,0.3,679.39,1585.25,5,14,7,5,1,0
LGS1ORD0002522,C000269,2025-07-19 16:00:00,Male,43,Silver,Web,Nakhon Ratchasima,1099,Fashion,SilkTouch,False,3.48,No Promotion,0.0,Web,Bank_Transfer,1,1636.45,0.05,81.82,1554.63,5,16,7,5,1,0
LGS1ORD0002523,C000257,2025-07-19 18:00:00,Male,46,Gold,Web,Bangkok,1366,Cosmetics,Beauty Lab,False,3.89,Campaign,0.1,Web,COD,1,1026.17,0.18,184.71,841.46,1,18,7,5,1,0
LGS1ORD0002524,C000675,2025-07-19 20:00:00,Male,54,Bronze,Lazada,Chonburi,374,Home_Appliance,PureAir,False,4.15,No Promotion,0.0,Web,Bank_Transfer,2,7524.15,0.03,451.45,14596.86,3,20,7,5,1,0
LGS1ORD0002525,C000879,2025-07-19 22:00:00,Male,30,Bronze,TV,Phuket,735,Electronics,ShieldCase,False,3.82,Campaign,0.15,Web,COD,1,7065.9,0.18,1271.86,5794.04,4,22,7,5,1,1
LGS1ORD0002526,C001057,2025-07-20 00:00:00,Female,61,Silver,TV,Khon Kaen,1468,Electronics,NovaTech,False,3.68,Campaign,0.15,TV_Show,PromptPay,1,4903.12,0.2,980.62,3922.5,3,0,7,6,1,1
LGS1ORD0002527,C000049,2025-07-20 02:00:00,Female,33,Platinum,TV,Bangkok,800,Fashion,FitStyle,False,3.48,Clearance,0.25,Web,Bank_Transfer,1,1761.22,0.35,616.43,1144.79,1,2,7,6,1,0
LGS1ORD0002528,C000376,2025-07-20 04:00:00,Female,41,Bronze,TV,Bangkok,1652,Cosmetics,SunSafe,True,4.02,Campaign,0.05,Web,COD,1,1077.11,0.08,86.17,990.94,1,4,7,6,1,0
LGS1ORD0002529,C000186,2025-07-20 06:00:00,Male,55,Bronze,TV,Phuket,1363,Home_Appliance,PureAir,True,4.21,Campaign,0.1,CallCenter,Credit_Card,1,12301.23,0.13,1599.16,10702.07,3,6,7,6,1,0
LGS1ORD0002530,C000317,2025-07-20 08:00:00,Female,40,Bronze,TV,Bangkok,1447,Cosmetics,SunSafe,False,4.31,Clearance,0.25,Shopee,Bank_Transfer,1,1364.98,0.28,382.2,982.79,3,8,7,6,1,0
LGS1ORD0002531,C000604,2025-07-20 09:00:00,Male,49,Bronze,Shopee,Remote_Area,615,Electronics,NovaTech,True,3.5,No Promotion,0.0,Lazada,Credit_Card,1,5299.86,0.03,159.0,5140.87,3,9,7,6,1,0
LGS1ORD0002532,C000968,2025-07-20 11:00:00,Male,34,Bronze,TV,Chiang Mai,669,Cosmetics,SunSafe,False,4.06,No Promotion,0.0,CallCenter,Bank_Transfer,1,666.55,0.03,20.0,646.56,3,11,7,6,1,1
LGS1ORD0002533,C000152,2025-07-20 13:00:00,Female,64,Platinum,CallCenter,Songkhla,985,Kitchen,ChefHome,False,4.15,Clearance,0.25,TV_Show,COD,3,4157.74,0.35,4365.63,8107.59,3,13,7,6,1,0
LGS1ORD0002534,C000936,2025-07-20 15:00:00,Male,36,Bronze,CallCenter,Chonburi,1086,Electronics,GadgetWorld,False,3.8,Campaign,0.05,CallCenter,PromptPay,3,8946.59,0.08,2147.18,24692.58,1,15,7,6,1,0
LGS1ORD0002535,C000126,2025-07-20 17:00:00,Male,28,Bronze,CallCenter,Khon Kaen,1096,Health,MediCare,True,4.26,Clearance,0.25,Web,COD,1,4885.09,0.28,1367.82,3517.26,5,17,7,6,1,0
LGS1ORD0002536,C000452,2025-07-20 19:00:00,Female,40,Bronze,Web,Songkhla,273,Cosmetics,SunSafe,True,4.2,Campaign,0.05,Shopee,Bank_Transfer,1,2095.11,0.08,167.61,1927.5,4,19,7,6,1,0
LGS1ORD0002537,C001191,2025-07-20 21:00:00,Female,33,Gold,CallCenter,Chonburi,636,Kitchen,KitchenMax,False,4.09,Campaign,0.05,Shopee,PromptPay,1,4801.18,0.13,624.15,4177.03,4,21,7,6,1,0
LGS1ORD0002538,C000198,2025-07-20 23:00:00,Male,20,Bronze,TV,Songkhla,285,Electronics,NovaTech,False,3.38,Campaign,0.1,Lazada,COD,2,8961.96,0.13,2330.11,15593.82,1,23,7,6,1,1
LGS1ORD0002539,C000308,2025-07-21 01:00:00,Male,29,Bronze,Lazada,Bangkok,467,Kitchen,CookEasy,False,4.09,Campaign,0.15,Web,COD,3,5326.42,0.18,2876.27,13102.99,5,1,7,0,0,0
LGS1ORD0002540,C000104,2025-07-21 03:00:00,Other,61,Silver,Shopee,Bangkok,304,Fashion,UrbanWear,True,3.61,Campaign,0.15,Shopee,Bank_Transfer,1,1091.42,0.2,218.28,873.14,5,3,7,0,0,0
LGS1ORD0002541,C000161,2025-07-21 04:00:00,Female,36,Silver,Web,Chonburi,878,Health,WellPlus,True,4.22,No Promotion,0.0,Lazada,Bank_Transfer,2,3899.87,0.05,389.99,7409.76,3,4,7,0,0,0
LGS1ORD0002542,C000790,2025-07-21 06:00:00,Male,39,Gold,Shopee,Nakhon Ratchasima,717,Home_Appliance,PureAir,False,4.42,No Promotion,0.0,Lazada,COD,2,9940.35,0.08,1590.46,18290.24,4,6,7,0,0,0
LGS1ORD0002543,C000657,2025-07-21 08:00:00,Male,60,Gold,Shopee,Bangkok,244,Home_Appliance,CleanMate,False,3.82,Campaign,0.1,Shopee,Credit_Card,1,2085.75,0.18,375.43,1710.31,3,8,7,0,0,1
LGS1ORD0002544,C000325,2025-07-21 10:00:00,Male,41,Bronze,Web,Chonburi,794,Fashion,FitStyle,False,3.18,Clearance,0.2,Lazada,COD,1,522.14,0.23,120.09,402.05,5,10,7,0,0,1
LGS1ORD0002545,C000512,2025-07-21 12:00:00,Male,38,Bronze,CallCenter,Phuket,638,Home_Appliance,HomePro,False,4.09,Clearance,0.2,Lazada,Credit_Card,3,14601.11,0.23,10074.77,33728.56,5,12,7,0,0,0
LGS1ORD0002546,C000312,2025-07-21 14:00:00,Male,39,Silver,Lazada,Bangkok,918,Cosmetics,Beauty Lab,False,3.94,No Promotion,0.0,Web,PromptPay,3,1670.52,0.05,250.58,4760.97,5,14,7,0,0,0
LGS1ORD0002547,C000182,2025-07-21 16:00:00,Male,53,Bronze,Web,Khon Kaen,1180,Health,MediCare,False,4.4,Campaign,0.15,Shopee,COD,2,4069.55,0.18,1465.04,6674.06,5,16,7,0,0,0
LGS1ORD0002548,C000806,2025-07-21 18:00:00,Male,51,Bronze,CallCenter,Songkhla,1405,Electronics,NovaTech,False,3.66,Campaign,0.1,TV_Show,COD,2,10686.83,0.13,2778.58,18595.08,5,18,7,0,0,1
LGS1ORD0002549,C000411,2025-07-21 20:00:00,Female,34,Bronze,TV,Nakhon Ratchasima,929,Cosmetics,SunSafe,True,3.98,Campaign,0.15,TV_Show,COD,1,2223.93,0.18,400.31,1823.62,5,20,7,0,0,0
LGS1ORD0002550,C000417,2025-07-21 22:00:00,Female,47,Bronze,Shopee,Nakhon Ratchasima,1251,Fashion,SilkTouch,False,3.47,Campaign,0.15,TV_Show,COD,2,1760.6,0.18,633.82,2887.39,4,22,7,0,0,1
LGS1ORD0002551,C000369,2025-07-21 23:00:00,Male,47,Silver,Lazada,Bangkok,1523,Electronics,NovaTech,False,3.68,Campaign,0.05,TV_Show,Bank_Transfer,3,4660.66,0.1,1398.2,12583.78,1,23,7,0,0,0
LGS1ORD0002552,C000054,2025-07-22 01:00:00,Male,49,Bronze,CallCenter,Bangkok,1158,Cosmetics,Beauty Lab,False,3.76,Campaign,0.15,TV_Show,COD,1,1827.23,0.18,328.9,1498.33,1,1,7,1,0,0
LGS1ORD0002553,C000702,2025-07-22 03:00:00,Male,36,Silver,TV,Bangkok,973,Home_Appliance,PureAir,False,4.0,Clearance,0.2,Shopee,PromptPay,3,9945.42,0.25,7459.07,22377.21,1,3,7,1,0,1
LGS1ORD0002554,C000370,2025-07-22 05:00:00,Male,45,Silver,Lazada,Bangkok,218,Fashion,FitStyle,False,3.7,Clearance,0.25,Lazada,Credit_Card,2,2372.68,0.3,1423.61,3321.75,3,5,7,1,0,1
LGS1ORD0002555,C000037,2025-07-22 07:00:00,Female,62,Gold,TV,Bangkok,533,Cosmetics,FreshLook,False,4.05,Clearance,0.2,Web,COD,2,755.89,0.28,423.3,1088.48,3,7,7,1,0,0
LGS1ORD0002556,C000548,2025-07-22 09:00:00,Male,66,Gold,Shopee,Phuket,1494,Home_Appliance,PureAir,False,4.15,Campaign,0.1,Web,PromptPay,2,6917.84,0.18,2490.42,11345.27,1,9,7,1,0,1
LGS1ORD0002557,C001075,2025-07-22 11:00:00,Male,33,Silver,Shopee,Nakhon Ratchasima,756,Electronics,GadgetWorld,True,4.0,Clearance,0.2,Shopee,PromptPay,4,2426.63,0.25,2426.63,7279.9,1,11,7,1,0,1
LGS1ORD0002558,C000864,2025-07-22 13:00:00,Male,59,Bronze,Web,Bangkok,1317,Kitchen,CookEasy,False,3.81,Campaign,0.05,Shopee,PromptPay,4,1560.75,0.08,499.44,5743.56,4,13,7,1,0,1
LGS1ORD0002559,C000181,2025-07-22 15:00:00,Female,38,Bronze,CallCenter,Remote_Area,758,Electronics,NovaTech,True,3.46,Campaign,0.15,Shopee,COD,1,6878.79,0.18,1238.18,5640.61,1,15,7,1,0,0
LGS1ORD0002560,C001117,2025-07-22 17:00:00,Male,45,Bronze,TV,Nakhon Ratchasima,945,Kitchen,ChefHome,False,4.29,No Promotion,0.0,Web,COD,1,1405.87,0.03,42.18,1363.69,5,17,7,1,0,0
LGS1ORD0002561,C000079,2025-07-22 19:00:00,Female,53,Bronze,TV,Bangkok,222,Health,MediCare,False,3.79,Campaign,0.15,TV_Show,COD,1,345.94,0.18,62.27,283.67,4,19,7,1,0,0
LGS1ORD0002562,C001162,2025-07-22 20:00:00,Male,35,Bronze,CallCenter,Bangkok,1046,Fashion,SilkTouch,True,3.91,Campaign,0.1,Web,PromptPay,1,631.94,0.13,82.15,549.79,3,20,7,1,0,1
LGS1ORD0002563,C000035,2025-07-22 22:00:00,Female,37,Gold,TV,Chiang Mai,538,Home_Appliance,PureAir,True,4.0,No Promotion,0.0,TV_Show,COD,2,15232.54,0.08,2437.21,28027.87,5,22,7,1,0,0
LGS1ORD0002564,C000360,2025-07-23 00:00:00,Female,50,Platinum,Shopee,Songkhla,332,Home_Appliance,PureAir,True,4.08,Campaign,0.1,Shopee,COD,2,1320.44,0.2,528.18,2112.7,5,0,7,2,0,1
LGS1ORD0002565,C000475,2025-07-23 02:00:00,Female,48,Silver,Shopee,Bangkok,1390,Fashion,UrbanWear,False,3.8,Campaign,0.1,Lazada,Credit_Card,1,962.62,0.15,144.39,818.23,3,2,7,2,0,0
LGS1ORD0002566,C001075,2025-07-23 04:00:00,Male,33,Silver,Shopee,Nakhon Ratchasima,757,Electronics,NovaTech,True,3.64,Clearance,0.2,TV_Show,COD,1,1359.49,0.25,339.87,1019.61,1,4,7,2,0,1
LGS1ORD0002567,C000165,2025-07-23 06:00:00,Male,29,Bronze,Shopee,Bangkok,1598,Electronics,ShieldCase,True,3.63,No Promotion,0.0,CallCenter,Bank_Transfer,2,3346.11,0.03,200.77,6491.45,5,6,7,2,0,0
LGS1ORD0002568,C000693,2025-07-23 08:00:00,Female,18,Gold,Web,Bangkok,1082,Fashion,FitStyle,False,3.53,No Promotion,0.0,Shopee,PromptPay,3,1934.63,0.08,464.31,5339.59,1,8,7,2,0,0
LGS1ORD0002569,C001084,2025-07-23 10:00:00,Male,47,Bronze,Shopee,Chiang Mai,1220,Kitchen,ChefHome,True,4.23,No Promotion,0.0,TV_Show,Credit_Card,4,2053.08,0.03,246.37,7965.97,3,10,7,2,0,0
LGS1ORD0002570,C000550,2025-07-23 12:00:00,Female,41,Silver,CallCenter,Nakhon Ratchasima,1092,Cosmetics,SunSafe,False,4.17,No Promotion,0.0,Web,Bank_Transfer,4,1875.72,0.05,375.14,7127.73,3,12,7,2,0,1
LGS1ORD0002571,C001025,2025-07-23 14:00:00,Male,44,Silver,TV,Khon Kaen,1172,Home_Appliance,CleanMate,True,4.0,Campaign,0.15,Shopee,COD,2,10710.62,0.2,4284.25,17136.98,1,14,7,2,0,0
LGS1ORD0002572,C000604,2025-07-23 15:00:00,Male,49,Bronze,Shopee,Remote_Area,618,Fashion,UrbanWear,False,3.82,Campaign,0.15,Lazada,COD,1,677.41,0.18,121.93,555.47,5,15,7,2,0,1
LGS1ORD0002573,C000683,2025-07-23 17:00:00,Male,40,Bronze,Lazada,Remote_Area,803,Electronics,ShieldCase,False,3.77,No Promotion,0.0,Shopee,Credit_Card,2,2708.51,0.03,162.51,5254.5,5,17,7,2,0,0
LGS1ORD0002574,C000295,2025-07-23 19:00:00,Female,48,Gold,Lazada,Remote_Area,922,Kitchen,CookEasy,False,4.09,No Promotion,0.0,CallCenter,Credit_Card,2,5402.18,0.08,864.35,9940.01,1,19,7,2,0,0
LGS1ORD0002575,C000164,2025-07-23 21:00:00,Female,48,Bronze,TV,Remote_Area,941,Health,WellPlus,False,4.14,Campaign,0.05,Shopee,COD,1,724.12,0.08,57.93,666.19,1,21,7,2,0,0
LGS1ORD0002576,C001042,2025-07-23 23:00:00,Female,63,Gold,Lazada,Khon Kaen,574,Electronics,GadgetWorld,False,3.57,Campaign,0.05,CallCenter,COD,1,592.06,0.13,76.97,515.09,3,23,7,2,0,0
LGS1ORD0002577,C000851,2025-07-24 01:00:00,Male,18,Bronze,Lazada,Chiang Mai,1205,Cosmetics,Beauty Lab,True,4.08,Campaign,0.05,Shopee,COD,1,578.71,0.08,46.3,532.41,4,1,7,3,0,0
LGS1ORD0002578,C000319,2025-07-24 03:00:00,Male,37,Bronze,Lazada,Bangkok,979,Electronics,GadgetWorld,False,3.61,Campaign,0.15,CallCenter,COD,3,4832.7,0.18,2609.66,11888.44,3,3,7,3,0,0
LGS1ORD0002579,C000359,2025-07-24 05:00:00,Female,43,Silver,TV,Bangkok,974,Kitchen,KitchenMax,True,3.98,Campaign,0.05,Shopee,PromptPay,1,2702.74,0.1,270.27,2432.47,5,5,7,3,0,0
LGS1ORD0002580,C000711,2025-07-24 07:00:00,Male,38,Bronze,Shopee,Remote_Area,560,Electronics,GadgetWorld,False,3.89,Campaign,0.15,Lazada,COD,2,3115.31,0.18,1121.51,5109.11,5,7,7,3,0,1
LGS1ORD0002581,C001186,2025-07-24 09:00:00,Female,64,Gold,CallCenter,Nakhon Ratchasima,1318,Cosmetics,SunSafe,False,4.36,Clearance,0.2,TV_Show,COD,2,601.31,0.28,336.73,865.89,1,9,7,3,0,0
LGS1ORD0002582,C000238,2025-07-24 10:00:00,Female,53,Bronze,Web,Bangkok,754,Kitchen,KitchenMax,False,4.09,No Promotion,0.0,TV_Show,COD,4,4996.94,0.03,599.63,19388.13,1,10,7,3,0,0
LGS1ORD0002583,C000617,2025-07-24 12:00:00,Male,40,Bronze,TV,Khon Kaen,218,Electronics,GadgetWorld,False,3.89,Campaign,0.15,Lazada,Credit_Card,1,3211.95,0.18,578.15,2633.8,4,12,7,3,0,0
LGS1ORD0002584,C000996,2025-07-24 14:00:00,Male,42,Gold,Shopee,Nakhon Ratchasima,1586,Electronics,ShieldCase,False,3.82,Campaign,0.1,Shopee,COD,2,6984.23,0.18,2514.32,11454.14,3,14,7,3,0,0
LGS1ORD0002585,C001087,2025-07-24 16:00:00,Female,52,Bronze,TV,Khon Kaen,976,Fashion,FitStyle,False,3.46,Clearance,0.2,Lazada,COD,1,1540.67,0.23,354.35,1186.31,4,16,7,3,0,1
LGS1ORD0002586,C000882,2025-07-24 18:00:00,Female,33,Silver,Lazada,Remote_Area,1207,Health,VitaLife,False,4.35,Clearance,0.2,TV_Show,COD,2,1742.19,0.25,871.09,2613.28,3,18,7,3,0,0
LGS1ORD0002587,C000186,2025-07-24 20:00:00,Male,55,Bronze,TV,Phuket,1367,Cosmetics,SunSafe,True,4.2,Campaign,0.15,Lazada,Credit_Card,1,2078.37,0.18,374.11,1704.26,5,20,7,3,0,0
LGS1ORD0002588,C000131,2025-07-24 22:00:00,Male,51,Bronze,TV,Bangkok,1080,Electronics,GadgetWorld,False,4.07,No Promotion,0.0,TV_Show,COD,1,1121.66,0.03,33.65,1088.01,1,22,7,3,0,0
LGS1ORD0002589,C000053,2025-07-25 00:00:00,Female,29,Platinum,Shopee,Bangkok,501,Electronics,NovaTech,False,3.87,No Promotion,0.0,Shopee,COD,2,2000.32,0.1,400.06,3600.57,5,0,7,4,0,0
LGS1ORD0002590,C001151,2025-07-25 02:00:00,Male,36,Silver,Web,Bangkok,1282,Cosmetics,SunSafe,True,3.66,No Promotion,0.0,TV_Show,Credit_Card,1,1254.63,0.05,62.73,1191.89,1,2,7,4,0,0
LGS1ORD0002591,C000247,2025-07-25 04:00:00,Female,44,Bronze,TV,Chonburi,1047,Kitchen,ChefHome,False,3.91,Clearance,0.2,Lazada,COD,1,4128.06,0.23,949.45,3178.6,1,4,7,4,0,0
LGS1ORD0002592,C000697,2025-07-25 05:00:00,Male,34,Silver,Web,Bangkok,627,Electronics,NovaTech,True,3.94,Campaign,0.15,Lazada,Bank_Transfer,2,11695.9,0.2,4678.36,18713.43,1,5,7,4,0,1
LGS1ORD0002593,C000979,2025-07-25 07:00:00,Male,51,Bronze,TV,Khon Kaen,941,Home_Appliance,CleanMate,True,3.73,Campaign,0.05,CallCenter,Bank_Transfer,1,2249.27,0.08,179.94,2069.33,3,7,7,4,0,0
LGS1ORD0002594,C001091,2025-07-25 09:00:00,Female,57,Bronze,TV,Bangkok,1050,Fashion,UrbanWear,True,3.61,Campaign,0.05,Shopee,COD,1,1090.38,0.08,87.23,1003.15,5,9,7,4,0,0
LGS1ORD0002595,C000066,2025-07-25 11:00:00,Male,61,Bronze,Shopee,Nakhon Ratchasima,930,Electronics,ShieldCase,False,4.03,No Promotion,0.0,Web,Credit_Card,1,10258.66,0.03,307.76,9950.9,3,11,7,4,0,0
LGS1ORD0002596,C000417,2025-07-25 13:00:00,Female,47,Bronze,Shopee,Nakhon Ratchasima,1255,Electronics,NovaTech,False,3.66,No Promotion,0.0,Lazada,COD,1,10985.49,0.03,329.56,10655.93,3,13,7,4,0,1
LGS1ORD0002597,C000243,2025-07-25 15:00:00,Female,35,Bronze,Lazada,Bangkok,1251,Electronics,NovaTech,True,3.64,Clearance,0.2,Lazada,Bank_Transfer,1,1576.25,0.23,362.54,1213.71,1,15,7,4,0,1
LGS1ORD0002598,C001033,2025-07-25 17:00:00,Female,37,Bronze,Shopee,Remote_Area,410,Electronics,NovaTech,True,3.71,Clearance,0.2,TV_Show,COD,1,1911.82,0.23,439.72,1472.1,5,17,7,4,0,1
LGS1ORD0002599,C001175,2025-07-25 19:00:00,Male,49,Bronze,TV,Chiang Mai,1274,Health,WellPlus,False,4.29,Campaign,0.05,Web,PromptPay,1,2799.73,0.08,223.98,2575.75,3,19,7,4,0,0
LGS1ORD0002600,C000378,2025-07-25 21:00:00,Male,45,Silver,TV,Bangkok,1515,Kitchen,CookEasy,True,4.09,Campaign,0.05,TV_Show,Credit_Card,2,4601.67,0.1,920.33,8283.0,3,21,7,4,0,0
LGS1ORD0002601,C001105,2025-07-25 23:00:00,Other,52,Platinum,TV,Chonburi,1233,Kitchen,CookEasy,False,4.19,Clearance,0.25,Lazada,COD,1,5866.54,0.35,2053.29,3813.25,3,23,7,4,0,0
LGS1ORD0002602,C000847,2025-07-26 00:00:00,Female,24,Bronze,TV,Bangkok,1276,Home_Appliance,PureAir,True,4.25,Campaign,0.05,TV_Show,Credit_Card,3,14581.82,0.08,3499.64,40245.84,5,0,7,5,1,0
LGS1ORD0002603,C000494,2025-07-26 02:00:00,Female,65,Bronze,Lazada,Bangkok,602,Fashion,UrbanWear,False,3.29,No Promotion,0.0,TV_Show,Credit_Card,1,1061.52,0.03,31.85,1029.67,3,2,7,5,1,0
LGS1ORD0002604,C000642,2025-07-26 04:00:00,Female,52,Bronze,CallCenter,Bangkok,441,Health,MediCare,False,3.83,Campaign,0.05,TV_Show,Credit_Card,1,3353.62,0.08,268.29,3085.33,5,4,7,5,1,0
LGS1ORD0002605,C000387,2025-07-26 06:00:00,Female,25,Bronze,TV,Chonburi,880,Electronics,GadgetWorld,False,3.61,Campaign,0.15,Web,PromptPay,1,5054.15,0.18,909.75,4144.41,5,6,7,5,1,0
LGS1ORD0002606,C000888,2025-07-26 08:00:00,Female,56,Bronze,TV,Khon Kaen,718,Electronics,NovaTech,False,3.66,Clearance,0.2,Lazada,COD,1,10979.54,0.23,2525.29,8454.24,3,8,7,5,1,1
LGS1ORD0002607,C000140,2025-07-26 10:00:00,Female,59,Gold,TV,Songkhla,609,Kitchen,CookEasy,False,4.09,Campaign,0.05,TV_Show,COD,3,5351.8,0.13,2087.2,13968.2,1,10,7,5,1,0
LGS1ORD0002608,C000245,2025-07-26 12:00:00,Other,50,Bronze,CallCenter,Nakhon Ratchasima,307,Home_Appliance,CleanMate,False,4.58,Campaign,0.15,TV_Show,PromptPay,1,2352.78,0.18,423.5,1929.28,3,12,7,5,1,0
LGS1ORD0002609,C001066,2025-07-26 14:00:00,Female,50,Silver,Shopee,Songkhla,719,Home_Appliance,CleanMate,True,4.1,No Promotion,0.0,TV_Show,COD,2,1248.14,0.05,124.81,2371.46,4,14,7,5,1,0
LGS1ORD0002610,C000706,2025-07-26 16:00:00,Female,49,Bronze,Lazada,Khon Kaen,1178,Electronics,GadgetWorld,False,3.89,Campaign,0.15,Shopee,Credit_Card,1,3223.23,0.18,580.18,2643.05,5,16,7,5,1,0
LGS1ORD0002611,C000279,2025-07-26 18:00:00,Male,46,Bronze,Web,Chonburi,1321,Home_Appliance,PureAir,True,4.14,Clearance,0.2,Shopee,COD,2,4432.49,0.23,2038.95,6826.03,1,18,7,5,1,1
LGS1ORD0002612,C000117,2025-07-26 19:00:00,Female,45,Silver,CallCenter,Bangkok,409,Cosmetics,SunSafe,True,4.1,Campaign,0.15,Shopee,Bank_Transfer,1,593.97,0.2,118.79,475.17,1,19,7,5,1,1
LGS1ORD0002613,C001071,2025-07-26 21:00:00,Female,43,Silver,Lazada,Khon Kaen,902,Electronics,GadgetWorld,True,3.81,Clearance,0.2,TV_Show,COD,3,9389.49,0.25,7042.12,21126.36,3,21,7,5,1,1
LGS1ORD0002614,C000065,2025-07-26 23:00:00,Male,45,Bronze,Shopee,Chonburi,962,Electronics,NovaTech,False,3.66,No Promotion,0.0,Web,COD,4,10752.5,0.03,1290.3,41719.72,1,23,7,5,1,1
LGS1ORD0002615,C000619,2025-07-27 01:00:00,Female,70,Bronze,TV,Nakhon Ratchasima,1188,Fashion,FitStyle,False,3.55,No Promotion,0.0,Web,Bank_Transfer,1,879.66,0.03,26.39,853.27,1,1,7,6,1,0
LGS1ORD0002616,C000456,2025-07-27 03:00:00,Female,32,Silver,TV,Bangkok,376,Cosmetics,Beauty Lab,False,4.11,Campaign,0.1,Shopee,Bank_Transfer,1,1666.05,0.15,249.91,1416.14,3,3,7,6,1,0
LGS1ORD0002617,C000836,2025-07-27 05:00:00,Male,31,Bronze,TV,Bangkok,1167,Health,WellPlus,False,4.39,Campaign,0.15,Shopee,COD,1,2434.31,0.18,438.18,1996.13,1,5,7,6,1,0
LGS1ORD0002618,C000565,2025-07-27 07:00:00,Female,58,Bronze,TV,Remote_Area,1653,Cosmetics,Beauty Lab,False,4.11,Campaign,0.1,Lazada,COD,1,1672.47,0.13,217.42,1455.05,4,7,7,6,1,1
LGS1ORD0002619,C000743,2025-07-27 09:00:00,Male,48,Bronze,Lazada,Khon Kaen,924,Cosmetics,FreshLook,False,4.13,Campaign,0.1,CallCenter,COD,3,796.51,0.13,310.64,2078.9,5,9,7,6,1,0
LGS1ORD0002620,C000914,2025-07-27 11:00:00,Female,48,Silver,Shopee,Phuket,751,Kitchen,ChefHome,False,3.91,Campaign,0.1,Shopee,Credit_Card,1,4480.54,0.15,672.08,3808.46,1,11,7,6,1,0
LGS1ORD0002621,C000047,2025-07-27 13:00:00,Male,30,Silver,Web,Songkhla,1479,Kitchen,KitchenMax,False,4.09,Campaign,0.15,TV_Show,COD,1,5397.79,0.2,1079.56,4318.23,3,13,7,6,1,0
LGS1ORD0002622,C000293,2025-07-27 14:00:00,Female,31,Silver,Shopee,Remote_Area,1537,Home_Appliance,HomePro,True,4.16,No Promotion,0.0,TV_Show,COD,1,8782.41,0.05,439.12,8343.29,1,14,7,6,1,0
LGS1ORD0002623,C001079,2025-07-27 16:00:00,Male,37,Bronze,TV,Nakhon Ratchasima,1598,Home_Appliance,PureAir,True,3.98,No Promotion,0.0,TV_Show,PromptPay,2,14660.34,0.03,879.62,28441.07,1,16,7,6,1,0
LGS1ORD0002624,C000019,2025-07-27 18:00:00,Male,61,Platinum,TV,Phuket,1360,Kitchen,KitchenMax,False,4.09,Clearance,0.25,Shopee,Bank_Transfer,2,5336.34,0.35,3735.44,6937.24,5,18,7,6,1,0
LGS1ORD0002625,C000853,2025-07-27 20:00:00,Male,34,Gold,Shopee,Songkhla,1489,Electronics,NovaTech,False,3.77,Campaign,0.15,TV_Show,Credit_Card,1,5450.4,0.2299999999999999,1253.59,4196.81,1,20,7,6,1,1
LGS1ORD0002626,C000633,2025-07-27 22:00:00,Female,47,Gold,Web,Bangkok,611,Electronics,NovaTech,False,3.7,Campaign,0.15,CallCenter,COD,2,6793.22,0.2299999999999999,3124.88,10461.55,1,22,7,6,1,0
LGS1ORD0002627,C000237,2025-07-28 00:00:00,Male,59,Gold,Shopee,Nakhon Ratchasima,1549,Fashion,UrbanWear,False,3.48,Campaign,0.05,Lazada,Credit_Card,2,711.82,0.13,185.07,1238.57,4,0,7,0,0,0
LGS1ORD0002628,C000076,2025-07-28 02:00:00,Female,65,Platinum,Web,Nakhon Ratchasima,1549,Kitchen,CookEasy,False,4.09,Clearance,0.2,Lazada,Credit_Card,1,1369.68,0.3,410.9,958.78,5,2,7,0,0,1
LGS1ORD0002629,C000566,2025-07-28 04:00:00,Female,50,Silver,CallCenter,Chiang Mai,901,Electronics,ShieldCase,True,3.86,Campaign,0.15,CallCenter,COD,1,4599.39,0.2,919.88,3679.51,5,4,7,0,0,0
LGS1ORD0002630,C001146,2025-07-28 06:00:00,Female,44,Bronze,Shopee,Chiang Mai,958,Fashion,FitStyle,False,3.48,No Promotion,0.0,TV_Show,Bank_Transfer,2,1737.99,0.03,104.28,3371.7,3,6,7,0,0,1
LGS1ORD0002631,C000450,2025-07-28 08:00:00,Female,55,Gold,TV,Chonburi,875,Home_Appliance,PureAir,False,4.2,No Promotion,0.0,Web,Bank_Transfer,1,15149.92,0.08,1211.99,13937.93,4,8,7,0,0,0
LGS1ORD0002632,C000559,2025-07-28 09:00:00,Female,30,Bronze,Lazada,Bangkok,535,Fashion,UrbanWear,False,3.68,Campaign,0.15,Shopee,Credit_Card,2,1019.38,0.18,366.98,1671.78,1,9,7,0,0,0
LGS1ORD0002633,C001171,2025-07-28 11:00:00,Female,59,Bronze,Web,Chiang Mai,292,Fashion,FitStyle,False,3.53,Campaign,0.15,TV_Show,PromptPay,1,1783.82,0.18,321.09,1462.74,3,11,7,0,0,0
LGS1ORD0002634,C001055,2025-07-28 13:00:00,Male,44,Gold,Lazada,Chiang Mai,1368,Cosmetics,FreshLook,False,3.94,Clearance,0.25,Lazada,Bank_Transfer,1,997.85,0.33,329.29,668.56,3,13,7,0,0,0
LGS1ORD0002635,C000085,2025-07-28 15:00:00,Female,49,Platinum,TV,Bangkok,409,Home_Appliance,CleanMate,True,4.01,Clearance,0.25,TV_Show,Credit_Card,3,5969.95,0.35,6268.45,11641.41,5,15,7,0,0,0
LGS1ORD0002636,C000582,2025-07-28 17:00:00,Female,24,Bronze,TV,Bangkok,730,Electronics,GadgetWorld,True,3.82,Clearance,0.2,TV_Show,COD,3,10911.85,0.23,7529.18,25206.38,1,17,7,0,0,0
LGS1ORD0002637,C000691,2025-07-28 19:00:00,Male,30,Gold,Web,Chiang Mai,1536,Home_Appliance,PureAir,False,4.02,Campaign,0.05,TV_Show,PromptPay,3,12210.25,0.13,4762.0,31868.75,3,19,7,0,0,0
LGS1ORD0002638,C000143,2025-07-28 21:00:00,Female,29,Bronze,TV,Nakhon Ratchasima,377,Health,WellPlus,True,3.95,No Promotion,0.0,Web,COD,1,1192.6,0.03,35.78,1156.82,1,21,7,0,0,0
LGS1ORD0002639,C000496,2025-07-28 23:00:00,Male,55,Bronze,Web,Remote_Area,647,Home_Appliance,CleanMate,False,3.89,Clearance,0.25,Web,COD,1,9855.86,0.28,2759.64,7096.22,5,23,7,0,0,1
LGS1ORD0002640,C000587,2025-07-29 01:00:00,Female,55,Bronze,Shopee,Remote_Area,1480,Electronics,ShieldCase,False,3.64,Campaign,0.15,Web,COD,1,1102.52,0.18,198.45,904.07,3,1,7,1,0,0
LGS1ORD0002641,C000728,2025-07-29 03:00:00,Female,35,Bronze,TV,Chiang Mai,1440,Fashion,FitStyle,False,3.53,No Promotion,0.0,Lazada,PromptPay,1,1837.34,0.03,55.12,1782.22,5,3,7,1,0,0
LGS1ORD0002642,C000233,2025-07-29 04:00:00,Female,50,Silver,Web,Remote_Area,1365,Kitchen,CookEasy,True,4.04,Campaign,0.15,Lazada,Credit_Card,4,4986.82,0.2,3989.45,15957.82,3,4,7,1,0,0
LGS1ORD0002643,C000264,2025-07-29 06:00:00,Male,66,Platinum,TV,Chiang Mai,1204,Cosmetics,FreshLook,False,4.13,Clearance,0.25,Shopee,Credit_Card,2,821.96,0.35,575.37,1068.54,1,6,7,1,0,0
LGS1ORD0002644,C000800,2025-07-29 08:00:00,Male,31,Platinum,Lazada,Songkhla,452,Kitchen,ChefHome,False,4.15,Campaign,0.15,Web,COD,1,4359.28,0.25,1089.82,3269.46,4,8,7,1,0,0
LGS1ORD0002645,C001123,2025-07-29 10:00:00,Female,18,Bronze,Shopee,Bangkok,1123,Fashion,SilkTouch,False,3.86,Campaign,0.15,Shopee,Credit_Card,1,530.71,0.18,95.53,435.18,5,10,7,1,0,0
LGS1ORD0002646,C000728,2025-07-29 12:00:00,Female,35,Bronze,TV,Chiang Mai,1440,Cosmetics,Beauty Lab,True,4.13,Campaign,0.1,Web,COD,2,1674.62,0.13,435.4,2913.83,1,12,7,1,0,0
LGS1ORD0002647,C000847,2025-07-29 14:00:00,Female,24,Bronze,TV,Bangkok,1279,Fashion,FitStyle,False,3.44,No Promotion,0.0,Web,COD,2,831.16,0.03,49.87,1612.46,3,14,7,1,0,0
LGS1ORD0002648,C000814,2025-07-29 16:00:00,Male,44,Gold,TV,Chonburi,263,Fashion,SilkTouch,False,3.43,Campaign,0.15,Web,COD,1,1261.92,0.2299999999999999,290.24,971.68,3,16,7,1,0,0
LGS1ORD0002649,C001069,2025-07-29 18:00:00,Female,52,Gold,Web,Bangkok,729,Home_Appliance,CleanMate,True,4.08,Campaign,0.05,Lazada,PromptPay,2,13728.39,0.13,3569.38,23887.39,1,18,7,1,0,0
LGS1ORD0002650,C001129,2025-07-29 20:00:00,Female,34,Bronze,Web,Khon Kaen,1366,Health,VitaLife,False,4.19,Campaign,0.15,Shopee,COD,1,3541.9,0.18,637.54,2904.35,1,20,7,1,0,0
LGS1ORD0002651,C000621,2025-07-29 22:00:00,Male,39,Silver,TV,Chiang Mai,662,Cosmetics,Beauty Lab,False,4.04,Clearance,0.2,Web,COD,2,2076.77,0.25,1038.39,3115.16,1,22,7,1,0,0
LGS1ORD0002652,C000480,2025-07-29 23:00:00,Female,48,Gold,TV,Khon Kaen,1378,Fashion,UrbanWear,False,3.72,Campaign,0.15,TV_Show,COD,1,2542.31,0.2299999999999999,584.73,1957.58,3,23,7,1,0,0
LGS1ORD0002653,C000015,2025-07-30 01:00:00,Female,46,Gold,Shopee,Chonburi,392,Home_Appliance,CleanMate,True,4.11,Campaign,0.15,Lazada,Credit_Card,3,7205.36,0.2299999999999999,4971.7,16644.39,1,1,7,2,0,0
LGS1ORD0002654,C000034,2025-07-30 03:00:00,Female,38,Bronze,Web,Khon Kaen,648,Kitchen,CookEasy,True,3.96,Clearance,0.2,CallCenter,COD,1,3043.59,0.23,700.03,2343.57,5,3,7,2,0,0
LGS1ORD0002655,C000011,2025-07-30 05:00:00,Male,27,Silver,CallCenter,Nakhon Ratchasima,552,Home_Appliance,PureAir,True,3.76,No Promotion,0.0,TV_Show,Credit_Card,3,4330.07,0.05,649.51,12340.69,4,5,7,2,0,0
LGS1ORD0002656,C001103,2025-07-30 07:00:00,Female,36,Bronze,TV,Remote_Area,1167,Kitchen,KitchenMax,True,3.76,No Promotion,0.0,CallCenter,PromptPay,2,3488.83,0.03,209.33,6768.33,1,7,7,2,0,0
LGS1ORD0002657,C000684,2025-07-30 09:00:00,Female,48,Platinum,Lazada,Chonburi,1343,Kitchen,ChefHome,False,3.68,Campaign,0.15,TV_Show,Credit_Card,1,3220.02,0.25,805.0,2415.01,3,9,7,2,0,0
LGS1ORD0002658,C001090,2025-07-30 11:00:00,Male,53,Gold,TV,Bangkok,430,Electronics,NovaTech,False,4.03,Clearance,0.2,Web,PromptPay,1,9318.66,0.28,2609.23,6709.44,1,11,7,2,0,0
LGS1ORD0002659,C001142,2025-07-30 13:00:00,Other,52,Bronze,Shopee,Khon Kaen,1092,Electronics,GadgetWorld,False,3.66,Campaign,0.15,Shopee,Credit_Card,1,6312.66,0.18,1136.28,5176.38,1,13,7,2,0,0
LGS1ORD0002660,C000855,2025-07-30 15:00:00,Female,32,Gold,CallCenter,Songkhla,1508,Home_Appliance,CleanMate,False,3.82,No Promotion,0.0,TV_Show,Credit_Card,2,2102.24,0.08,336.36,3868.12,1,15,7,2,0,1
LGS1ORD0002661,C000431,2025-07-30 17:00:00,Male,56,Silver,CallCenter,Songkhla,1064,Health,MediCare,False,4.77,Campaign,0.15,CallCenter,COD,1,270.87,0.2,54.17,216.69,1,17,7,2,0,0
LGS1ORD0002662,C000157,2025-07-30 19:00:00,Male,22,Gold,CallCenter,Songkhla,1492,Health,MediCare,False,4.24,No Promotion,0.0,CallCenter,COD,3,1619.48,0.08,388.68,4469.78,5,19,7,2,0,0
LGS1ORD0002663,C001016,2025-07-30 20:00:00,Female,27,Bronze,Lazada,Bangkok,256,Electronics,ShieldCase,True,3.43,Clearance,0.2,Shopee,PromptPay,3,5292.26,0.23,3651.66,12225.13,1,20,7,2,0,0
LGS1ORD0002664,C001060,2025-07-30 22:00:00,Male,32,Bronze,Shopee,Songkhla,1281,Electronics,GadgetWorld,False,3.71,No Promotion,0.0,Shopee,Credit_Card,2,7568.04,0.03,454.08,14682.0,3,22,7,2,0,0
LGS1ORD0002665,C001077,2025-07-31 00:00:00,Male,37,Silver,Web,Khon Kaen,678,Kitchen,CookEasy,False,4.19,Campaign,0.1,Shopee,Bank_Transfer,1,5912.92,0.15,886.94,5025.98,3,0,7,3,0,0
LGS1ORD0002666,C000553,2025-07-31 02:00:00,Male,53,Bronze,TV,Khon Kaen,1611,Cosmetics,Beauty Lab,True,4.21,Campaign,0.15,CallCenter,COD,3,2138.45,0.18,1154.76,5260.58,3,2,7,3,0,0
LGS1ORD0002667,C000371,2025-07-31 04:00:00,Male,18,Gold,CallCenter,Bangkok,1234,Kitchen,ChefHome,False,4.34,No Promotion,0.0,Shopee,COD,1,2666.0,0.08,213.28,2452.72,3,4,7,3,0,0
LGS1ORD0002668,C000104,2025-07-31 06:00:00,Other,61,Silver,Shopee,Bangkok,314,Electronics,NovaTech,False,3.87,Clearance,0.25,Shopee,COD,1,1956.21,0.3,586.86,1369.34,3,6,7,3,0,0
LGS1ORD0002669,C000436,2025-07-31 08:00:00,Female,70,Bronze,Web,Phuket,1504,Fashion,FitStyle,True,3.85,Campaign,0.05,Web,COD,1,1086.5,0.08,86.92,999.58,3,8,7,3,0,0
LGS1ORD0002670,C000811,2025-07-31 10:00:00,Male,50,Bronze,CallCenter,Chiang Mai,528,Cosmetics,SunSafe,True,3.96,No Promotion,0.0,Web,Bank_Transfer,2,283.98,0.03,17.04,550.92,3,10,7,3,0,0
LGS1ORD0002671,C000338,2025-07-31 12:00:00,Male,54,Bronze,Shopee,Khon Kaen,819,Electronics,NovaTech,False,3.66,No Promotion,0.0,Lazada,COD,1,11002.14,0.03,330.06,10672.07,1,12,7,3,0,0
LGS1ORD0002672,C001189,2025-07-31 14:00:00,Female,40,Bronze,TV,Remote_Area,1431,Cosmetics,FreshLook,False,4.22,No Promotion,0.0,TV_Show,COD,1,1608.75,0.03,48.26,1560.49,1,14,7,3,0,1
LGS1ORD0002673,C000368,2025-07-31 15:00:00,Male,54,Silver,CallCenter,Chonburi,862,Electronics,GadgetWorld,True,4.0,Campaign,0.15,Web,COD,2,2710.51,0.2,1084.21,4336.82,3,15,7,3,0,0
LGS1ORD0002674,C000877,2025-07-31 17:00:00,Female,29,Bronze,TV,Songkhla,542,Cosmetics,Beauty Lab,False,4.18,No Promotion,0.0,CallCenter,COD,1,532.55,0.03,15.98,516.58,3,17,7,3,0,0
LGS1ORD0002675,C001018,2025-07-31 19:00:00,Female,32,Silver,Shopee,Chonburi,1221,Kitchen,ChefHome,False,4.2,Campaign,0.05,Shopee,Bank_Transfer,1,3551.66,0.1,355.17,3196.5,3,19,7,3,0,0
LGS1ORD0002676,C000398,2025-07-31 21:00:00,Female,43,Silver,TV,Phuket,670,Kitchen,KitchenMax,True,3.89,Campaign,0.1,TV_Show,COD,1,3673.2,0.15,550.98,3122.22,4,21,7,3,0,0
LGS1ORD0002677,C000666,2025-07-31 23:00:00,Male,51,Silver,TV,Bangkok,935,Fashion,UrbanWear,False,3.29,Campaign,0.15,TV_Show,COD,1,996.35,0.2,199.27,797.08,3,23,7,3,0,1
LGS1ORD0002678,C000800,2025-08-01 01:00:00,Male,31,Platinum,Lazada,Songkhla,455,Fashion,SilkTouch,False,3.5,Campaign,0.15,Lazada,Credit_Card,3,1877.71,0.25,1408.29,4224.86,5,1,8,4,0,1
LGS1ORD0002679,C000722,2025-08-01 03:00:00,Male,40,Bronze,TV,Songkhla,895,Health,WellPlus,False,4.37,Campaign,0.05,CallCenter,COD,2,4018.72,0.08,642.99,7394.44,3,3,8,4,0,0
LGS1ORD0002680,C001087,2025-08-01 05:00:00,Female,52,Bronze,TV,Khon Kaen,984,Home_Appliance,CleanMate,True,3.85,Clearance,0.2,Web,Credit_Card,2,5153.88,0.23,2370.79,7936.98,5,5,8,4,0,0
LGS1ORD0002681,C001030,2025-08-01 07:00:00,Female,59,Silver,Web,Chonburi,680,Health,MediCare,False,3.83,Clearance,0.2,TV_Show,COD,4,3531.62,0.25,3531.62,10594.86,1,7,8,4,0,0
LGS1ORD0002682,C000150,2025-08-01 09:00:00,Female,43,Platinum,TV,Phuket,1510,Cosmetics,Beauty Lab,True,4.21,Campaign,0.05,TV_Show,COD,1,2068.38,0.15,310.26,1758.13,1,9,8,4,0,0
LGS1ORD0002683,C000638,2025-08-01 10:00:00,Female,35,Silver,Lazada,Remote_Area,1301,Kitchen,ChefHome,True,3.95,Campaign,0.05,Lazada,COD,2,1347.37,0.1,269.47,2425.27,1,10,8,4,0,0
LGS1ORD0002684,C000505,2025-08-01 12:00:00,Male,35,Silver,CallCenter,Khon Kaen,1199,Health,MediCare,False,4.38,Clearance,0.25,Shopee,Credit_Card,2,2175.26,0.3,1305.16,3045.36,1,12,8,4,0,1
LGS1ORD0002685,C000039,2025-08-01 14:00:00,Female,48,Bronze,Shopee,Bangkok,1619,Electronics,NovaTech,False,3.38,Campaign,0.15,Shopee,Bank_Transfer,1,8447.11,0.18,1520.48,6926.63,4,14,8,4,0,0
LGS1ORD0002686,C000556,2025-08-01 16:00:00,Female,54,Silver,Shopee,Khon Kaen,547,Electronics,ShieldCase,False,3.8,Campaign,0.15,Shopee,COD,1,7189.31,0.2,1437.86,5751.45,3,16,8,4,0,1
LGS1ORD0002687,C000107,2025-08-01 18:00:00,Female,51,Bronze,TV,Chiang Mai,1224,Electronics,ShieldCase,True,3.63,Campaign,0.1,Lazada,COD,1,3930.13,0.13,510.92,3419.22,3,18,8,4,0,0
LGS1ORD0002688,C000096,2025-08-01 20:00:00,Female,42,Silver,TV,Chonburi,1385,Home_Appliance,HomePro,True,3.73,Campaign,0.05,CallCenter,COD,1,10191.08,0.1,1019.11,9171.97,4,20,8,4,0,0
LGS1ORD0002689,C000459,2025-08-01 22:00:00,Female,46,Platinum,Web,Phuket,878,Fashion,UrbanWear,False,3.22,Clearance,0.25,Shopee,PromptPay,1,918.98,0.35,321.64,597.34,3,22,8,4,0,1
LGS1ORD0002690,C000757,2025-08-02 00:00:00,Male,35,Bronze,TV,Remote_Area,711,Electronics,NovaTech,True,3.71,Campaign,0.15,Web,COD,3,1867.43,0.18,1008.41,4593.88,5,0,8,5,1,1
LGS1ORD0002691,C000756,2025-08-02 02:00:00,Female,34,Bronze,TV,Remote_Area,915,Fashion,SilkTouch,False,3.75,Campaign,0.1,TV_Show,COD,3,1513.45,0.13,590.24,3950.09,1,2,8,5,1,0
LGS1ORD0002692,C000521,2025-08-02 04:00:00,Female,32,Bronze,CallCenter,Phuket,697,Cosmetics,SunSafe,False,3.75,No Promotion,0.0,CallCenter,Credit_Card,1,2153.85,0.03,64.62,2089.23,3,4,8,5,1,0
LGS1ORD0002693,C000897,2025-08-02 05:00:00,Male,42,Silver,Web,Nakhon Ratchasima,1437,Health,WellPlus,False,4.29,Clearance,0.25,TV_Show,COD,1,2546.81,0.3,764.04,1782.76,5,5,8,5,1,1
LGS1ORD0002694,C000018,2025-08-02 07:00:00,Female,28,Silver,Web,Phuket,1588,Fashion,SilkTouch,False,3.48,Campaign,0.1,Lazada,PromptPay,1,1657.42,0.15,248.61,1408.81,4,7,8,5,1,0
LGS1ORD0002695,C001096,2025-08-02 09:00:00,Male,54,Silver,Shopee,Nakhon Ratchasima,627,Cosmetics,FreshLook,False,4.31,Campaign,0.1,Shopee,COD,1,1976.12,0.15,296.42,1679.7,5,9,8,5,1,0
LGS1ORD0002696,C000658,2025-08-02 11:00:00,Male,42,Gold,Shopee,Bangkok,673,Home_Appliance,PureAir,True,4.21,Clearance,0.2,Web,COD,1,12840.24,0.28,3595.27,9244.97,3,11,8,5,1,0
LGS1ORD0002697,C000029,2025-08-02 13:00:00,Male,18,Silver,TV,Khon Kaen,447,Cosmetics,Beauty Lab,False,4.21,Clearance,0.2,TV_Show,COD,1,2235.68,0.25,558.92,1676.76,4,13,8,5,1,0
LGS1ORD0002698,C000246,2025-08-02 15:00:00,Male,32,Bronze,Shopee,Bangkok,570,Electronics,NovaTech,False,3.38,Campaign,0.15,TV_Show,COD,1,8061.49,0.18,1451.07,6610.42,4,15,8,5,1,1
LGS1ORD0002699,C000175,2025-08-02 17:00:00,Female,54,Bronze,Lazada,Remote_Area,1505,Electronics,NovaTech,False,3.75,No Promotion,0.0,Lazada,COD,1,10247.21,0.03,307.42,9939.8,1,17,8,5,1,0
LGS1ORD0002700,C000011,2025-08-02 19:00:00,Male,27,Silver,CallCenter,Nakhon Ratchasima,555,Fashion,UrbanWear,False,3.45,Campaign,0.15,Web,Credit_Card,2,961.24,0.2,384.5,1537.99,1,19,8,5,1,0
LGS1ORD0002701,C000159,2025-08-02 21:00:00,Female,42,Bronze,CallCenter,Songkhla,1587,Kitchen,CookEasy,True,3.86,No Promotion,0.0,Shopee,PromptPay,2,1665.16,0.03,99.91,3230.41,1,21,8,5,1,0
LGS1ORD0002702,C000072,2025-08-02 23:00:00,Male,44,Bronze,Web,Nakhon Ratchasima,1391,Fashion,SilkTouch,False,3.21,Clearance,0.25,TV_Show,Bank_Transfer,2,1928.1,0.28,1079.74,2776.46,4,23,8,5,1,1
LGS1ORD0002703,C001120,2025-08-03 00:00:00,Female,18,Bronze,TV,Khon Kaen,309,Electronics,ShieldCase,False,3.7,No Promotion,0.0,Lazada,Credit_Card,1,11800.52,0.03,354.02,11446.51,3,0,8,6,1,0
LGS1ORD0002704,C000043,2025-08-03 02:00:00,Female,26,Silver,Shopee,Bangkok,1310,Fashion,SilkTouch,True,3.72,Campaign,0.05,TV_Show,Bank_Transfer,2,974.25,0.1,194.85,1753.65,1,2,8,6,1,0
LGS1ORD0002705,C000768,2025-08-03 04:00:00,Other,47,Bronze,TV,Phuket,695,Health,WellPlus,True,4.22,Clearance,0.25,Lazada,PromptPay,2,3907.22,0.28,2188.05,5626.4,3,4,8,6,1,0
LGS1ORD0002706,C000303,2025-08-03 06:00:00,Male,45,Silver,CallCenter,Bangkok,511,Health,MediCare,False,3.83,No Promotion,0.0,Shopee,COD,1,3528.35,0.05,176.42,3351.93,1,6,8,6,1,0
LGS1ORD0002707,C000537,2025-08-03 08:00:00,Female,33,Platinum,TV,Chiang Mai,912,Electronics,GadgetWorld,False,3.61,Clearance,0.2,Web,COD,3,4878.34,0.3,4390.5,10244.51,1,8,8,6,1,0
LGS1ORD0002708,C001081,2025-08-03 10:00:00,Male,24,Bronze,Lazada,Chiang Mai,1568,Health,MediCare,False,4.34,Campaign,0.15,Web,COD,2,1647.24,0.18,593.01,2701.47,4,10,8,6,1,1
LGS1ORD0002709,C000513,2025-08-03 12:00:00,Male,59,Silver,CallCenter,Bangkok,1238,Cosmetics,FreshLook,False,4.0,Campaign,0.15,Shopee,COD,2,370.39,0.2,148.16,592.63,1,12,8,6,1,0
LGS1ORD0002710,C001017,2025-08-03 14:00:00,Male,48,Bronze,TV,Khon Kaen,278,Home_Appliance,PureAir,False,4.42,No Promotion,0.0,CallCenter,COD,1,9675.71,0.03,290.27,9385.44,3,14,8,6,1,0
LGS1ORD0002711,C001018,2025-08-03 16:00:00,Female,32,Silver,Shopee,Chonburi,1224,Home_Appliance,CleanMate,False,3.89,Clearance,0.25,TV_Show,COD,1,10299.6,0.3,3089.88,7209.72,1,16,8,6,1,0
LGS1ORD0002712,C001130,2025-08-03 18:00:00,Male,37,Bronze,TV,Bangkok,1629,Electronics,ShieldCase,False,3.84,Clearance,0.25,TV_Show,COD,1,1079.35,0.28,302.22,777.13,3,18,8,6,1,0
LGS1ORD0002713,C000930,2025-08-03 19:00:00,Female,48,Bronze,Lazada,Bangkok,1465,Health,MediCare,False,4.15,Campaign,0.15,TV_Show,PromptPay,2,4399.41,0.18,1583.79,7215.04,4,19,8,6,1,0
LGS1ORD0002714,C000806,2025-08-03 21:00:00,Male,51,Bronze,CallCenter,Songkhla,1418,Fashion,SilkTouch,False,3.75,Clearance,0.2,Lazada,PromptPay,1,1574.24,0.23,362.07,1212.16,1,21,8,6,1,0
LGS1ORD0002715,C000921,2025-08-03 23:00:00,Female,61,Bronze,TV,Remote_Area,943,Electronics,ShieldCase,False,3.64,Campaign,0.05,Lazada,COD,1,1118.46,0.08,89.48,1028.98,5,23,8,6,1,1
LGS1ORD0002716,C000232,2025-08-04 01:00:00,Female,57,Silver,Web,Bangkok,1260,Health,WellPlus,False,4.29,No Promotion,0.0,Web,Credit_Card,2,2358.4,0.05,235.84,4480.96,1,1,8,0,0,0
LGS1ORD0002717,C000136,2025-08-04 03:00:00,Female,45,Bronze,Web,Khon Kaen,250,Fashion,UrbanWear,False,3.51,No Promotion,0.0,Shopee,PromptPay,1,416.5,0.03,12.5,404.01,4,3,8,0,0,0
LGS1ORD0002718,C000454,2025-08-04 05:00:00,Female,60,Bronze,TV,Remote_Area,975,Cosmetics,Beauty Lab,True,4.08,Campaign,0.15,Shopee,COD,1,568.99,0.18,102.42,466.57,3,5,8,0,0,1
LGS1ORD0002719,C000484,2025-08-04 07:00:00,Female,27,Bronze,Web,Bangkok,1370,Kitchen,ChefHome,False,3.91,Campaign,0.15,TV_Show,Credit_Card,1,4318.32,0.18,777.3,3541.02,5,7,8,0,0,0
LGS1ORD0002720,C000658,2025-08-04 09:00:00,Male,42,Gold,Shopee,Bangkok,675,Kitchen,ChefHome,False,4.32,No Promotion,0.0,Lazada,Credit_Card,3,4722.82,0.08,1133.48,13035.0,4,9,8,0,0,0
LGS1ORD0002721,C000732,2025-08-04 11:00:00,Female,39,Gold,Lazada,Songkhla,402,Home_Appliance,CleanMate,True,4.11,Clearance,0.25,Shopee,Credit_Card,1,7547.83,0.33,2490.78,5057.05,3,11,8,0,0,0
LGS1ORD0002722,C000476,2025-08-04 13:00:00,Male,47,Bronze,TV,Remote_Area,438,Home_Appliance,PureAir,True,3.62,Campaign,0.05,Lazada,COD,3,11100.59,0.08,2664.14,30637.62,4,13,8,0,0,0
LGS1ORD0002723,C001150,2025-08-04 14:00:00,Female,55,Bronze,Lazada,Khon Kaen,448,Home_Appliance,CleanMate,False,4.14,Clearance,0.2,Shopee,PromptPay,1,13965.97,0.23,3212.17,10753.8,3,14,8,0,0,0
LGS1ORD0002724,C000020,2025-08-04 16:00:00,Female,18,Bronze,Web,Chonburi,961,Home_Appliance,PureAir,True,3.7,Campaign,0.15,Web,COD,1,2714.12,0.18,488.54,2225.58,3,16,8,0,0,1
LGS1ORD0002725,C000084,2025-08-04 18:00:00,Male,52,Silver,Shopee,Bangkok,1487,Electronics,GadgetWorld,False,3.83,Clearance,0.2,Lazada,PromptPay,1,2351.5,0.25,587.88,1763.63,1,18,8,0,0,0
LGS1ORD0002726,C001018,2025-08-04 20:00:00,Female,32,Silver,Shopee,Chonburi,1225,Electronics,NovaTech,False,3.89,Clearance,0.2,Lazada,COD,3,7416.29,0.25,5562.22,16686.66,3,20,8,0,0,0
LGS1ORD0002727,C000862,2025-08-04 22:00:00,Female,39,Silver,TV,Khon Kaen,1557,Kitchen,ChefHome,False,4.15,Clearance,0.25,TV_Show,COD,1,4161.08,0.3,1248.32,2912.76,3,22,8,0,0,0
LGS1ORD0002728,C000174,2025-08-05 00:00:00,Female,51,Gold,Shopee,Khon Kaen,686,Electronics,GadgetWorld,False,3.98,Campaign,0.05,Web,COD,1,3083.24,0.13,400.82,2682.42,5,0,8,1,0,0
LGS1ORD0002729,C000722,2025-08-05 02:00:00,Male,40,Bronze,TV,Songkhla,899,Fashion,UrbanWear,False,3.49,Clearance,0.2,Shopee,Credit_Card,2,511.65,0.23,235.36,787.94,3,2,8,1,0,1
LGS1ORD0002730,C000868,2025-08-05 04:00:00,Male,39,Gold,Shopee,Chiang Mai,1190,Fashion,SilkTouch,False,3.9,Clearance,0.2,Lazada,COD,2,695.82,0.28,389.66,1001.99,3,4,8,1,0,0
LGS1ORD0002731,C000142,2025-08-05 06:00:00,Male,53,Platinum,TV,Bangkok,1038,Cosmetics,Beauty Lab,True,4.06,No Promotion,0.0,Shopee,Credit_Card,1,780.24,0.1,78.02,702.22,3,6,8,1,0,0
LGS1ORD0002732,C000009,2025-08-05 08:00:00,Male,51,Silver,TV,Chiang Mai,936,Cosmetics,Beauty Lab,True,4.08,Clearance,0.25,Web,COD,1,534.38,0.3,160.32,374.07,5,8,8,1,0,0
LGS1ORD0002733,C000822,2025-08-05 09:00:00,Female,44,Silver,TV,Bangkok,1674,Health,WellPlus,False,4.14,Clearance,0.25,TV_Show,PromptPay,1,741.55,0.3,222.47,519.09,5,9,8,1,0,0
LGS1ORD0002734,C000067,2025-08-05 11:00:00,Female,42,Gold,Web,Bangkok,1243,Fashion,UrbanWear,False,3.49,Clearance,0.2,Web,Bank_Transfer,2,494.03,0.28,276.66,711.4,1,11,8,1,0,0
LGS1ORD0002735,C001156,2025-08-05 13:00:00,Female,42,Silver,Web,Chiang Mai,702,Electronics,NovaTech,False,4.03,Campaign,0.1,Shopee,PromptPay,1,8469.86,0.15,1270.48,7199.38,3,13,8,1,0,1
LGS1ORD0002736,C000236,2025-08-05 15:00:00,Male,53,Gold,Lazada,Bangkok,1207,Health,WellPlus,True,4.28,No Promotion,0.0,TV_Show,PromptPay,2,1371.86,0.08,219.5,2524.22,1,15,8,1,0,0
LGS1ORD0002737,C000854,2025-08-05 17:00:00,Male,28,Gold,Web,Nakhon Ratchasima,414,Health,WellPlus,False,4.39,Clearance,0.2,TV_Show,Credit_Card,1,2231.06,0.28,624.7,1606.36,3,17,8,1,0,0
LGS1ORD0002738,C000122,2025-08-05 19:00:00,Female,41,Bronze,TV,Remote_Area,898,Home_Appliance,PureAir,True,4.11,No Promotion,0.0,TV_Show,PromptPay,1,3688.27,0.03,110.65,3577.62,5,19,8,1,0,0
LGS1ORD0002739,C000417,2025-08-05 21:00:00,Female,47,Bronze,Shopee,Nakhon Ratchasima,1266,Kitchen,CookEasy,False,3.98,Campaign,0.15,Lazada,COD,3,759.8,0.18,410.29,1869.1,3,21,8,1,0,0
LGS1ORD0002740,C001018,2025-08-05 23:00:00,Female,32,Silver,Shopee,Chonburi,1226,Fashion,FitStyle,False,3.51,No Promotion,0.0,Web,COD,1,916.23,0.05,45.81,870.42,5,23,8,1,0,0
LGS1ORD0002741,C000422,2025-08-06 01:00:00,Female,27,Bronze,Shopee,Bangkok,466,Cosmetics,SunSafe,False,4.28,Campaign,0.05,Web,Credit_Card,1,1427.95,0.08,114.24,1313.71,3,1,8,2,0,0
LGS1ORD0002742,C000769,2025-08-06 03:00:00,Male,32,Bronze,Shopee,Chiang Mai,887,Cosmetics,SunSafe,False,3.75,No Promotion,0.0,CallCenter,Credit_Card,1,2318.7,0.03,69.56,2249.14,5,3,8,2,0,0
LGS1ORD0002743,C000396,2025-08-06 04:00:00,Male,66,Silver,Web,Remote_Area,1344,Electronics,GadgetWorld,False,3.86,Campaign,0.05,Shopee,PromptPay,1,4643.79,0.1,464.38,4179.42,1,4,8,2,0,0
LGS1ORD0002744,C001152,2025-08-06 06:00:00,Male,26,Gold,Web,Bangkok,978,Electronics,GadgetWorld,True,4.0,No Promotion,0.0,Web,Credit_Card,1,2683.44,0.08,214.68,2468.76,3,6,8,2,0,0
LGS1ORD0002745,C000794,2025-08-06 08:00:00,Female,49,Bronze,Web,Bangkok,1217,Cosmetics,Beauty Lab,False,3.89,Campaign,0.05,Lazada,COD,1,1090.47,0.08,87.24,1003.23,3,8,8,2,0,0
LGS1ORD0002746,C000733,2025-08-06 10:00:00,Male,49,Bronze,Lazada,Bangkok,428,Health,MediCare,False,3.83,No Promotion,0.0,CallCenter,Credit_Card,1,3438.18,0.03,103.15,3335.04,1,10,8,2,0,0
LGS1ORD0002747,C000834,2025-08-06 12:00:00,Male,58,Silver,Lazada,Chonburi,1307,Electronics,NovaTech,True,4.02,No Promotion,0.0,Shopee,PromptPay,1,10152.33,0.05,507.62,9644.71,4,12,8,2,0,0
LGS1ORD0002748,C000624,2025-08-06 14:00:00,Female,30,Silver,Lazada,Chonburi,1518,Cosmetics,Beauty Lab,False,3.9,No Promotion,0.0,TV_Show,COD,1,1730.75,0.05,86.54,1644.21,3,14,8,2,0,0
LGS1ORD0002749,C000180,2025-08-06 16:00:00,Male,38,Silver,Lazada,Bangkok,1508,Fashion,UrbanWear,False,3.72,Campaign,0.05,TV_Show,Credit_Card,1,2351.51,0.1,235.15,2116.36,3,16,8,2,0,0
LGS1ORD0002750,C000855,2025-08-06 18:00:00,Female,32,Gold,CallCenter,Songkhla,1515,Kitchen,ChefHome,False,4.2,No Promotion,0.0,TV_Show,COD,1,3451.64,0.08,276.13,3175.51,1,18,8,2,0,0
LGS1ORD0002751,C000472,2025-08-06 20:00:00,Male,50,Platinum,Shopee,Khon Kaen,710,Kitchen,KitchenMax,True,4.1,Clearance,0.25,Web,Credit_Card,2,2807.16,0.35,1965.01,3649.3,3,20,8,2,0,0
LGS1ORD0002752,C000265,2025-08-06 22:00:00,Female,71,Gold,TV,Bangkok,531,Kitchen,CookEasy,True,4.12,Campaign,0.05,Shopee,COD,1,3367.49,0.13,437.77,2929.71,1,22,8,2,0,0
LGS1ORD0002753,C000774,2025-08-06 23:00:00,Female,43,Bronze,Web,Chiang Mai,658,Cosmetics,SunSafe,False,4.47,No Promotion,0.0,Web,COD,1,1122.77,0.03,33.68,1089.09,4,23,8,2,0,0
LGS1ORD0002754,C000947,2025-08-07 01:00:00,Male,53,Silver,Web,Songkhla,435,Cosmetics,FreshLook,True,3.9,Clearance,0.2,TV_Show,COD,1,1141.57,0.25,285.39,856.18,4,1,8,3,0,0
LGS1ORD0002755,C000107,2025-08-07 03:00:00,Female,51,Bronze,TV,Chiang Mai,1230,Kitchen,ChefHome,False,4.27,No Promotion,0.0,Shopee,COD,1,4261.79,0.03,127.85,4133.93,3,3,8,3,0,0
LGS1ORD0002756,C000588,2025-08-07 05:00:00,Female,27,Gold,Web,Bangkok,1539,Cosmetics,FreshLook,False,4.21,Clearance,0.2,TV_Show,COD,4,498.44,0.28,558.25,1435.5,5,5,8,3,0,0
LGS1ORD0002757,C000171,2025-08-07 07:00:00,Female,39,Bronze,Web,Chonburi,606,Home_Appliance,CleanMate,True,3.91,Clearance,0.2,Web,Bank_Transfer,1,7945.61,0.23,1827.49,6118.12,3,7,8,3,0,0
LGS1ORD0002758,C000872,2025-08-07 09:00:00,Female,47,Bronze,TV,Remote_Area,1197,Fashion,SilkTouch,True,3.72,Clearance,0.25,Web,COD,1,984.81,0.28,275.75,709.06,1,9,8,3,0,1
LGS1ORD0002759,C000292,2025-08-07 11:00:00,Female,55,Gold,Web,Khon Kaen,1330,Fashion,UrbanWear,False,3.48,Campaign,0.15,Web,COD,1,734.42,0.2299999999999999,168.92,565.5,5,11,8,3,0,0
LGS1ORD0002760,C000837,2025-08-07 13:00:00,Male,28,Platinum,TV,Bangkok,305,Health,WellPlus,True,4.22,Clearance,0.2,Lazada,Credit_Card,1,3944.54,0.3,1183.36,2761.18,1,13,8,3,0,1
LGS1ORD0002761,C000923,2025-08-07 15:00:00,Male,61,Silver,Lazada,Bangkok,348,Home_Appliance,PureAir,True,4.14,Campaign,0.15,Shopee,COD,1,4265.42,0.2,853.08,3412.34,1,15,8,3,0,0
LGS1ORD0002762,C000003,2025-08-07 17:00:00,Male,32,Platinum,TV,Phuket,562,Electronics,ShieldCase,False,3.64,Campaign,0.15,Shopee,COD,1,1158.66,0.25,289.66,868.99,3,17,8,3,0,1
LGS1ORD0002763,C000117,2025-08-07 19:00:00,Female,45,Silver,CallCenter,Bangkok,421,Home_Appliance,CleanMate,True,3.73,No Promotion,0.0,TV_Show,COD,2,1981.35,0.05,198.14,3764.57,4,19,8,3,0,0
LGS1ORD0002764,C000504,2025-08-07 20:00:00,Male,37,Bronze,CallCenter,Chiang Mai,1162,Kitchen,KitchenMax,False,4.07,Clearance,0.2,Web,Credit_Card,1,3451.35,0.23,793.81,2657.54,1,20,8,3,0,0
LGS1ORD0002765,C000663,2025-08-07 22:00:00,Female,39,Bronze,Shopee,Chiang Mai,589,Cosmetics,FreshLook,False,4.21,Campaign,0.1,CallCenter,COD,1,473.44,0.13,61.55,411.9,1,22,8,3,0,0
LGS1ORD0002766,C000950,2025-08-08 00:00:00,Male,54,Gold,Web,Bangkok,1301,Health,WellPlus,False,4.23,No Promotion,0.0,TV_Show,Credit_Card,1,1540.22,0.08,123.22,1417.0,5,0,8,4,0,0
LGS1ORD0002767,C000362,2025-08-08 02:00:00,Female,40,Bronze,Lazada,Chonburi,474,Fashion,FitStyle,False,3.18,Clearance,0.2,Web,COD,1,565.69,0.23,130.11,435.58,1,2,8,4,0,1
LGS1ORD0002768,C000805,2025-08-08 04:00:00,Male,55,Silver,Shopee,Khon Kaen,1276,Kitchen,CookEasy,False,4.09,Campaign,0.05,Web,Credit_Card,1,5190.33,0.1,519.03,4671.3,5,4,8,4,0,0
LGS1ORD0002769,C000175,2025-08-08 06:00:00,Female,54,Bronze,Lazada,Remote_Area,1511,Electronics,NovaTech,False,3.66,Clearance,0.2,CallCenter,COD,4,10725.19,0.23,9867.18,33033.59,4,6,8,4,0,1
LGS1ORD0002770,C000624,2025-08-08 08:00:00,Female,30,Silver,Lazada,Chonburi,1520,Kitchen,KitchenMax,False,4.01,Campaign,0.15,TV_Show,Bank_Transfer,1,3372.88,0.2,674.58,2698.3,1,8,8,4,0,0
LGS1ORD0002771,C000921,2025-08-08 10:00:00,Female,61,Bronze,TV,Remote_Area,948,Fashion,SilkTouch,False,3.86,Clearance,0.2,Web,COD,3,2187.52,0.23,1509.39,5053.18,1,10,8,4,0,1
LGS1ORD0002772,C001004,2025-08-08 12:00:00,Male,57,Silver,Web,Bangkok,874,Health,MediCare,False,4.34,No Promotion,0.0,Web,COD,1,1637.97,0.05,81.9,1556.08,3,12,8,4,0,0
LGS1ORD0002773,C000286,2025-08-08 14:00:00,Female,48,Silver,Web,Chonburi,297,Cosmetics,FreshLook,False,4.12,Campaign,0.1,CallCenter,PromptPay,2,191.22,0.15,57.37,325.07,3,14,8,4,0,0
LGS1ORD0002774,C000877,2025-08-08 15:00:00,Female,29,Bronze,TV,Songkhla,550,Home_Appliance,HomePro,True,4.33,Campaign,0.15,TV_Show,Bank_Transfer,1,11022.78,0.18,1984.1,9038.68,3,15,8,4,0,0
LGS1ORD0002775,C000170,2025-08-08 17:00:00,Male,50,Silver,TV,Bangkok,1179,Cosmetics,FreshLook,False,4.26,Campaign,0.15,Web,PromptPay,1,2090.67,0.2,418.13,1672.53,4,17,8,4,0,0
LGS1ORD0002776,C001191,2025-08-08 19:00:00,Female,33,Gold,CallCenter,Chonburi,655,Kitchen,KitchenMax,True,3.76,Campaign,0.05,Web,COD,1,3380.7,0.13,439.49,2941.21,5,19,8,4,0,0
LGS1ORD0002777,C000984,2025-08-08 21:00:00,Female,44,Silver,Lazada,Bangkok,1380,Health,WellPlus,False,4.39,No Promotion,0.0,Web,COD,1,2390.58,0.05,119.53,2271.05,3,21,8,4,0,0
LGS1ORD0002778,C000363,2025-08-08 23:00:00,Male,39,Bronze,TV,Bangkok,508,Kitchen,KitchenMax,False,4.0,Campaign,0.15,Shopee,COD,2,5171.38,0.18,1861.7,8481.06,4,23,8,4,0,0
LGS1ORD0002779,C000010,2025-08-09 01:00:00,Female,42,Bronze,Lazada,Songkhla,1506,Electronics,GadgetWorld,False,3.78,Campaign,0.05,TV_Show,COD,1,5363.95,0.08,429.12,4934.84,1,1,8,5,1,1
LGS1ORD0002780,C000395,2025-08-09 03:00:00,Female,47,Bronze,TV,Phuket,671,Fashion,UrbanWear,True,3.78,Campaign,0.05,Lazada,COD,1,1589.1,0.08,127.13,1461.97,5,3,8,5,1,0
LGS1ORD0002781,C000121,2025-08-09 05:00:00,Female,44,Bronze,TV,Bangkok,1150,Home_Appliance,HomePro,True,4.07,No Promotion,0.0,TV_Show,Credit_Card,3,1234.43,0.03,111.1,3592.2,5,5,8,5,1,0
LGS1ORD0002782,C000993,2025-08-09 07:00:00,Male,42,Silver,Lazada,Chiang Mai,1514,Electronics,NovaTech,False,3.66,Campaign,0.1,Lazada,Credit_Card,4,10387.74,0.15,6232.64,35318.3,3,7,8,5,1,0
LGS1ORD0002783,C000397,2025-08-09 09:00:00,Male,47,Silver,CallCenter,Nakhon Ratchasima,1423,Health,VitaLife,False,4.36,No Promotion,0.0,Web,COD,1,366.27,0.05,18.31,347.95,3,9,8,5,1,0
LGS1ORD0002784,C000873,2025-08-09 10:00:00,Male,49,Gold,Lazada,Khon Kaen,734,Health,MediCare,False,4.51,No Promotion,0.0,CallCenter,Bank_Transfer,1,3063.88,0.08,245.11,2818.77,1,10,8,5,1,0
LGS1ORD0002785,C000879,2025-08-09 12:00:00,Male,30,Bronze,TV,Phuket,756,Cosmetics,SunSafe,False,4.28,Clearance,0.2,Shopee,Credit_Card,1,1389.96,0.23,319.69,1070.27,3,12,8,5,1,0
LGS1ORD0002786,C000313,2025-08-09 14:00:00,Female,25,Gold,Web,Chiang Mai,411,Fashion,UrbanWear,False,3.61,Clearance,0.2,TV_Show,PromptPay,1,837.7,0.28,234.56,603.15,5,14,8,5,1,1
LGS1ORD0002787,C000094,2025-08-09 16:00:00,Male,49,Silver,Shopee,Remote_Area,1645,Home_Appliance,PureAir,True,4.25,Campaign,0.05,Web,COD,2,13924.82,0.1,2784.96,25064.68,3,16,8,5,1,0
LGS1ORD0002788,C000442,2025-08-09 18:00:00,Male,51,Bronze,Shopee,Bangkok,881,Cosmetics,SunSafe,False,4.47,Campaign,0.15,CallCenter,COD,1,1198.08,0.18,215.65,982.42,5,18,8,5,1,0
LGS1ORD0002789,C001047,2025-08-09 20:00:00,Male,44,Gold,Web,Chiang Mai,1184,Electronics,ShieldCase,False,3.63,Clearance,0.2,Web,COD,1,5552.02,0.28,1554.56,3997.45,1,20,8,5,1,0
LGS1ORD0002790,C000871,2025-08-09 22:00:00,Female,46,Bronze,Web,Chiang Mai,558,Health,WellPlus,True,4.28,Clearance,0.2,TV_Show,COD,1,1322.78,0.23,304.24,1018.54,5,22,8,5,1,0
LGS1ORD0002791,C000737,2025-08-10 00:00:00,Male,51,Bronze,CallCenter,Bangkok,1560,Kitchen,KitchenMax,False,3.83,Clearance,0.25,TV_Show,Credit_Card,2,3975.24,0.28,2226.13,5724.35,3,0,8,6,1,0
LGS1ORD0002792,C001175,2025-08-10 02:00:00,Male,49,Bronze,TV,Chiang Mai,1290,Fashion,FitStyle,False,3.41,Clearance,0.2,TV_Show,Credit_Card,1,605.47,0.23,139.26,466.21,1,2,8,6,1,0
LGS1ORD0002793,C000402,2025-08-10 04:00:00,Female,35,Bronze,Shopee,Bangkok,615,Kitchen,ChefHome,False,4.32,Campaign,0.05,Web,COD,1,4958.78,0.08,396.7,4562.08,4,4,8,6,1,0
LGS1ORD0002794,C000892,2025-08-10 05:00:00,Other,42,Bronze,Shopee,Chiang Mai,745,Fashion,SilkTouch,False,3.62,No Promotion,0.0,Web,Credit_Card,1,1709.22,0.03,51.28,1657.94,5,5,8,6,1,0
LGS1ORD0002795,C000711,2025-08-10 07:00:00,Male,38,Bronze,Shopee,Remote_Area,577,Kitchen,ChefHome,False,4.29,Clearance,0.2,CallCenter,PromptPay,1,1374.72,0.23,316.19,1058.54,3,7,8,6,1,0
LGS1ORD0002796,C000168,2025-08-10 09:00:00,Female,32,Gold,Web,Chiang Mai,523,Fashion,FitStyle,False,3.51,Clearance,0.2,Lazada,COD,1,893.14,0.28,250.08,643.06,1,9,8,6,1,1
LGS1ORD0002797,C000779,2025-08-10 11:00:00,Female,49,Silver,Shopee,Bangkok,1436,Fashion,SilkTouch,False,3.86,No Promotion,0.0,Shopee,Bank_Transfer,2,2208.61,0.05,220.86,4196.36,1,11,8,6,1,0
LGS1ORD0002798,C000154,2025-08-10 13:00:00,Male,35,Gold,Shopee,Bangkok,448,Cosmetics,Beauty Lab,True,4.08,Campaign,0.15,CallCenter,COD,1,589.18,0.2299999999999999,135.51,453.67,1,13,8,6,1,0
LGS1ORD0002799,C000546,2025-08-10 15:00:00,Female,37,Silver,TV,Bangkok,450,Cosmetics,SunSafe,True,3.98,Clearance,0.25,Shopee,COD,1,2202.4,0.3,660.72,1541.68,3,15,8,6,1,0
LGS1ORD0002800,C000202,2025-08-10 17:00:00,Female,48,Silver,Web,Khon Kaen,542,Health,MediCare,False,4.51,Clearance,0.2,Shopee,COD,1,3025.03,0.25,756.26,2268.77,3,17,8,6,1,0
LGS1ORD0002801,C000617,2025-08-10 19:00:00,Male,40,Bronze,TV,Khon Kaen,235,Home_Appliance,PureAir,True,4.04,Campaign,0.15,Lazada,PromptPay,3,7525.96,0.18,4064.02,18513.85,1,19,8,6,1,1
LGS1ORD0002802,C001040,2025-08-10 21:00:00,Female,50,Silver,Web,Chiang Mai,241,Health,VitaLife,False,4.39,Campaign,0.15,Lazada,Credit_Card,1,2665.65,0.2,533.13,2132.52,3,21,8,6,1,0
LGS1ORD0002803,C001010,2025-08-10 23:00:00,Male,29,Bronze,Lazada,Remote_Area,1384,Electronics,ShieldCase,True,4.33,Clearance,0.25,TV_Show,COD,1,4776.86,0.28,1337.52,3439.34,3,23,8,6,1,0
LGS1ORD0002804,C000188,2025-08-11 00:00:00,Male,57,Bronze,TV,Chonburi,1237,Health,MediCare,False,4.15,No Promotion,0.0,CallCenter,COD,1,4353.2,0.03,130.6,4222.6,1,0,8,0,0,0
LGS1ORD0002805,C000129,2025-08-11 02:00:00,Female,25,Bronze,Shopee,Bangkok,1176,Kitchen,ChefHome,False,4.13,Campaign,0.1,Shopee,Credit_Card,1,5418.46,0.13,704.4,4714.06,4,2,8,0,0,0
LGS1ORD0002806,C001046,2025-08-11 04:00:00,Female,46,Bronze,Shopee,Songkhla,1021,Electronics,NovaTech,False,3.6,Clearance,0.2,TV_Show,Credit_Card,3,9170.21,0.23,6327.45,21183.19,5,4,8,0,0,1
LGS1ORD0002807,C000719,2025-08-11 06:00:00,Female,43,Bronze,TV,Bangkok,886,Fashion,FitStyle,False,3.68,Campaign,0.15,Web,COD,1,1851.23,0.18,333.22,1518.01,5,6,8,0,0,0
LGS1ORD0002808,C000078,2025-08-11 08:00:00,Male,33,Bronze,Lazada,Bangkok,871,Kitchen,KitchenMax,False,4.09,No Promotion,0.0,CallCenter,COD,2,1320.54,0.03,79.23,2561.86,1,8,8,0,0,0
LGS1ORD0002809,C000797,2025-08-11 10:00:00,Male,25,Gold,Web,Songkhla,1431,Cosmetics,FreshLook,False,4.13,No Promotion,0.0,Web,COD,3,853.42,0.08,204.82,2355.44,3,10,8,0,0,0
LGS1ORD0002810,C000252,2025-08-11 12:00:00,Female,54,Bronze,Lazada,Khon Kaen,1463,Electronics,GadgetWorld,True,3.81,Campaign,0.05,Web,Credit_Card,1,9226.58,0.08,738.13,8488.45,3,12,8,0,0,1
LGS1ORD0002811,C000965,2025-08-11 14:00:00,Female,26,Bronze,CallCenter,Remote_Area,1137,Health,MediCare,False,4.51,No Promotion,0.0,Shopee,COD,1,3263.14,0.03,97.89,3165.24,1,14,8,0,0,0
LGS1ORD0002812,C000767,2025-08-11 16:00:00,Female,31,Gold,Shopee,Bangkok,422,Cosmetics,Beauty Lab,False,3.79,No Promotion,0.0,Shopee,Credit_Card,2,1460.94,0.08,233.75,2688.13,3,16,8,0,0,1
LGS1ORD0002813,C000071,2025-08-11 18:00:00,Male,37,Platinum,CallCenter,Bangkok,817,Cosmetics,Beauty Lab,True,4.08,Campaign,0.05,TV_Show,COD,1,579.42,0.15,86.91,492.51,3,18,8,0,0,0
LGS1ORD0002814,C000694,2025-08-11 19:00:00,Female,39,Gold,Shopee,Chiang Mai,1167,Home_Appliance,HomePro,True,3.97,Clearance,0.2,Shopee,Credit_Card,1,9108.56,0.28,2550.4,6558.16,4,19,8,0,0,0
LGS1ORD0002815,C000043,2025-08-11 21:00:00,Female,26,Silver,Shopee,Bangkok,1318,Electronics,GadgetWorld,False,3.8,No Promotion,0.0,Shopee,PromptPay,2,9086.83,0.05,908.68,17264.97,5,21,8,0,0,0
LGS1ORD0002816,C001187,2025-08-11 23:00:00,Male,58,Bronze,Shopee,Chiang Mai,1100,Kitchen,ChefHome,True,4.23,Campaign,0.1,Web,Bank_Transfer,2,2011.74,0.13,523.05,3500.42,3,23,8,0,0,0
LGS1ORD0002817,C001154,2025-08-12 01:00:00,Female,40,Bronze,TV,Remote_Area,1026,Cosmetics,FreshLook,False,4.22,Campaign,0.1,TV_Show,COD,2,1421.21,0.13,369.52,2472.91,3,1,8,1,0,0
LGS1ORD0002818,C000056,2025-08-12 03:00:00,Female,33,Silver,Web,Bangkok,1212,Fashion,UrbanWear,False,3.81,No Promotion,0.0,Lazada,PromptPay,2,1939.73,0.05,193.97,3685.49,3,3,8,1,0,1
LGS1ORD0002819,C001081,2025-08-12 05:00:00,Male,24,Bronze,Lazada,Chiang Mai,1577,Electronics,ShieldCase,False,4.03,No Promotion,0.0,TV_Show,PromptPay,1,9937.97,0.03,298.14,9639.83,4,5,8,1,0,0
LGS1ORD0002820,C000346,2025-08-12 07:00:00,Female,36,Bronze,Web,Bangkok,389,Electronics,ShieldCase,True,3.63,No Promotion,0.0,Web,Credit_Card,2,3393.2,0.03,203.59,6582.8,3,7,8,1,0,1
LGS1ORD0002821,C001171,2025-08-12 09:00:00,Female,59,Bronze,Web,Chiang Mai,307,Home_Appliance,HomePro,True,4.16,Campaign,0.1,Shopee,COD,1,9284.21,0.13,1206.95,8077.26,4,9,8,1,0,0
LGS1ORD0002822,C000386,2025-08-12 11:00:00,Male,49,Bronze,Web,Khon Kaen,356,Health,WellPlus,False,4.39,Campaign,0.15,Web,Credit_Card,1,2449.64,0.18,440.94,2008.71,3,11,8,1,0,0
LGS1ORD0002823,C000571,2025-08-12 13:00:00,Male,27,Bronze,Lazada,Chonburi,1131,Cosmetics,SunSafe,True,4.02,No Promotion,0.0,Lazada,COD,1,1033.5,0.03,31.01,1002.5,1,13,8,1,0,0
LGS1ORD0002824,C000326,2025-08-12 14:00:00,Male,45,Gold,Lazada,Khon Kaen,797,Home_Appliance,CleanMate,True,3.85,No Promotion,0.0,Web,COD,1,5452.94,0.08,436.24,5016.71,3,14,8,1,0,0
LGS1ORD0002825,C000980,2025-08-12 16:00:00,Female,55,Silver,CallCenter,Bangkok,842,Electronics,ShieldCase,False,3.61,Clearance,0.25,Web,Bank_Transfer,1,8727.79,0.3,2618.34,6109.45,3,16,8,1,0,0
LGS1ORD0002826,C000575,2025-08-12 18:00:00,Female,27,Bronze,TV,Chonburi,376,Kitchen,CookEasy,True,3.96,Clearance,0.25,Lazada,Credit_Card,1,2820.49,0.28,789.74,2030.75,1,18,8,1,0,0
LGS1ORD0002827,C001161,2025-08-12 20:00:00,Male,39,Bronze,TV,Chiang Mai,1415,Health,MediCare,False,3.83,No Promotion,0.0,Web,PromptPay,1,3457.77,0.03,103.73,3354.03,1,20,8,1,0,0
LGS1ORD0002828,C001178,2025-08-12 22:00:00,Female,36,Bronze,Lazada,Khon Kaen,487,Kitchen,ChefHome,False,3.91,Campaign,0.1,TV_Show,COD,3,4296.12,0.13,1675.49,11212.87,5,22,8,1,0,1
LGS1ORD0002829,C000914,2025-08-13 00:00:00,Female,48,Silver,Shopee,Phuket,768,Home_Appliance,CleanMate,True,4.11,No Promotion,0.0,TV_Show,COD,3,7631.94,0.05,1144.79,21751.04,1,0,8,2,0,0
LGS1ORD0002830,C001161,2025-08-13 02:00:00,Male,39,Bronze,TV,Chiang Mai,1416,Kitchen,ChefHome,False,4.38,No Promotion,0.0,Web,Bank_Transfer,2,5013.46,0.03,300.81,9726.12,3,2,8,2,0,1
LGS1ORD0002831,C001042,2025-08-13 04:00:00,Female,63,Gold,Lazada,Khon Kaen,595,Home_Appliance,PureAir,True,3.92,Campaign,0.05,Shopee,Bank_Transfer,3,3475.29,0.13,1355.36,9070.51,4,4,8,2,0,0
LGS1ORD0002832,C001021,2025-08-13 06:00:00,Female,29,Gold,Lazada,Phuket,476,Cosmetics,FreshLook,False,4.07,Campaign,0.15,Shopee,PromptPay,1,1687.97,0.2299999999999999,388.23,1299.74,1,6,8,2,0,0
LGS1ORD0002833,C000013,2025-08-13 08:00:00,Female,31,Silver,Shopee,Remote_Area,1422,Kitchen,CookEasy,True,4.12,Campaign,0.15,Shopee,COD,1,3388.69,0.2,677.74,2710.95,1,8,8,2,0,0
LGS1ORD0002834,C000438,2025-08-13 09:00:00,Male,29,Silver,Web,Khon Kaen,382,Home_Appliance,CleanMate,False,4.47,Campaign,0.15,Lazada,Credit_Card,1,13998.53,0.2,2799.71,11198.82,5,9,8,2,0,0
LGS1ORD0002835,C000190,2025-08-13 11:00:00,Female,46,Bronze,CallCenter,Remote_Area,1127,Cosmetics,FreshLook,False,4.12,Campaign,0.15,Shopee,COD,2,188.38,0.18,67.82,308.94,4,11,8,2,0,0
LGS1ORD0002836,C000647,2025-08-13 13:00:00,Female,59,Gold,Shopee,Chiang Mai,1645,Fashion,FitStyle,False,3.53,Clearance,0.2,Web,COD,1,1704.06,0.28,477.14,1226.93,4,13,8,2,0,0
LGS1ORD0002837,C000088,2025-08-13 15:00:00,Female,43,Bronze,Shopee,Chiang Mai,1529,Fashion,SilkTouch,False,3.47,Clearance,0.2,Web,COD,3,1881.87,0.23,1298.49,4347.12,5,15,8,2,0,1
LGS1ORD0002838,C000014,2025-08-13 17:00:00,Male,44,Bronze,Shopee,Nakhon Ratchasima,366,Fashion,SilkTouch,True,3.4,Clearance,0.2,Shopee,COD,3,1619.04,0.23,1117.14,3739.99,5,17,8,2,0,1
LGS1ORD0002839,C000079,2025-08-13 19:00:00,Female,53,Bronze,TV,Bangkok,244,Electronics,NovaTech,False,3.68,No Promotion,0.0,TV_Show,Bank_Transfer,1,4393.94,0.03,131.82,4262.12,1,19,8,2,0,0
LGS1ORD0002840,C000402,2025-08-13 21:00:00,Female,35,Bronze,Shopee,Bangkok,618,Home_Appliance,PureAir,False,4.19,Campaign,0.05,TV_Show,Bank_Transfer,1,6388.66,0.08,511.09,5877.57,1,21,8,2,0,0
LGS1ORD0002841,C000620,2025-08-13 23:00:00,Female,60,Silver,TV,Chiang Mai,1643,Cosmetics,FreshLook,False,4.07,Campaign,0.15,Shopee,COD,2,1750.91,0.2,700.36,2801.45,3,23,8,2,0,0
LGS1ORD0002842,C000490,2025-08-14 01:00:00,Male,36,Bronze,Web,Bangkok,1033,Fashion,SilkTouch,False,3.9,Clearance,0.2,Shopee,PromptPay,2,687.86,0.23,316.42,1059.31,4,1,8,3,0,0
LGS1ORD0002843,C000450,2025-08-14 03:00:00,Female,55,Gold,TV,Chonburi,892,Home_Appliance,HomePro,True,4.33,No Promotion,0.0,Shopee,Credit_Card,1,10989.87,0.08,879.19,10110.68,4,3,8,3,0,0
LGS1ORD0002844,C000943,2025-08-14 04:00:00,Female,37,Bronze,Shopee,Bangkok,1449,Home_Appliance,CleanMate,True,3.75,Clearance,0.2,Lazada,COD,2,5367.42,0.23,2469.01,8265.82,1,4,8,3,0,1
LGS1ORD0002845,C000032,2025-08-14 06:00:00,Female,36,Silver,Web,Bangkok,912,Fashion,FitStyle,False,3.48,No Promotion,0.0,Web,Credit_Card,1,1806.84,0.05,90.34,1716.49,3,6,8,3,0,0
LGS1ORD0002846,C001146,2025-08-14 08:00:00,Female,44,Bronze,Shopee,Chiang Mai,975,Cosmetics,FreshLook,False,3.94,Campaign,0.05,Shopee,PromptPay,1,426.71,0.08,34.14,392.58,5,8,8,3,0,0
LGS1ORD0002847,C001124,2025-08-14 10:00:00,Male,29,Gold,Shopee,Bangkok,258,Fashion,SilkTouch,True,3.72,Clearance,0.2,Shopee,Credit_Card,2,950.39,0.28,532.22,1368.56,3,10,8,3,0,1
LGS1ORD0002848,C000607,2025-08-14 12:00:00,Female,46,Bronze,Lazada,Chiang Mai,521,Fashion,SilkTouch,False,3.5,Clearance,0.25,Shopee,PromptPay,1,2009.04,0.28,562.53,1446.51,1,12,8,3,0,0
LGS1ORD0002849,C000250,2025-08-14 14:00:00,Male,40,Silver,TV,Chonburi,1068,Fashion,UrbanWear,True,3.61,Campaign,0.1,TV_Show,COD,2,1074.2,0.15,322.26,1826.14,3,14,8,3,0,0
LGS1ORD0002850,C000408,2025-08-14 16:00:00,Female,45,Bronze,CallCenter,Chiang Mai,1452,Home_Appliance,PureAir,False,4.02,Clearance,0.2,Lazada,Credit_Card,1,12178.39,0.23,2801.03,9377.36,4,16,8,3,0,0
LGS1ORD0002851,C000943,2025-08-14 18:00:00,Female,37,Bronze,Shopee,Bangkok,1449,Cosmetics,Beauty Lab,False,3.9,Clearance,0.2,Web,Bank_Transfer,3,1682.67,0.23,1161.04,3886.96,4,18,8,3,0,0
LGS1ORD0002852,C001184,2025-08-14 20:00:00,Male,32,Silver,Web,Bangkok,848,Electronics,ShieldCase,False,3.82,Campaign,0.1,Shopee,Credit_Card,2,7552.35,0.15,2265.7,12838.99,3,20,8,3,0,1
LGS1ORD0002853,C000350,2025-08-14 22:00:00,Male,44,Gold,Shopee,Chiang Mai,1054,Electronics,NovaTech,False,3.87,No Promotion,0.0,Shopee,Credit_Card,2,1949.0,0.08,311.84,3586.16,3,22,8,3,0,0
LGS1ORD0002854,C000696,2025-08-14 23:00:00,Male,50,Platinum,Shopee,Chiang Mai,1388,Kitchen,ChefHome,False,4.22,Campaign,0.05,Shopee,Credit_Card,1,1309.28,0.15,196.39,1112.88,1,23,8,3,0,0
LGS1ORD0002855,C001113,2025-08-15 01:00:00,Female,38,Bronze,Shopee,Chonburi,251,Fashion,SilkTouch,False,3.48,Campaign,0.1,Shopee,COD,1,1646.43,0.13,214.04,1432.39,4,1,8,4,0,1
LGS1ORD0002856,C001094,2025-08-15 03:00:00,Male,61,Gold,Web,Remote_Area,670,Fashion,FitStyle,False,3.46,Clearance,0.2,TV_Show,COD,1,1400.13,0.28,392.04,1008.09,5,3,8,4,0,0
LGS1ORD0002857,C000158,2025-08-15 05:00:00,Female,55,Silver,Lazada,Bangkok,1540,Electronics,NovaTech,False,3.89,Campaign,0.05,Shopee,PromptPay,1,6699.63,0.1,669.96,6029.67,1,5,8,4,0,0
LGS1ORD0002858,C000180,2025-08-15 07:00:00,Male,38,Silver,Lazada,Bangkok,1517,Electronics,NovaTech,False,4.0,Campaign,0.15,Web,COD,4,8371.6,0.2,6697.28,26789.13,5,7,8,4,0,1
LGS1ORD0002859,C000728,2025-08-15 09:00:00,Female,35,Bronze,TV,Chiang Mai,1457,Fashion,SilkTouch,False,3.77,Clearance,0.2,TV_Show,Credit_Card,1,957.98,0.23,220.34,737.64,5,9,8,4,0,1
LGS1ORD0002860,C000403,2025-08-15 11:00:00,Female,37,Platinum,Shopee,Remote_Area,771,Home_Appliance,PureAir,False,4.37,Campaign,0.15,TV_Show,COD,4,5613.72,0.25,5613.72,16841.15,5,11,8,4,0,0
LGS1ORD0002861,C001171,2025-08-15 13:00:00,Female,59,Bronze,Web,Chiang Mai,310,Fashion,FitStyle,False,3.36,No Promotion,0.0,Web,COD,1,991.13,0.03,29.73,961.4,3,13,8,4,0,0
LGS1ORD0002862,C000132,2025-08-15 15:00:00,Female,18,Bronze,TV,Chonburi,896,Cosmetics,FreshLook,False,3.95,Clearance,0.2,Shopee,PromptPay,2,1520.27,0.23,699.32,2341.22,4,15,8,4,0,1
LGS1ORD0002863,C000677,2025-08-15 17:00:00,Female,52,Gold,Lazada,Bangkok,990,Home_Appliance,CleanMate,True,3.71,Clearance,0.2,TV_Show,COD,2,8989.59,0.28,5034.17,12945.01,1,17,8,4,0,1
LGS1ORD0002864,C001168,2025-08-15 19:00:00,Male,55,Silver,Shopee,Chonburi,1011,Fashion,UrbanWear,False,3.72,No Promotion,0.0,TV_Show,PromptPay,3,2630.73,0.05,394.61,7497.58,1,19,8,4,0,0
LGS1ORD0002865,C000755,2025-08-15 20:00:00,Female,18,Platinum,CallCenter,Bangkok,1451,Fashion,SilkTouch,True,3.4,Campaign,0.15,Web,Credit_Card,1,1745.35,0.25,436.34,1309.01,3,20,8,4,0,0
LGS1ORD0002866,C000107,2025-08-15 22:00:00,Female,51,Bronze,TV,Chiang Mai,1238,Fashion,FitStyle,False,3.72,No Promotion,0.0,CallCenter,COD,1,1965.77,0.03,58.97,1906.79,1,22,8,4,0,1
LGS1ORD0002867,C000222,2025-08-16 00:00:00,Male,50,Silver,TV,Remote_Area,914,Electronics,GadgetWorld,False,3.78,No Promotion,0.0,CallCenter,Credit_Card,1,5665.62,0.05,283.28,5382.34,1,0,8,5,1,0
LGS1ORD0002868,C000759,2025-08-16 02:00:00,Male,26,Silver,Web,Bangkok,264,Home_Appliance,PureAir,False,4.37,No Promotion,0.0,CallCenter,PromptPay,1,5375.09,0.05,268.75,5106.34,4,2,8,5,1,1
LGS1ORD0002869,C000894,2025-08-16 04:00:00,Female,63,Gold,Web,Nakhon Ratchasima,1121,Cosmetics,Beauty Lab,False,3.76,No Promotion,0.0,TV_Show,Bank_Transfer,2,1780.09,0.08,284.81,3275.36,3,4,8,5,1,0
LGS1ORD0002870,C000514,2025-08-16 06:00:00,Female,53,Bronze,TV,Remote_Area,550,Fashion,FitStyle,False,3.51,Campaign,0.05,Shopee,PromptPay,1,909.76,0.08,72.78,836.98,3,6,8,5,1,0
LGS1ORD0002871,C000469,2025-08-16 08:00:00,Female,58,Bronze,Shopee,Chiang Mai,805,Fashion,SilkTouch,False,3.86,Campaign,0.05,Shopee,COD,2,500.19,0.08,80.03,920.36,1,8,8,5,1,0
LGS1ORD0002872,C000415,2025-08-16 10:00:00,Female,47,Gold,Lazada,Phuket,1242,Home_Appliance,CleanMate,False,3.89,Campaign,0.15,TV_Show,Credit_Card,1,10065.92,0.2299999999999999,2315.16,7750.76,1,10,8,5,1,0
LGS1ORD0002873,C000003,2025-08-16 12:00:00,Male,32,Platinum,TV,Phuket,571,Cosmetics,FreshLook,False,4.07,Clearance,0.2,Web,PromptPay,2,1744.35,0.3,1046.61,2442.09,4,12,8,5,1,0
LGS1ORD0002874,C000596,2025-08-16 14:00:00,Male,55,Silver,TV,Bangkok,1197,Home_Appliance,PureAir,False,4.16,Campaign,0.05,Web,COD,1,9496.48,0.1,949.65,8546.84,3,14,8,5,1,0
LGS1ORD0002875,C000347,2025-08-16 15:00:00,Male,68,Bronze,Shopee,Khon Kaen,764,Home_Appliance,CleanMate,False,3.81,Campaign,0.15,Shopee,COD,1,12958.03,0.18,2332.45,10625.58,1,15,8,5,1,0
LGS1ORD0002876,C000888,2025-08-16 17:00:00,Female,56,Bronze,TV,Khon Kaen,739,Electronics,NovaTech,True,3.46,Campaign,0.1,Shopee,COD,1,7418.28,0.13,964.38,6453.91,3,17,8,5,1,1
LGS1ORD0002877,C000594,2025-08-16 19:00:00,Male,35,Gold,Web,Khon Kaen,299,Cosmetics,SunSafe,True,3.98,Campaign,0.1,TV_Show,COD,2,2064.34,0.18,743.16,3385.53,4,19,8,5,1,0
LGS1ORD0002878,C000703,2025-08-16 21:00:00,Female,48,Bronze,Web,Bangkok,727,Fashion,FitStyle,True,3.85,Campaign,0.1,Web,COD,1,1149.06,0.13,149.38,999.68,3,21,8,5,1,0
LGS1ORD0002879,C000506,2025-08-16 23:00:00,Male,42,Gold,TV,Chonburi,723,Kitchen,CookEasy,True,3.86,Clearance,0.25,Web,COD,1,1673.54,0.33,552.27,1121.27,4,23,8,5,1,0
LGS1ORD0002880,C000603,2025-08-17 01:00:00,Female,64,Bronze,Lazada,Chiang Mai,998,Kitchen,ChefHome,False,4.0,Campaign,0.1,Web,COD,1,3293.69,0.13,428.18,2865.51,3,1,8,6,1,0
LGS1ORD0002881,C000702,2025-08-17 03:00:00,Male,36,Silver,TV,Bangkok,999,Electronics,ShieldCase,True,3.79,Clearance,0.2,Lazada,COD,2,7466.03,0.25,3733.02,11199.05,4,3,8,6,1,1
LGS1ORD0002882,C000722,2025-08-17 05:00:00,Male,40,Bronze,TV,Songkhla,911,Health,MediCare,False,4.15,No Promotion,0.0,Shopee,Credit_Card,1,4468.58,0.03,134.06,4334.52,4,5,8,6,1,0
LGS1ORD0002883,C000845,2025-08-17 07:00:00,Female,45,Bronze,Shopee,Chiang Mai,1675,Health,MediCare,False,4.38,Campaign,0.1,Lazada,COD,2,2118.04,0.13,550.69,3685.39,5,7,8,6,1,0
LGS1ORD0002884,C000801,2025-08-17 09:00:00,Female,41,Bronze,CallCenter,Phuket,398,Home_Appliance,PureAir,True,4.08,No Promotion,0.0,Lazada,Credit_Card,1,1498.32,0.03,44.95,1453.37,3,9,8,6,1,0
LGS1ORD0002885,C000024,2025-08-17 10:00:00,Male,26,Bronze,Shopee,Songkhla,497,Fashion,FitStyle,False,3.55,Clearance,0.2,TV_Show,Credit_Card,1,847.09,0.23,194.83,652.26,5,10,8,6,1,1
LGS1ORD0002886,C000493,2025-08-17 12:00:00,Female,37,Bronze,Shopee,Chiang Mai,629,Electronics,GadgetWorld,False,3.74,Campaign,0.05,TV_Show,PromptPay,2,1408.14,0.08,225.3,2590.98,4,12,8,6,1,0
LGS1ORD0002887,C000177,2025-08-17 14:00:00,Female,42,Gold,Shopee,Chonburi,1071,Electronics,GadgetWorld,False,3.83,Campaign,0.15,Web,PromptPay,4,2208.23,0.2299999999999999,2031.57,6801.36,1,14,8,6,1,0
LGS1ORD0002888,C000560,2025-08-17 16:00:00,Female,51,Bronze,CallCenter,Bangkok,1189,Fashion,FitStyle,False,3.53,Clearance,0.2,TV_Show,Bank_Transfer,4,1784.93,0.23,1642.13,5497.58,4,16,8,6,1,1
LGS1ORD0002889,C000348,2025-08-17 18:00:00,Male,59,Bronze,TV,Khon Kaen,660,Cosmetics,Beauty Lab,False,3.76,Clearance,0.2,Lazada,COD,1,1818.58,0.23,418.27,1400.3,3,18,8,6,1,1
LGS1ORD0002890,C000550,2025-08-17 20:00:00,Female,41,Silver,CallCenter,Nakhon Ratchasima,1117,Cosmetics,SunSafe,False,3.9,No Promotion,0.0,Web,Bank_Transfer,3,2101.97,0.05,315.3,5990.61,3,20,8,6,1,1
LGS1ORD0002891,C000809,2025-08-17 22:00:00,Male,49,Bronze,TV,Chonburi,1349,Cosmetics,FreshLook,False,3.89,Campaign,0.15,Web,PromptPay,3,437.24,0.18,236.11,1075.61,1,22,8,6,1,0
LGS1ORD0002892,C000587,2025-08-18 00:00:00,Female,55,Bronze,Shopee,Remote_Area,1500,Health,MediCare,False,3.83,No Promotion,0.0,Shopee,PromptPay,1,3560.2,0.03,106.81,3453.39,3,0,8,0,0,0
LGS1ORD0002893,C000910,2025-08-18 02:00:00,Female,37,Platinum,Shopee,Khon Kaen,1037,Home_Appliance,PureAir,True,4.06,Campaign,0.05,Lazada,Credit_Card,2,4236.08,0.15,1270.82,7201.33,3,2,8,0,0,0
LGS1ORD0002894,C000290,2025-08-18 04:00:00,Female,50,Bronze,Shopee,Bangkok,434,Home_Appliance,PureAir,False,4.16,Campaign,0.05,CallCenter,COD,2,9761.49,0.08,1561.84,17961.15,5,4,8,0,0,0
LGS1ORD0002895,C000587,2025-08-18 05:00:00,Female,55,Bronze,Shopee,Remote_Area,1500,Cosmetics,FreshLook,False,3.94,Clearance,0.2,CallCenter,Credit_Card,2,402.45,0.23,185.13,619.77,5,5,8,0,0,0
LGS1ORD0002896,C000905,2025-08-18 07:00:00,Male,40,Bronze,TV,Songkhla,492,Home_Appliance,CleanMate,False,3.82,No Promotion,0.0,Web,COD,1,2229.31,0.03,66.88,2162.43,1,7,8,0,0,1
LGS1ORD0002897,C000076,2025-08-18 09:00:00,Female,65,Platinum,Web,Nakhon Ratchasima,1570,Cosmetics,SunSafe,False,4.36,No Promotion,0.0,Shopee,Credit_Card,1,591.3,0.1,59.13,532.17,5,9,8,0,0,1
LGS1ORD0002898,C000570,2025-08-18 11:00:00,Other,49,Bronze,Shopee,Chonburi,1132,Fashion,SilkTouch,False,3.48,Campaign,0.05,Web,Credit_Card,2,1667.66,0.08,266.83,3068.5,3,11,8,0,0,0
LGS1ORD0002899,C000225,2025-08-18 13:00:00,Male,30,Silver,Web,Chiang Mai,1038,Fashion,FitStyle,False,3.36,Clearance,0.2,Shopee,COD,3,972.91,0.25,729.68,2189.05,1,13,8,0,0,1
LGS1ORD0002900,C000685,2025-08-18 15:00:00,Female,36,Bronze,Shopee,Remote_Area,241,Electronics,NovaTech,False,3.6,No Promotion,0.0,Web,Bank_Transfer,1,8618.77,0.03,258.56,8360.21,4,15,8,0,0,0
LGS1ORD0002901,C000213,2025-08-18 17:00:00,Female,54,Gold,Lazada,Bangkok,598,Fashion,FitStyle,False,3.51,Campaign,0.05,Shopee,PromptPay,1,831.34,0.13,108.07,723.27,3,17,8,0,0,0
LGS1ORD0002902,C000541,2025-08-18 19:00:00,Male,61,Bronze,TV,Chiang Mai,1392,Home_Appliance,CleanMate,True,3.75,Clearance,0.25,Lazada,Bank_Transfer,3,5627.79,0.28,4727.34,12156.02,3,19,8,0,0,0
LGS1ORD0002903,C001188,2025-08-18 21:00:00,Female,60,Silver,Lazada,Khon Kaen,1452,Fashion,UrbanWear,False,3.29,Clearance,0.25,Lazada,Bank_Transfer,1,1056.99,0.3,317.1,739.89,1,21,8,0,0,1
LGS1ORD0002904,C000347,2025-08-18 23:00:00,Male,68,Bronze,Shopee,Khon Kaen,766,Electronics,NovaTech,True,4.02,Campaign,0.05,Shopee,COD,1,10081.56,0.08,806.53,9275.04,3,23,8,0,0,1
LGS1ORD0002905,C000618,2025-08-19 00:00:00,Female,51,Silver,Web,Khon Kaen,1245,Electronics,NovaTech,False,3.7,Campaign,0.05,Lazada,Credit_Card,1,6051.25,0.1,605.12,5446.12,3,0,8,1,0,0
LGS1ORD0002906,C000452,2025-08-19 02:00:00,Female,40,Bronze,Web,Songkhla,303,Cosmetics,FreshLook,False,3.86,Campaign,0.05,CallCenter,COD,2,2035.08,0.08,325.61,3744.55,1,2,8,1,0,0
LGS1ORD0002907,C001132,2025-08-19 04:00:00,Male,45,Gold,TV,Chiang Mai,894,Electronics,ShieldCase,True,3.7,Clearance,0.25,Web,COD,1,9736.0,0.33,3212.88,6523.12,5,4,8,1,0,0
LGS1ORD0002908,C000212,2025-08-19 06:00:00,Male,38,Bronze,TV,Phuket,1260,Electronics,NovaTech,False,3.77,No Promotion,0.0,Shopee,COD,1,6203.35,0.03,186.1,6017.25,1,6,8,1,0,0
LGS1ORD0002909,C001139,2025-08-19 08:00:00,Female,66,Bronze,CallCenter,Bangkok,282,Electronics,ShieldCase,True,4.04,No Promotion,0.0,Web,COD,1,12039.25,0.03,361.18,11678.08,3,8,8,1,0,0
LGS1ORD0002910,C000489,2025-08-19 10:00:00,Female,51,Platinum,Shopee,Bangkok,1091,Health,VitaLife,False,4.36,Clearance,0.25,TV_Show,COD,1,355.49,0.35,124.42,231.07,1,10,8,1,0,0
LGS1ORD0002911,C000832,2025-08-19 12:00:00,Female,28,Bronze,CallCenter,Phuket,548,Health,VitaLife,True,4.31,Campaign,0.15,Shopee,COD,1,3032.04,0.18,545.77,2486.27,3,12,8,1,0,0
LGS1ORD0002912,C000754,2025-08-19 14:00:00,Female,32,Gold,Web,Bangkok,392,Health,VitaLife,False,4.16,Clearance,0.2,CallCenter,COD,2,3401.04,0.28,1904.58,4897.5,4,14,8,1,0,0
LGS1ORD0002913,C001033,2025-08-19 16:00:00,Female,37,Bronze,Shopee,Remote_Area,435,Electronics,ShieldCase,True,3.86,Clearance,0.2,Web,COD,2,4049.54,0.23,1862.79,6236.29,3,16,8,1,0,0
LGS1ORD0002914,C000789,2025-08-19 18:00:00,Other,22,Bronze,Shopee,Chonburi,351,Cosmetics,FreshLook,False,3.95,No Promotion,0.0,Lazada,COD,1,1510.41,0.03,45.31,1465.1,1,18,8,1,0,0
LGS1ORD0002915,C000089,2025-08-19 19:00:00,Male,39,Bronze,TV,Khon Kaen,1413,Kitchen,ChefHome,False,4.15,No Promotion,0.0,Web,Credit_Card,3,4151.46,0.03,373.63,12080.76,1,19,8,1,0,1
LGS1ORD0002916,C000762,2025-08-19 21:00:00,Male,51,Platinum,Shopee,Bangkok,1372,Kitchen,ChefHome,False,4.32,No Promotion,0.0,Lazada,COD,1,4473.84,0.1,447.38,4026.46,5,21,8,1,0,0
LGS1ORD0002917,C000975,2025-08-19 23:00:00,Female,50,Silver,Shopee,Songkhla,1577,Fashion,UrbanWear,False,3.72,No Promotion,0.0,TV_Show,COD,1,2337.64,0.05,116.88,2220.76,4,23,8,1,0,0
LGS1ORD0002918,C000999,2025-08-20 01:00:00,Female,52,Bronze,TV,Phuket,1128,Fashion,FitStyle,False,3.55,Clearance,0.2,CallCenter,COD,1,887.25,0.23,204.07,683.18,5,1,8,2,0,0
LGS1ORD0002919,C001165,2025-08-20 03:00:00,Male,72,Bronze,TV,Remote_Area,1477,Health,MediCare,False,4.4,Campaign,0.15,Shopee,Bank_Transfer,1,3783.93,0.18,681.11,3102.82,3,3,8,2,0,0
LGS1ORD0002920,C000043,2025-08-20 05:00:00,Female,26,Silver,Shopee,Bangkok,1327,Electronics,ShieldCase,False,3.97,No Promotion,0.0,TV_Show,PromptPay,1,2832.32,0.05,141.62,2690.7,1,5,8,2,0,0
LGS1ORD0002921,C000999,2025-08-20 07:00:00,Female,52,Bronze,TV,Phuket,1128,Fashion,UrbanWear,False,3.81,Clearance,0.2,Web,COD,3,1998.12,0.23,1378.7,4615.65,1,7,8,2,0,1
LGS1ORD0002922,C000481,2025-08-20 09:00:00,Female,39,Gold,Lazada,Chonburi,1434,Cosmetics,SunSafe,True,4.42,Campaign,0.1,Web,PromptPay,3,2034.16,0.18,1098.45,5004.03,5,9,8,2,0,0
LGS1ORD0002923,C000851,2025-08-20 11:00:00,Male,18,Bronze,Lazada,Chiang Mai,1232,Fashion,UrbanWear,False,3.22,No Promotion,0.0,CallCenter,PromptPay,3,911.03,0.03,81.99,2651.1,3,11,8,2,0,0
LGS1ORD0002924,C000812,2025-08-20 13:00:00,Female,43,Silver,Web,Bangkok,1617,Home_Appliance,HomePro,True,4.16,Campaign,0.15,TV_Show,COD,1,8230.47,0.2,1646.09,6584.38,5,13,8,2,0,1
LGS1ORD0002925,C000262,2025-08-20 14:00:00,Female,27,Gold,Web,Nakhon Ratchasima,1059,Fashion,SilkTouch,False,3.9,Campaign,0.15,Shopee,Bank_Transfer,1,665.19,0.2299999999999999,152.99,512.19,3,14,8,2,0,0
LGS1ORD0002926,C000753,2025-08-20 16:00:00,Female,47,Gold,TV,Songkhla,437,Cosmetics,Beauty Lab,False,3.9,No Promotion,0.0,TV_Show,Credit_Card,1,1763.65,0.08,141.09,1622.56,3,16,8,2,0,0
LGS1ORD0002927,C000518,2025-08-20 18:00:00,Female,36,Bronze,TV,Bangkok,582,Cosmetics,FreshLook,False,4.0,Campaign,0.15,Lazada,COD,1,347.59,0.18,62.57,285.03,1,18,8,2,0,1
LGS1ORD0002928,C000283,2025-08-20 20:00:00,Male,40,Bronze,TV,Chiang Mai,951,Electronics,GadgetWorld,False,3.86,Clearance,0.2,Lazada,COD,3,4667.29,0.23,3220.43,10781.45,3,20,8,2,0,1
LGS1ORD0002929,C000431,2025-08-20 22:00:00,Male,56,Silver,CallCenter,Songkhla,1085,Electronics,NovaTech,True,3.5,Campaign,0.1,CallCenter,COD,1,6745.13,0.15,1011.77,5733.36,1,22,8,2,0,0
LGS1ORD0002930,C000157,2025-08-21 00:00:00,Male,22,Gold,CallCenter,Songkhla,1514,Fashion,FitStyle,False,3.6,Clearance,0.2,Lazada,Credit_Card,2,2500.12,0.28,1400.07,3600.17,3,0,8,3,0,0
LGS1ORD0002931,C000298,2025-08-21 02:00:00,Female,49,Silver,Shopee,Khon Kaen,609,Health,MediCare,False,4.55,No Promotion,0.0,Shopee,Credit_Card,1,803.67,0.05,40.18,763.49,4,2,8,3,0,0
LGS1ORD0002932,C000518,2025-08-21 04:00:00,Female,36,Bronze,TV,Bangkok,583,Electronics,GadgetWorld,False,3.61,Clearance,0.2,TV_Show,COD,2,4920.59,0.23,2263.47,7577.71,4,4,8,3,0,1
LGS1ORD0002933,C000463,2025-08-21 06:00:00,Male,45,Gold,Web,Songkhla,328,Electronics,NovaTech,True,3.46,Campaign,0.15,CallCenter,COD,2,7192.75,0.2299999999999999,3308.66,11076.83,1,6,8,3,0,1
LGS1ORD0002934,C000446,2025-08-21 08:00:00,Male,49,Bronze,Web,Nakhon Ratchasima,1013,Cosmetics,FreshLook,False,4.07,No Promotion,0.0,TV_Show,Credit_Card,1,1795.71,0.03,53.87,1741.84,3,8,8,3,0,1
LGS1ORD0002935,C000404,2025-08-21 09:00:00,Male,27,Bronze,TV,Remote_Area,362,Cosmetics,FreshLook,False,4.0,No Promotion,0.0,Shopee,COD,1,2242.12,0.03,67.26,2174.86,5,9,8,3,0,0
LGS1ORD0002936,C000166,2025-08-21 11:00:00,Male,22,Silver,Web,Chiang Mai,1534,Fashion,UrbanWear,True,3.77,Campaign,0.05,Shopee,COD,2,1956.37,0.1,391.27,3521.46,3,11,8,3,0,0
LGS1ORD0002937,C000769,2025-08-21 13:00:00,Male,32,Bronze,Shopee,Chiang Mai,902,Fashion,SilkTouch,False,3.43,Clearance,0.2,CallCenter,COD,2,1273.11,0.23,585.63,1960.59,1,13,8,3,0,1
LGS1ORD0002938,C000408,2025-08-21 15:00:00,Female,45,Bronze,CallCenter,Chiang Mai,1459,Home_Appliance,HomePro,True,4.07,No Promotion,0.0,TV_Show,PromptPay,1,1224.73,0.03,36.74,1187.98,1,15,8,3,0,0
LGS1ORD0002939,C001099,2025-08-21 17:00:00,Female,59,Silver,Shopee,Phuket,1136,Electronics,ShieldCase,False,3.82,Campaign,0.1,Lazada,COD,1,6799.94,0.15,1019.99,5779.95,3,17,8,3,0,1
LGS1ORD0002940,C000347,2025-08-21 19:00:00,Male,68,Bronze,Shopee,Khon Kaen,769,Health,WellPlus,True,4.22,No Promotion,0.0,TV_Show,COD,2,4236.63,0.03,254.2,8219.06,4,19,8,3,0,0
LGS1ORD0002941,C000779,2025-08-21 21:00:00,Female,49,Silver,Shopee,Bangkok,1447,Electronics,GadgetWorld,False,4.07,Clearance,0.2,CallCenter,COD,4,1199.34,0.25,1199.34,3598.02,3,21,8,3,0,0
LGS1ORD0002942,C000836,2025-08-21 23:00:00,Male,31,Bronze,TV,Bangkok,1192,Cosmetics,Beauty Lab,False,3.94,No Promotion,0.0,Web,Credit_Card,2,1703.5,0.03,102.21,3304.78,3,23,8,3,0,0
LGS1ORD0002943,C001162,2025-08-22 01:00:00,Male,35,Bronze,CallCenter,Bangkok,1077,Cosmetics,FreshLook,False,3.86,No Promotion,0.0,Web,PromptPay,1,2213.65,0.03,66.41,2147.24,5,1,8,4,0,0
LGS1ORD0002944,C000052,2025-08-22 03:00:00,Female,61,Silver,Web,Phuket,1508,Home_Appliance,HomePro,False,4.29,Clearance,0.2,Lazada,COD,1,1498.43,0.25,374.61,1123.82,3,3,8,4,0,0
LGS1ORD0002945,C000397,2025-08-22 04:00:00,Male,47,Silver,CallCenter,Nakhon Ratchasima,1436,Electronics,NovaTech,True,3.5,No Promotion,0.0,Shopee,COD,2,5068.4,0.05,506.84,9629.96,1,4,8,4,0,0
LGS1ORD0002946,C000231,2025-08-22 06:00:00,Female,41,Silver,CallCenter,Nakhon Ratchasima,475,Home_Appliance,PureAir,False,4.0,Campaign,0.05,Lazada,PromptPay,1,10752.48,0.1,1075.25,9677.23,3,6,8,4,0,0
LGS1ORD0002947,C000561,2025-08-22 08:00:00,Male,41,Bronze,TV,Nakhon Ratchasima,834,Cosmetics,SunSafe,True,4.1,Campaign,0.1,Web,COD,1,582.91,0.13,75.78,507.13,5,8,8,4,0,0
LGS1ORD0002948,C001129,2025-08-22 10:00:00,Female,34,Bronze,Web,Khon Kaen,1390,Health,WellPlus,False,4.23,Campaign,0.1,Web,COD,3,1582.23,0.13,617.07,4129.61,3,10,8,4,0,0
LGS1ORD0002949,C000860,2025-08-22 12:00:00,Female,45,Silver,Lazada,Bangkok,251,Home_Appliance,CleanMate,True,3.71,Campaign,0.15,Shopee,COD,2,9507.89,0.2,3803.16,15212.63,1,12,8,4,0,0
LGS1ORD0002950,C000604,2025-08-22 14:00:00,Male,49,Bronze,Shopee,Remote_Area,648,Kitchen,KitchenMax,False,4.01,No Promotion,0.0,Web,COD,2,3492.45,0.03,209.55,6775.36,5,14,8,4,0,0
LGS1ORD0002951,C000390,2025-08-22 16:00:00,Male,46,Bronze,CallCenter,Remote_Area,319,Health,MediCare,False,3.79,Campaign,0.05,Web,COD,1,344.93,0.08,27.59,317.33,3,16,8,4,0,0
LGS1ORD0002952,C001144,2025-08-22 18:00:00,Male,66,Silver,Web,Bangkok,353,Home_Appliance,HomePro,False,3.71,Campaign,0.15,Web,COD,3,6929.04,0.2,4157.43,16629.7,1,18,8,4,0,1
LGS1ORD0002953,C000219,2025-08-22 20:00:00,Female,38,Bronze,TV,Chiang Mai,937,Fashion,SilkTouch,True,3.91,Campaign,0.05,Web,COD,1,668.54,0.08,53.48,615.05,5,20,8,4,0,0
LGS1ORD0002954,C000915,2025-08-22 22:00:00,Female,64,Bronze,TV,Phuket,488,Fashion,UrbanWear,False,3.68,No Promotion,0.0,Lazada,COD,1,996.43,0.03,29.89,966.54,3,22,8,4,0,0
LGS1ORD0002955,C000806,2025-08-22 23:00:00,Male,51,Bronze,CallCenter,Songkhla,1437,Kitchen,KitchenMax,False,3.83,No Promotion,0.0,Lazada,COD,1,3904.88,0.03,117.15,3787.73,3,23,8,4,0,1
LGS1ORD0002956,C001163,2025-08-23 01:00:00,Male,37,Bronze,TV,Phuket,313,Health,WellPlus,True,4.28,Campaign,0.15,CallCenter,COD,3,1340.47,0.18,723.86,3297.57,4,1,8,5,1,0
LGS1ORD0002957,C000831,2025-08-23 03:00:00,Male,60,Bronze,TV,Bangkok,1135,Cosmetics,Beauty Lab,False,4.5,Campaign,0.15,Web,COD,2,1308.86,0.18,471.19,2146.53,5,3,8,5,1,0
LGS1ORD0002958,C000956,2025-08-23 05:00:00,Female,48,Bronze,TV,Nakhon Ratchasima,265,Electronics,ShieldCase,False,3.9,Campaign,0.05,CallCenter,Bank_Transfer,1,2027.68,0.08,162.21,1865.46,3,5,8,5,1,0
LGS1ORD0002959,C000186,2025-08-23 07:00:00,Male,55,Bronze,TV,Phuket,1397,Fashion,FitStyle,False,3.51,Clearance,0.2,Shopee,Credit_Card,4,950.87,0.23,874.8,2928.68,3,7,8,5,1,0
LGS1ORD0002960,C000004,2025-08-23 09:00:00,Female,40,Gold,Lazada,Phuket,1600,Health,WellPlus,False,4.15,Clearance,0.2,Shopee,Credit_Card,3,2580.65,0.28,2167.75,5574.21,3,9,8,5,1,0
LGS1ORD0002961,C000816,2025-08-23 11:00:00,Male,59,Bronze,Web,Chonburi,1283,Electronics,GadgetWorld,True,3.82,No Promotion,0.0,Lazada,Bank_Transfer,4,11918.36,0.03,1430.2,46243.22,5,11,8,5,1,0
LGS1ORD0002962,C000700,2025-08-23 13:00:00,Female,72,Bronze,TV,Remote_Area,399,Home_Appliance,CleanMate,False,3.89,No Promotion,0.0,TV_Show,COD,1,9974.24,0.03,299.23,9675.01,1,13,8,5,1,0
LGS1ORD0002963,C001003,2025-08-23 15:00:00,Male,38,Gold,Web,Chonburi,351,Fashion,FitStyle,False,3.4,Clearance,0.2,TV_Show,COD,2,2343.57,0.28,1312.4,3374.74,4,15,8,5,1,1
LGS1ORD0002964,C001038,2025-08-23 17:00:00,Female,26,Bronze,Web,Chonburi,263,Kitchen,ChefHome,False,4.22,No Promotion,0.0,Lazada,Credit_Card,1,1153.67,0.03,34.61,1119.06,5,17,8,5,1,0
LGS1ORD0002965,C000368,2025-08-23 19:00:00,Male,54,Silver,CallCenter,Chonburi,885,Home_Appliance,PureAir,True,4.0,No Promotion,0.0,TV_Show,Credit_Card,3,12435.34,0.05,1865.3,35440.73,4,19,8,5,1,1
LGS1ORD0002966,C000080,2025-08-23 20:00:00,Female,39,Bronze,Web,Nakhon Ratchasima,447,Electronics,GadgetWorld,False,3.78,Campaign,0.15,Shopee,PromptPay,1,5939.95,0.18,1069.19,4870.76,3,20,8,5,1,0
LGS1ORD0002967,C000275,2025-08-23 22:00:00,Male,41,Gold,Shopee,Chiang Mai,433,Cosmetics,FreshLook,True,3.9,Campaign,0.05,Shopee,COD,1,1249.59,0.13,162.45,1087.14,1,22,8,5,1,0
LGS1ORD0002968,C000916,2025-08-24 00:00:00,Male,62,Bronze,Shopee,Bangkok,1320,Health,MediCare,True,4.31,No Promotion,0.0,Lazada,Bank_Transfer,1,712.64,0.03,21.38,691.26,4,0,8,6,1,0
LGS1ORD0002969,C001093,2025-08-24 02:00:00,Male,63,Silver,Shopee,Songkhla,1234,Cosmetics,FreshLook,False,4.2,No Promotion,0.0,Shopee,Credit_Card,1,1474.76,0.05,73.74,1401.02,3,2,8,6,1,0
LGS1ORD0002970,C000398,2025-08-24 04:00:00,Female,43,Silver,TV,Phuket,694,Fashion,FitStyle,False,3.46,Campaign,0.15,CallCenter,COD,2,1474.81,0.2,589.92,2359.69,1,4,8,6,1,1
LGS1ORD0002971,C000012,2025-08-24 06:00:00,Female,44,Platinum,Lazada,Songkhla,445,Fashion,SilkTouch,True,3.4,Clearance,0.25,Lazada,COD,1,1685.01,0.35,589.75,1095.26,5,6,8,6,1,0
LGS1ORD0002972,C000255,2025-08-24 08:00:00,Male,68,Bronze,CallCenter,Chonburi,471,Home_Appliance,PureAir,True,3.62,Campaign,0.05,TV_Show,COD,3,10882.46,0.08,2611.79,30035.59,4,8,8,6,1,1
LGS1ORD0002973,C000093,2025-08-24 10:00:00,Male,48,Bronze,Web,Remote_Area,1389,Electronics,NovaTech,True,3.5,Campaign,0.1,Web,COD,1,7211.08,0.13,937.44,6273.64,5,10,8,6,1,0
LGS1ORD0002974,C000496,2025-08-24 12:00:00,Male,55,Bronze,Web,Remote_Area,674,Health,WellPlus,True,3.95,Campaign,0.15,TV_Show,Bank_Transfer,2,1215.45,0.18,437.56,1993.33,3,12,8,6,1,0
LGS1ORD0002975,C000852,2025-08-24 14:00:00,Male,72,Bronze,Shopee,Nakhon Ratchasima,417,Home_Appliance,CleanMate,False,3.81,Campaign,0.15,TV_Show,Bank_Transfer,2,12135.79,0.18,4368.88,19902.7,1,14,8,6,1,1
LGS1ORD0002976,C000712,2025-08-24 15:00:00,Female,37,Bronze,Web,Songkhla,1556,Kitchen,ChefHome,False,4.18,Clearance,0.2,TV_Show,COD,2,4011.07,0.23,1845.09,6177.04,3,15,8,6,1,1
LGS1ORD0002977,C000379,2025-08-24 17:00:00,Female,33,Bronze,TV,Phuket,927,Home_Appliance,PureAir,False,3.96,Clearance,0.25,Shopee,COD,1,4107.82,0.28,1150.19,2957.63,5,17,8,6,1,1
LGS1ORD0002978,C000466,2025-08-24 19:00:00,Male,41,Silver,Web,Chonburi,1063,Cosmetics,SunSafe,True,4.1,Clearance,0.25,Web,COD,1,606.48,0.3,181.94,424.53,3,19,8,6,1,0
LGS1ORD0002979,C000016,2025-08-24 21:00:00,Male,18,Gold,TV,Bangkok,1466,Fashion,FitStyle,False,3.72,No Promotion,0.0,Lazada,PromptPay,1,1942.54,0.08,155.4,1787.14,1,21,8,6,1,0
LGS1ORD0002980,C000089,2025-08-24 23:00:00,Male,39,Bronze,TV,Khon Kaen,1418,Fashion,SilkTouch,False,3.73,Campaign,0.05,Web,COD,2,643.31,0.08,102.93,1183.7,5,23,8,6,1,0
LGS1ORD0002981,C001014,2025-08-25 01:00:00,Male,54,Bronze,TV,Bangkok,1521,Fashion,FitStyle,False,3.62,Clearance,0.25,Shopee,PromptPay,1,2267.83,0.28,634.99,1632.84,1,1,8,0,0,1
LGS1ORD0002982,C001027,2025-08-25 03:00:00,Female,55,Bronze,Lazada,Nakhon Ratchasima,302,Electronics,ShieldCase,False,3.7,Campaign,0.1,Shopee,COD,3,11638.69,0.13,4539.09,30376.99,5,3,8,0,0,0
LGS1ORD0002983,C000582,2025-08-25 05:00:00,Female,24,Bronze,TV,Bangkok,758,Cosmetics,FreshLook,False,4.0,Campaign,0.1,TV_Show,PromptPay,1,375.58,0.13,48.83,326.76,4,5,8,0,0,0
LGS1ORD0002984,C000462,2025-08-25 07:00:00,Female,18,Gold,Shopee,Khon Kaen,574,Fashion,UrbanWear,False,3.6,Campaign,0.15,TV_Show,COD,2,2339.06,0.2299999999999999,1075.97,3602.15,5,7,8,0,0,1
LGS1ORD0002985,C000825,2025-08-25 09:00:00,Male,38,Silver,Shopee,Khon Kaen,511,Fashion,UrbanWear,False,3.45,No Promotion,0.0,TV_Show,COD,2,1248.27,0.05,124.83,2371.71,3,9,8,0,0,1
LGS1ORD0002986,C001111,2025-08-25 10:00:00,Male,29,Silver,TV,Bangkok,622,Fashion,SilkTouch,False,3.47,Clearance,0.25,TV_Show,COD,1,1639.24,0.3,491.77,1147.46,1,10,8,0,0,0
LGS1ORD0002987,C000310,2025-08-25 12:00:00,Female,64,Bronze,TV,Nakhon Ratchasima,970,Health,WellPlus,False,4.14,No Promotion,0.0,TV_Show,COD,1,716.22,0.03,21.49,694.74,1,12,8,0,0,0
LGS1ORD0002988,C000238,2025-08-25 14:00:00,Female,53,Bronze,Web,Bangkok,786,Home_Appliance,PureAir,True,3.7,No Promotion,0.0,Shopee,PromptPay,3,3079.59,0.03,277.16,8961.6,4,14,8,0,0,0
LGS1ORD0002989,C000306,2025-08-25 16:00:00,Female,60,Bronze,TV,Phuket,413,Kitchen,ChefHome,False,4.2,Campaign,0.05,TV_Show,COD,1,3609.87,0.08,288.79,3321.08,5,16,8,0,0,0
LGS1ORD0002990,C000934,2025-08-25 18:00:00,Male,18,Gold,Shopee,Bangkok,831,Home_Appliance,CleanMate,False,3.89,Campaign,0.15,Web,Credit_Card,1,10365.65,0.2299999999999999,2384.1,7981.55,4,18,8,0,0,1
LGS1ORD0002991,C000194,2025-08-25 20:00:00,Other,30,Silver,Web,Nakhon Ratchasima,1360,Kitchen,ChefHome,False,4.15,Campaign,0.05,TV_Show,PromptPay,4,4091.3,0.1,1636.52,14728.68,5,20,8,0,0,0
LGS1ORD0002992,C000970,2025-08-25 22:00:00,Male,28,Gold,Lazada,Chiang Mai,1035,Health,VitaLife,False,4.26,Campaign,0.1,Web,COD,2,447.86,0.18,161.23,734.49,3,22,8,0,0,0
LGS1ORD0002993,C000150,2025-08-26 00:00:00,Female,43,Platinum,TV,Phuket,1535,Health,VitaLife,False,4.35,Campaign,0.15,Web,Bank_Transfer,2,1515.15,0.25,757.57,2272.72,1,0,8,1,0,0
LGS1ORD0002994,C000792,2025-08-26 02:00:00,Male,64,Bronze,Shopee,Nakhon Ratchasima,517,Fashion,FitStyle,False,3.41,No Promotion,0.0,Shopee,Credit_Card,1,969.94,0.03,29.1,940.84,5,2,8,1,0,0
LGS1ORD0002995,C001048,2025-08-26 04:00:00,Male,31,Silver,TV,Nakhon Ratchasima,1591,Home_Appliance,HomePro,True,3.82,Clearance,0.2,Web,COD,1,2243.36,0.25,560.84,1682.52,1,4,8,1,0,0
LGS1ORD0002996,C000687,2025-08-26 05:00:00,Female,48,Silver,Web,Chiang Mai,1617,Fashion,SilkTouch,False,3.21,Campaign,0.15,TV_Show,Bank_Transfer,1,1930.57,0.2,386.11,1544.46,1,5,8,1,0,0
LGS1ORD0002997,C000509,2025-08-26 07:00:00,Male,40,Silver,Web,Chonburi,1064,Electronics,NovaTech,False,4.06,Clearance,0.25,Web,COD,3,9908.85,0.3,8917.96,20808.58,5,7,8,1,0,0
LGS1ORD0002998,C000647,2025-08-26 09:00:00,Female,59,Gold,Shopee,Chiang Mai,1658,Cosmetics,FreshLook,False,4.14,Clearance,0.2,Web,COD,1,1471.05,0.28,411.89,1059.15,1,9,8,1,0,0
LGS1ORD0002999,C000036,2025-08-26 11:00:00,Male,47,Bronze,Shopee,Chiang Mai,663,Electronics,NovaTech,True,3.64,Clearance,0.2,Web,COD,1,1431.21,0.23,329.18,1102.03,3,11,8,1,0,0
LGS1ORD0003000,C001184,2025-08-26 13:00:00,Male,32,Silver,Web,Bangkok,860,Kitchen,ChefHome,False,3.68,Campaign,0.05,CallCenter,COD,2,3297.59,0.1,659.52,5935.66,3,13,8,1,0,0
LGS1ORD0003001,C000235,2025-08-26 15:00:00,Male,47,Bronze,TV,Nakhon Ratchasima,680,Electronics,ShieldCase,False,3.54,No Promotion,0.0,Web,COD,2,4908.24,0.03,294.49,9521.99,1,15,8,1,0,0
LGS1ORD0003002,C000267,2025-08-26 17:00:00,Female,42,Bronze,TV,Chiang Mai,623,Health,VitaLife,False,4.19,Campaign,0.15,TV_Show,Credit_Card,1,3539.38,0.18,637.09,2902.3,1,17,8,1,0,0
LGS1ORD0003003,C000039,2025-08-26 19:00:00,Female,48,Bronze,Shopee,Bangkok,1644,Cosmetics,SunSafe,False,4.06,No Promotion,0.0,CallCenter,COD,2,608.49,0.03,36.51,1180.47,3,19,8,1,0,1
LGS1ORD0003004,C000037,2025-08-26 21:00:00,Female,62,Gold,TV,Bangkok,568,Home_Appliance,CleanMate,True,3.91,Clearance,0.2,Web,PromptPay,2,8314.58,0.28,4656.17,11973.0,5,21,8,1,0,0
LGS1ORD0003005,C001145,2025-08-26 23:00:00,Female,50,Silver,TV,Bangkok,1642,Electronics,NovaTech,False,4.0,Campaign,0.1,Lazada,Credit_Card,1,8463.87,0.15,1269.58,7194.29,1,23,8,1,0,0
LGS1ORD0003006,C000023,2025-08-27 00:00:00,Male,46,Bronze,Shopee,Bangkok,329,Electronics,NovaTech,True,4.02,Campaign,0.15,Lazada,Bank_Transfer,1,10082.26,0.18,1814.81,8267.45,4,0,8,2,0,0
LGS1ORD0003007,C001012,2025-08-27 02:00:00,Male,44,Gold,CallCenter,Remote_Area,1234,Electronics,NovaTech,False,3.81,Campaign,0.15,Web,COD,1,10253.69,0.2299999999999999,2358.35,7895.34,1,2,8,2,0,0
LGS1ORD0003008,C000387,2025-08-27 04:00:00,Female,25,Bronze,TV,Chonburi,912,Home_Appliance,HomePro,True,4.1,No Promotion,0.0,Web,COD,1,3235.26,0.03,97.06,3138.2,5,4,8,2,0,0
LGS1ORD0003009,C000564,2025-08-27 06:00:00,Male,50,Silver,Shopee,Chonburi,1203,Cosmetics,Beauty Lab,False,4.21,Campaign,0.15,TV_Show,COD,2,1996.0,0.2,798.4,3193.6,3,6,8,2,0,0
LGS1ORD0003010,C000351,2025-08-27 08:00:00,Female,18,Silver,Web,Nakhon Ratchasima,1599,Fashion,UrbanWear,False,3.82,Clearance,0.2,Shopee,Credit_Card,3,737.84,0.25,553.38,1660.14,1,8,8,2,0,0
LGS1ORD0003011,C000795,2025-08-27 10:00:00,Female,36,Silver,Shopee,Remote_Area,1087,Electronics,ShieldCase,False,3.69,Campaign,0.05,Lazada,Credit_Card,1,7166.63,0.1,716.66,6449.97,5,10,8,2,0,0
LGS1ORD0003012,C001004,2025-08-27 12:00:00,Male,57,Silver,Web,Bangkok,893,Fashion,UrbanWear,False,3.82,Campaign,0.05,Shopee,Bank_Transfer,1,669.75,0.1,66.97,602.77,5,12,8,2,0,0
LGS1ORD0003013,C000990,2025-08-27 14:00:00,Male,46,Bronze,Web,Bangkok,1067,Fashion,FitStyle,False,3.62,Campaign,0.05,TV_Show,COD,2,2305.68,0.08,368.91,4242.45,3,14,8,2,0,0
LGS1ORD0003014,C000849,2025-08-27 16:00:00,Female,53,Bronze,TV,Bangkok,617,Kitchen,ChefHome,False,4.18,No Promotion,0.0,Web,COD,1,4060.89,0.03,121.83,3939.06,3,16,8,2,0,0
LGS1ORD0003015,C000501,2025-08-27 18:00:00,Male,40,Silver,Shopee,Nakhon Ratchasima,796,Fashion,UrbanWear,False,3.68,No Promotion,0.0,Web,COD,1,932.58,0.05,46.63,885.96,3,18,8,2,0,0
LGS1ORD0003016,C000273,2025-08-27 19:00:00,Male,52,Platinum,TV,Chonburi,1102,Cosmetics,SunSafe,False,4.36,No Promotion,0.0,Shopee,PromptPay,2,616.1,0.1,123.22,1108.99,3,19,8,2,0,0
LGS1ORD0003017,C000623,2025-08-27 21:00:00,Male,46,Bronze,Shopee,Chonburi,1551,Electronics,NovaTech,True,3.46,Clearance,0.2,Lazada,PromptPay,2,7710.56,0.23,3546.86,11874.26,4,21,8,2,0,1
LGS1ORD0003018,C000885,2025-08-27 23:00:00,Male,38,Bronze,Shopee,Remote_Area,784,Electronics,NovaTech,False,3.77,Clearance,0.2,Shopee,COD,1,5913.34,0.23,1360.07,4553.27,4,23,8,2,0,1
LGS1ORD0003019,C000756,2025-08-28 01:00:00,Female,34,Bronze,TV,Remote_Area,941,Cosmetics,FreshLook,False,4.0,Campaign,0.15,CallCenter,COD,2,2087.66,0.18,751.56,3423.76,4,1,8,3,0,0
LGS1ORD0003020,C000647,2025-08-28 03:00:00,Female,59,Gold,Shopee,Chiang Mai,1660,Kitchen,KitchenMax,True,4.13,Clearance,0.25,TV_Show,Credit_Card,3,502.38,0.33,497.36,1009.78,3,3,8,3,0,0
LGS1ORD0003021,C001070,2025-08-28 05:00:00,Male,22,Bronze,Shopee,Bangkok,519,Cosmetics,Beauty Lab,False,4.21,Campaign,0.1,Lazada,PromptPay,1,2091.84,0.13,271.94,1819.9,3,5,8,3,0,0
LGS1ORD0003022,C000958,2025-08-28 07:00:00,Male,18,Silver,CallCenter,Chiang Mai,1047,Health,MediCare,False,3.79,No Promotion,0.0,CallCenter,COD,1,345.15,0.05,17.26,327.89,3,7,8,3,0,0
LGS1ORD0003023,C000137,2025-08-28 09:00:00,Male,50,Bronze,Web,Songkhla,1483,Electronics,GadgetWorld,False,3.86,Campaign,0.05,Lazada,COD,2,4490.14,0.08,718.42,8261.86,4,9,8,3,0,0
LGS1ORD0003024,C000383,2025-08-28 11:00:00,Male,29,Bronze,TV,Khon Kaen,364,Fashion,UrbanWear,False,3.68,Campaign,0.05,CallCenter,COD,1,974.64,0.08,77.97,896.67,1,11,8,3,0,1
LGS1ORD0003025,C000079,2025-08-28 13:00:00,Female,53,Bronze,TV,Bangkok,259,Fashion,SilkTouch,False,3.62,Clearance,0.2,Web,PromptPay,1,1743.5,0.23,401.01,1342.5,4,13,8,3,0,0
LGS1ORD0003026,C000721,2025-08-28 14:00:00,Female,36,Bronze,Web,Remote_Area,847,Kitchen,CookEasy,False,4.09,Campaign,0.15,Lazada,Bank_Transfer,1,5469.74,0.18,984.55,4485.19,3,14,8,3,0,1
LGS1ORD0003027,C000808,2025-08-28 16:00:00,Male,45,Bronze,Shopee,Khon Kaen,662,Cosmetics,FreshLook,True,3.9,Campaign,0.15,Shopee,COD,1,1182.76,0.18,212.9,969.86,1,16,8,3,0,1
LGS1ORD0003028,C000338,2025-08-28 18:00:00,Male,54,Bronze,Shopee,Khon Kaen,847,Cosmetics,FreshLook,False,4.2,Campaign,0.05,Shopee,Credit_Card,2,1619.17,0.08,259.07,2979.27,3,18,8,3,0,0
LGS1ORD0003029,C000663,2025-08-28 20:00:00,Female,39,Bronze,Shopee,Chiang Mai,610,Fashion,FitStyle,True,3.85,No Promotion,0.0,Lazada,PromptPay,2,1158.23,0.03,69.49,2246.97,4,20,8,3,0,0
LGS1ORD0003030,C000693,2025-08-28 22:00:00,Female,18,Gold,Web,Bangkok,1118,Kitchen,KitchenMax,False,3.83,No Promotion,0.0,TV_Show,COD,2,4025.67,0.08,644.11,7407.24,1,22,8,3,0,0
LGS1ORD0003031,C000212,2025-08-29 00:00:00,Male,38,Bronze,TV,Phuket,1270,Electronics,GadgetWorld,False,4.07,Campaign,0.05,TV_Show,COD,1,1230.15,0.08,98.41,1131.74,1,0,8,4,0,0
LGS1ORD0003032,C000265,2025-08-29 02:00:00,Female,71,Gold,TV,Bangkok,554,Kitchen,CookEasy,True,4.12,No Promotion,0.0,Shopee,Credit_Card,2,3298.9,0.08,527.82,6069.97,3,2,8,4,0,0
LGS1ORD0003033,C000104,2025-08-29 04:00:00,Other,61,Silver,Shopee,Bangkok,343,Health,MediCare,False,4.4,Campaign,0.15,Lazada,Credit_Card,1,3831.03,0.2,766.21,3064.82,1,4,8,4,0,0
LGS1ORD0003034,C000126,2025-08-29 06:00:00,Male,28,Bronze,CallCenter,Khon Kaen,1136,Electronics,ShieldCase,False,3.61,No Promotion,0.0,Shopee,COD,1,8073.27,0.03,242.2,7831.07,4,6,8,4,0,0
LGS1ORD0003035,C000893,2025-08-29 08:00:00,Male,58,Gold,CallCenter,Bangkok,481,Cosmetics,SunSafe,True,4.42,Campaign,0.1,TV_Show,COD,1,1903.28,0.18,342.59,1560.69,3,8,8,4,0,0
LGS1ORD0003036,C000604,2025-08-29 09:00:00,Male,49,Bronze,Shopee,Remote_Area,655,Fashion,SilkTouch,True,3.91,Campaign,0.1,Shopee,COD,1,657.39,0.13,85.46,571.93,1,9,8,4,0,1
LGS1ORD0003037,C000359,2025-08-29 11:00:00,Female,43,Silver,TV,Bangkok,1010,Kitchen,CookEasy,True,4.12,No Promotion,0.0,Web,COD,3,3004.71,0.05,450.71,8563.43,4,11,8,4,0,0
LGS1ORD0003038,C000597,2025-08-29 13:00:00,Male,54,Bronze,TV,Chonburi,487,Fashion,SilkTouch,False,3.87,No Promotion,0.0,Lazada,COD,1,2504.92,0.03,75.15,2429.78,5,13,8,4,0,0
LGS1ORD0003039,C000540,2025-08-29 15:00:00,Female,37,Bronze,Web,Bangkok,1554,Kitchen,ChefHome,False,3.91,Campaign,0.05,Web,COD,1,4255.32,0.08,340.43,3914.9,5,15,8,4,0,0
LGS1ORD0003040,C001133,2025-08-29 17:00:00,Female,29,Silver,TV,Bangkok,1605,Kitchen,KitchenMax,True,3.89,Campaign,0.05,Shopee,Credit_Card,2,2962.17,0.1,592.43,5331.9,1,17,8,4,0,0
LGS1ORD0003041,C000444,2025-08-29 19:00:00,Male,34,Gold,Shopee,Phuket,1342,Electronics,NovaTech,False,3.7,Clearance,0.2,TV_Show,PromptPay,2,6244.32,0.28,3496.82,8991.82,4,19,8,4,0,1
LGS1ORD0003042,C000493,2025-08-29 21:00:00,Female,37,Bronze,Shopee,Chiang Mai,641,Cosmetics,FreshLook,False,4.05,Campaign,0.15,TV_Show,COD,3,771.57,0.18,416.65,1898.06,1,21,8,4,0,0
LGS1ORD0003043,C000596,2025-08-29 23:00:00,Male,55,Silver,TV,Bangkok,1210,Home_Appliance,PureAir,False,4.25,No Promotion,0.0,CallCenter,COD,3,7819.99,0.05,1173.0,22286.97,3,23,8,4,0,0
LGS1ORD0003044,C000281,2025-08-30 01:00:00,Female,32,Bronze,Web,Chiang Mai,433,Electronics,NovaTech,True,3.64,No Promotion,0.0,TV_Show,COD,1,1562.15,0.03,46.86,1515.28,1,1,8,5,1,0
LGS1ORD0003045,C000224,2025-08-30 03:00:00,Male,46,Bronze,Web,Bangkok,1601,Cosmetics,Beauty Lab,True,4.21,Campaign,0.15,Lazada,COD,2,2009.31,0.18,723.35,3295.27,3,3,8,5,1,0
LGS1ORD0003046,C000792,2025-08-30 04:00:00,Male,64,Bronze,Shopee,Nakhon Ratchasima,521,Kitchen,CookEasy,False,4.09,Clearance,0.2,Web,Credit_Card,1,1357.37,0.23,312.2,1045.18,5,4,8,5,1,0
LGS1ORD0003047,C001065,2025-08-30 06:00:00,Female,30,Bronze,TV,Chiang Mai,1462,Cosmetics,SunSafe,True,4.7,No Promotion,0.0,TV_Show,Bank_Transfer,2,1677.84,0.03,100.67,3255.02,5,6,8,5,1,0
LGS1ORD0003048,C000757,2025-08-30 08:00:00,Male,35,Bronze,TV,Remote_Area,739,Fashion,UrbanWear,True,3.71,Campaign,0.15,Shopee,COD,1,700.0,0.18,126.0,574.0,1,8,8,5,1,1
LGS1ORD0003049,C000346,2025-08-30 10:00:00,Female,36,Bronze,Web,Bangkok,407,Kitchen,ChefHome,True,3.95,No Promotion,0.0,TV_Show,COD,1,1237.53,0.03,37.13,1200.41,5,10,8,5,1,0
LGS1ORD0003050,C000056,2025-08-30 12:00:00,Female,33,Silver,Web,Bangkok,1230,Cosmetics,SunSafe,False,4.47,Campaign,0.05,CallCenter,Bank_Transfer,1,1192.32,0.1,119.23,1073.09,5,12,8,5,1,0
LGS1ORD0003051,C000872,2025-08-30 14:00:00,Female,47,Bronze,TV,Remote_Area,1220,Electronics,NovaTech,False,4.0,Clearance,0.25,Web,COD,2,7986.3,0.28,4472.33,11500.27,5,14,8,5,1,1
LGS1ORD0003052,C000188,2025-08-30 16:00:00,Male,57,Bronze,TV,Chonburi,1256,Cosmetics,SunSafe,True,3.98,Campaign,0.05,Web,PromptPay,2,2082.89,0.08,333.26,3832.52,5,16,8,5,1,0
LGS1ORD0003053,C000467,2025-08-30 18:00:00,Male,41,Bronze,CallCenter,Bangkok,1085,Home_Appliance,HomePro,False,3.71,No Promotion,0.0,Shopee,PromptPay,2,7256.35,0.03,435.38,14077.31,3,18,8,5,1,0
LGS1ORD0003054,C000730,2025-08-30 20:00:00,Female,59,Bronze,Shopee,Chiang Mai,327,Fashion,SilkTouch,False,3.62,No Promotion,0.0,CallCenter,COD,1,1720.44,0.03,51.61,1668.83,3,20,8,5,1,0
LGS1ORD0003055,C000034,2025-08-30 22:00:00,Female,38,Bronze,Web,Khon Kaen,679,Electronics,GadgetWorld,True,4.0,Campaign,0.15,Shopee,COD,2,2730.39,0.18,982.94,4477.84,3,22,8,5,1,0
LGS1ORD0003056,C000782,2025-08-30 23:00:00,Female,33,Silver,TV,Khon Kaen,1243,Electronics,ShieldCase,False,3.84,Clearance,0.2,TV_Show,COD,3,976.27,0.25,732.2,2196.61,5,23,8,5,1,1
LGS1ORD0003057,C000131,2025-08-31 01:00:00,Male,51,Bronze,TV,Bangkok,1118,Electronics,NovaTech,True,3.94,Campaign,0.15,TV_Show,COD,1,992.32,0.18,178.62,813.7,3,1,8,6,1,0
LGS1ORD0003058,C000543,2025-08-31 03:00:00,Female,47,Bronze,Shopee,Phuket,373,Fashion,UrbanWear,True,3.61,No Promotion,0.0,TV_Show,COD,1,1073.9,0.03,32.22,1041.68,3,3,8,6,1,0
LGS1ORD0003059,C000428,2025-08-31 05:00:00,Female,35,Silver,Shopee,Chiang Mai,403,Cosmetics,FreshLook,False,4.26,No Promotion,0.0,Web,Bank_Transfer,1,2145.05,0.05,107.25,2037.79,3,5,8,6,1,0
LGS1ORD0003060,C000394,2025-08-31 07:00:00,Male,40,Bronze,Shopee,Chiang Mai,502,Electronics,ShieldCase,True,3.63,Campaign,0.15,Lazada,Credit_Card,1,3504.71,0.18,630.85,2873.86,4,7,8,6,1,1
LGS1ORD0003061,C000542,2025-08-31 09:00:00,Male,53,Platinum,TV,Nakhon Ratchasima,1079,Fashion,UrbanWear,False,3.82,Clearance,0.2,TV_Show,COD,1,697.62,0.3,209.29,488.33,1,9,8,6,1,0
LGS1ORD0003062,C001060,2025-08-31 11:00:00,Male,32,Bronze,Shopee,Songkhla,1313,Cosmetics,SunSafe,True,4.02,Campaign,0.15,Lazada,COD,1,1015.49,0.18,182.79,832.7,3,11,8,6,1,1
LGS1ORD0003063,C000402,2025-08-31 13:00:00,Female,35,Bronze,Shopee,Bangkok,636,Cosmetics,SunSafe,False,4.24,Campaign,0.1,CallCenter,Bank_Transfer,2,1916.93,0.13,498.4,3335.46,3,13,8,6,1,0
LGS1ORD0003064,C001009,2025-08-31 15:00:00,Male,25,Gold,Web,Bangkok,317,Home_Appliance,CleanMate,True,4.01,Campaign,0.05,Shopee,Credit_Card,2,5981.84,0.13,1555.28,10408.4,3,15,8,6,1,0
LGS1ORD0003065,C000614,2025-08-31 17:00:00,Female,50,Silver,Lazada,Nakhon Ratchasima,1520,Home_Appliance,CleanMate,True,4.0,Clearance,0.2,Web,COD,2,11342.17,0.25,5671.08,17013.25,1,17,8,6,1,0
LGS1ORD0003066,C001014,2025-08-31 19:00:00,Male,54,Bronze,TV,Bangkok,1527,Home_Appliance,PureAir,True,4.2,Clearance,0.25,TV_Show,Bank_Transfer,1,6827.82,0.28,1911.79,4916.03,4,19,8,6,1,0
LGS1ORD0003067,C000845,2025-08-31 20:00:00,Female,45,Bronze,Shopee,Chiang Mai,1689,Kitchen,CookEasy,True,3.96,Clearance,0.2,Shopee,COD,1,2936.28,0.23,675.35,2260.94,3,20,8,6,1,0
LGS1ORD0003068,C000712,2025-08-31 22:00:00,Female,37,Bronze,Web,Songkhla,1563,Electronics,GadgetWorld,False,3.61,Campaign,0.15,Web,COD,2,5180.94,0.18,1865.14,8496.74,4,22,8,6,1,1
LGS1ORD0003069,C000825,2025-09-01 00:00:00,Male,38,Silver,Shopee,Khon Kaen,518,Fashion,SilkTouch,False,3.47,Clearance,0.2,Shopee,PromptPay,1,1794.39,0.25,448.6,1345.79,1,0,9,0,0,1
LGS1ORD0003070,C000815,2025-09-01 02:00:00,Female,45,Bronze,Shopee,Khon Kaen,704,Fashion,UrbanWear,False,3.45,Clearance,0.2,TV_Show,Credit_Card,1,860.91,0.23,198.01,662.9,1,2,9,0,0,0
LGS1ORD0003071,C000095,2025-09-01 04:00:00,Male,69,Bronze,Lazada,Remote_Area,1700,Home_Appliance,CleanMate,True,3.75,Campaign,0.15,CallCenter,COD,3,5248.16,0.18,2834.01,12910.48,1,4,9,0,0,1
LGS1ORD0003072,C000483,2025-09-01 06:00:00,Male,49,Bronze,Lazada,Songkhla,1079,Home_Appliance,HomePro,True,3.97,Clearance,0.2,Lazada,COD,1,9077.01,0.23,2087.71,6989.3,1,6,9,0,0,1
LGS1ORD0003073,C000933,2025-09-01 08:00:00,Male,39,Gold,Shopee,Chiang Mai,1456,Fashion,FitStyle,False,3.72,Campaign,0.15,Lazada,COD,1,1984.27,0.2299999999999999,456.38,1527.89,3,8,9,0,0,1
LGS1ORD0003074,C000932,2025-09-01 10:00:00,Other,54,Bronze,Lazada,Chiang Mai,1250,Cosmetics,SunSafe,True,4.42,Campaign,0.05,Shopee,COD,1,2031.94,0.08,162.55,1869.38,4,10,9,0,0,0
LGS1ORD0003075,C000474,2025-09-01 12:00:00,Male,46,Platinum,Web,Chonburi,739,Fashion,FitStyle,False,3.41,Campaign,0.05,Web,COD,3,931.75,0.15,419.29,2375.96,1,12,9,0,0,1
LGS1ORD0003076,C001013,2025-09-01 14:00:00,Female,42,Silver,Lazada,Chonburi,414,Kitchen,ChefHome,False,4.38,Clearance,0.2,Lazada,Credit_Card,2,4695.73,0.25,2347.86,7043.59,5,14,9,0,0,0
LGS1ORD0003077,C000602,2025-09-01 15:00:00,Male,55,Gold,Web,Chiang Mai,1506,Cosmetics,FreshLook,False,3.95,Clearance,0.2,TV_Show,COD,1,1467.12,0.28,410.79,1056.33,3,15,9,0,0,0
LGS1ORD0003078,C000211,2025-09-01 17:00:00,Male,46,Bronze,Lazada,Chonburi,1275,Fashion,UrbanWear,False,3.69,Clearance,0.2,TV_Show,COD,1,2129.62,0.23,489.81,1639.81,3,17,9,0,0,1
LGS1ORD0003079,C001052,2025-09-01 19:00:00,Female,39,Platinum,Web,Chiang Mai,709,Cosmetics,Beauty Lab,False,3.79,No Promotion,0.0,TV_Show,Credit_Card,1,1377.53,0.1,137.75,1239.77,3,19,9,0,0,0
LGS1ORD0003080,C000020,2025-09-01 21:00:00,Female,18,Bronze,Web,Chonburi,989,Fashion,FitStyle,False,3.68,Campaign,0.1,TV_Show,Credit_Card,1,1813.09,0.13,235.7,1577.39,3,21,9,0,0,1
LGS1ORD0003081,C000033,2025-09-01 23:00:00,Female,37,Platinum,Web,Bangkok,639,Health,WellPlus,False,4.23,No Promotion,0.0,TV_Show,Credit_Card,1,1588.03,0.1,158.8,1429.23,5,23,9,0,0,1
LGS1ORD0003082,C000296,2025-09-02 01:00:00,Female,47,Bronze,TV,Remote_Area,1300,Kitchen,KitchenMax,False,4.46,Campaign,0.05,CallCenter,COD,1,2407.58,0.08,192.61,2214.98,3,1,9,1,0,0
LGS1ORD0003083,C000640,2025-09-02 03:00:00,Female,60,Bronze,Lazada,Bangkok,1422,Electronics,NovaTech,True,3.5,Clearance,0.2,CallCenter,PromptPay,1,5269.76,0.23,1212.04,4057.72,1,3,9,1,0,0
LGS1ORD0003084,C000964,2025-09-02 05:00:00,Male,21,Bronze,TV,Chiang Mai,341,Fashion,UrbanWear,True,3.71,No Promotion,0.0,TV_Show,COD,2,706.79,0.03,42.41,1371.17,1,5,9,1,0,0
LGS1ORD0003085,C000915,2025-09-02 07:00:00,Female,64,Bronze,TV,Phuket,499,Kitchen,KitchenMax,True,4.54,Campaign,0.15,Web,PromptPay,1,5946.79,0.18,1070.42,4876.37,1,7,9,1,0,0
LGS1ORD0003086,C000925,2025-09-02 09:00:00,Female,36,Platinum,Lazada,Bangkok,546,Electronics,NovaTech,False,3.66,Campaign,0.05,Web,Credit_Card,1,11028.92,0.15,1654.34,9374.58,1,9,9,1,0,0
LGS1ORD0003087,C000554,2025-09-02 10:00:00,Female,46,Bronze,Lazada,Remote_Area,755,Cosmetics,SunSafe,False,4.17,No Promotion,0.0,Web,COD,1,1878.18,0.03,56.35,1821.83,3,10,9,1,0,0
LGS1ORD0003088,C000223,2025-09-02 12:00:00,Female,63,Gold,Web,Chiang Mai,1430,Kitchen,ChefHome,False,3.68,Campaign,0.05,TV_Show,COD,1,3435.86,0.13,446.66,2989.2,5,12,9,1,0,1
LGS1ORD0003089,C000512,2025-09-02 14:00:00,Male,38,Bronze,CallCenter,Phuket,681,Home_Appliance,PureAir,True,4.08,Campaign,0.05,Shopee,COD,2,1409.98,0.08,225.6,2594.36,3,14,9,1,0,1
LGS1ORD0003090,C000013,2025-09-02 16:00:00,Female,31,Silver,Shopee,Remote_Area,1442,Cosmetics,SunSafe,True,3.96,Clearance,0.2,Shopee,COD,4,302.16,0.25,302.16,906.47,4,16,9,1,0,0
LGS1ORD0003091,C000047,2025-09-02 18:00:00,Male,30,Silver,Web,Songkhla,1516,Fashion,UrbanWear,False,3.45,Clearance,0.2,Web,Credit_Card,1,931.87,0.25,232.97,698.91,5,18,9,1,0,1
LGS1ORD0003092,C000731,2025-09-02 20:00:00,Male,40,Silver,Web,Bangkok,403,Fashion,FitStyle,False,3.4,Campaign,0.05,CallCenter,Bank_Transfer,1,2439.18,0.1,243.92,2195.26,5,20,9,1,0,0
LGS1ORD0003093,C001061,2025-09-02 22:00:00,Female,28,Bronze,TV,Phuket,547,Home_Appliance,HomePro,True,3.82,No Promotion,0.0,Web,Bank_Transfer,1,2218.01,0.03,66.54,2151.47,4,22,9,1,0,0
LGS1ORD0003094,C000111,2025-09-03 00:00:00,Male,43,Silver,TV,Chonburi,1052,Home_Appliance,PureAir,False,4.2,No Promotion,0.0,Shopee,Credit_Card,2,14337.89,0.05,1433.79,27241.99,4,0,9,2,0,0
LGS1ORD0003095,C000424,2025-09-03 02:00:00,Female,41,Gold,Lazada,Phuket,591,Fashion,FitStyle,False,3.69,Clearance,0.2,TV_Show,Credit_Card,1,858.7,0.28,240.44,618.26,1,2,9,2,0,0
LGS1ORD0003096,C000910,2025-09-03 04:00:00,Female,37,Platinum,Shopee,Khon Kaen,1053,Cosmetics,FreshLook,False,4.07,No Promotion,0.0,CallCenter,Credit_Card,1,1570.14,0.1,157.01,1413.13,5,4,9,2,0,0
LGS1ORD0003097,C000351,2025-09-03 05:00:00,Female,18,Silver,Web,Nakhon Ratchasima,1606,Home_Appliance,CleanMate,True,3.91,No Promotion,0.0,TV_Show,Credit_Card,1,7885.37,0.05,394.27,7491.11,5,5,9,2,0,0
LGS1ORD0003098,C000476,2025-09-03 07:00:00,Male,47,Bronze,TV,Remote_Area,468,Fashion,UrbanWear,True,3.71,Campaign,0.05,Shopee,COD,1,708.49,0.08,56.68,651.81,3,7,9,2,0,0
LGS1ORD0003099,C000599,2025-09-03 09:00:00,Male,56,Bronze,TV,Remote_Area,1489,Cosmetics,FreshLook,False,4.12,Campaign,0.15,Web,Credit_Card,1,172.99,0.18,31.14,141.85,3,9,9,2,0,0
LGS1ORD0003100,C000908,2025-09-03 11:00:00,Female,58,Silver,Web,Bangkok,735,Health,VitaLife,False,4.36,No Promotion,0.0,Shopee,COD,1,370.56,0.05,18.53,352.03,5,11,9,2,0,0
LGS1ORD0003101,C000470,2025-09-03 13:00:00,Male,33,Platinum,Lazada,Bangkok,757,Home_Appliance,PureAir,True,4.2,Clearance,0.2,TV_Show,COD,2,11322.41,0.3,6793.44,15851.37,5,13,9,2,0,0
LGS1ORD0003102,C000772,2025-09-03 15:00:00,Male,40,Gold,Web,Bangkok,517,Kitchen,ChefHome,False,3.96,Clearance,0.2,Web,Bank_Transfer,3,4951.04,0.28,4158.87,10694.24,5,15,9,2,0,0
LGS1ORD0003103,C000228,2025-09-03 17:00:00,Female,50,Bronze,CallCenter,Phuket,1452,Health,VitaLife,False,4.19,Campaign,0.05,Shopee,COD,1,3329.98,0.08,266.4,3063.59,1,17,9,2,0,0
LGS1ORD0003104,C000941,2025-09-03 19:00:00,Female,55,Gold,TV,Bangkok,570,Cosmetics,FreshLook,False,4.26,Campaign,0.15,Web,Credit_Card,1,2046.46,0.2299999999999999,470.69,1575.77,4,19,9,2,0,0
LGS1ORD0003105,C001078,2025-09-03 21:00:00,Male,57,Gold,Shopee,Chonburi,576,Fashion,SilkTouch,False,3.43,Clearance,0.2,CallCenter,COD,2,1330.7,0.28,745.19,1916.2,3,21,9,2,0,1
LGS1ORD0003106,C001162,2025-09-03 23:00:00,Male,35,Bronze,CallCenter,Bangkok,1089,Fashion,FitStyle,False,3.55,Campaign,0.05,CallCenter,COD,3,859.78,0.08,206.35,2373.01,4,23,9,2,0,0
LGS1ORD0003107,C000532,2025-09-04 00:00:00,Female,65,Bronze,TV,Remote_Area,1031,Kitchen,CookEasy,True,3.86,Clearance,0.2,Shopee,Credit_Card,1,1574.23,0.23,362.07,1212.16,5,0,9,3,0,0
LGS1ORD0003108,C000124,2025-09-04 02:00:00,Female,18,Bronze,Web,Chonburi,1243,Cosmetics,FreshLook,False,4.07,Campaign,0.15,TV_Show,COD,1,1799.16,0.18,323.85,1475.31,4,2,9,3,0,0
LGS1ORD0003109,C000142,2025-09-04 04:00:00,Male,53,Platinum,TV,Bangkok,1068,Kitchen,ChefHome,False,4.16,No Promotion,0.0,CallCenter,Credit_Card,3,1687.63,0.1,506.29,4556.61,1,4,9,3,0,0
LGS1ORD0003110,C000189,2025-09-04 06:00:00,Male,66,Bronze,CallCenter,Bangkok,1507,Electronics,NovaTech,True,3.5,No Promotion,0.0,Web,Credit_Card,2,5048.7,0.03,302.92,9794.48,4,6,9,3,0,0
LGS1ORD0003111,C000119,2025-09-04 08:00:00,Male,47,Bronze,TV,Songkhla,386,Home_Appliance,PureAir,True,4.21,No Promotion,0.0,Lazada,Bank_Transfer,1,13185.05,0.03,395.55,12789.5,5,8,9,3,0,1
LGS1ORD0003112,C000964,2025-09-04 10:00:00,Male,21,Bronze,TV,Chiang Mai,343,Fashion,UrbanWear,False,3.61,Clearance,0.2,Shopee,COD,1,1666.16,0.23,383.22,1282.94,5,10,9,3,0,1
LGS1ORD0003113,C000977,2025-09-04 12:00:00,Female,69,Bronze,TV,Songkhla,681,Health,MediCare,True,4.26,Clearance,0.25,Shopee,COD,3,4472.13,0.28,3756.59,9659.79,5,12,9,3,0,0
LGS1ORD0003114,C000452,2025-09-04 14:00:00,Female,40,Bronze,Web,Songkhla,319,Home_Appliance,CleanMate,True,4.08,No Promotion,0.0,Shopee,COD,2,12479.01,0.03,748.74,24209.28,3,14,9,3,0,1
LGS1ORD0003115,C000877,2025-09-04 16:00:00,Female,29,Bronze,TV,Songkhla,577,Electronics,GadgetWorld,False,3.74,Campaign,0.05,TV_Show,Bank_Transfer,1,1388.13,0.08,111.05,1277.08,3,16,9,3,0,0
LGS1ORD0003116,C000810,2025-09-04 18:00:00,Male,51,Bronze,TV,Songkhla,388,Home_Appliance,PureAir,True,4.11,Campaign,0.05,Web,COD,2,3765.52,0.08,602.48,6928.56,5,18,9,3,0,0
LGS1ORD0003117,C000851,2025-09-04 19:00:00,Male,18,Bronze,Lazada,Chiang Mai,1247,Electronics,ShieldCase,False,3.64,Campaign,0.15,CallCenter,COD,2,1085.52,0.18,390.79,1780.25,4,19,9,3,0,1
LGS1ORD0003118,C000645,2025-09-04 21:00:00,Female,44,Bronze,Shopee,Bangkok,1331,Kitchen,ChefHome,False,3.96,No Promotion,0.0,CallCenter,PromptPay,1,4635.5,0.03,139.06,4496.43,3,21,9,3,0,0
LGS1ORD0003119,C001076,2025-09-04 23:00:00,Female,42,Platinum,TV,Bangkok,706,Fashion,SilkTouch,False,3.86,No Promotion,0.0,TV_Show,COD,1,1994.69,0.1,199.47,1795.22,3,23,9,3,0,0
LGS1ORD0003120,C001190,2025-09-05 01:00:00,Female,35,Gold,Lazada,Remote_Area,811,Kitchen,ChefHome,False,4.15,Clearance,0.2,Shopee,PromptPay,1,4403.44,0.28,1232.96,3170.48,5,1,9,4,0,0
LGS1ORD0003121,C000211,2025-09-05 03:00:00,Male,46,Bronze,Lazada,Chonburi,1279,Home_Appliance,HomePro,False,4.29,Campaign,0.05,Web,COD,3,1540.64,0.08,369.75,4252.17,1,3,9,4,0,0
LGS1ORD0003122,C001125,2025-09-05 05:00:00,Male,57,Bronze,TV,Phuket,1197,Health,MediCare,False,3.83,Clearance,0.2,TV_Show,COD,1,3365.77,0.23,774.13,2591.64,1,5,9,4,0,1
LGS1ORD0003123,C000905,2025-09-05 07:00:00,Male,40,Bronze,TV,Songkhla,510,Fashion,FitStyle,False,3.75,Campaign,0.15,Web,COD,1,2071.21,0.18,372.82,1698.39,1,7,9,4,0,1
LGS1ORD0003124,C000320,2025-09-05 09:00:00,Female,46,Gold,Lazada,Bangkok,516,Fashion,SilkTouch,False,3.9,Campaign,0.15,CallCenter,Credit_Card,2,699.65,0.2299999999999999,321.84,1077.46,3,9,9,4,0,1
LGS1ORD0003125,C001075,2025-09-05 11:00:00,Male,33,Silver,Shopee,Nakhon Ratchasima,801,Electronics,GadgetWorld,False,3.8,Campaign,0.05,Shopee,COD,1,9136.5,0.1,913.65,8222.85,1,11,9,4,0,0
LGS1ORD0003126,C000691,2025-09-05 13:00:00,Male,30,Gold,Web,Chiang Mai,1575,Electronics,NovaTech,True,3.5,Campaign,0.05,Shopee,COD,1,6538.23,0.13,849.97,5688.26,4,13,9,4,0,0
LGS1ORD0003127,C001168,2025-09-05 14:00:00,Male,55,Silver,Shopee,Chonburi,1032,Fashion,SilkTouch,False,3.86,Clearance,0.2,Web,Bank_Transfer,3,2156.3,0.25,1617.22,4851.67,5,14,9,4,0,0
LGS1ORD0003128,C000145,2025-09-05 16:00:00,Female,52,Gold,Shopee,Khon Kaen,287,Fashion,FitStyle,False,3.53,Campaign,0.05,Shopee,Bank_Transfer,1,1836.56,0.13,238.75,1597.81,1,16,9,4,0,0
LGS1ORD0003129,C000047,2025-09-05 18:00:00,Male,30,Silver,Web,Songkhla,1519,Fashion,SilkTouch,False,3.62,Campaign,0.1,Shopee,COD,1,1740.21,0.15,261.03,1479.18,5,18,9,4,0,0
LGS1ORD0003130,C001196,2025-09-05 20:00:00,Male,26,Bronze,TV,Bangkok,442,Cosmetics,SunSafe,False,4.53,No Promotion,0.0,CallCenter,COD,1,1030.24,0.03,30.91,999.33,1,20,9,4,0,0
LGS1ORD0003131,C001143,2025-09-05 22:00:00,Female,43,Bronze,TV,Chonburi,991,Cosmetics,SunSafe,False,4.36,Campaign,0.05,TV_Show,COD,1,641.76,0.08,51.34,590.42,5,22,9,4,0,1
LGS1ORD0003132,C000162,2025-09-06 00:00:00,Female,33,Gold,TV,Remote_Area,1447,Kitchen,ChefHome,False,4.13,Clearance,0.25,Web,COD,1,5213.37,0.33,1720.41,3492.96,4,0,9,5,1,0
LGS1ORD0003133,C000239,2025-09-06 02:00:00,Male,63,Bronze,Shopee,Chonburi,792,Cosmetics,SunSafe,True,3.98,Clearance,0.25,Web,COD,1,2254.32,0.28,631.21,1623.11,4,2,9,5,1,0
LGS1ORD0003134,C000582,2025-09-06 04:00:00,Female,24,Bronze,TV,Bangkok,770,Fashion,FitStyle,False,3.69,Campaign,0.15,Shopee,PromptPay,3,823.41,0.18,444.64,2025.6,5,4,9,5,1,1
LGS1ORD0003135,C001191,2025-09-06 06:00:00,Female,33,Gold,CallCenter,Chonburi,684,Fashion,FitStyle,False,3.55,Campaign,0.1,Web,Bank_Transfer,1,807.37,0.18,145.33,662.04,1,6,9,5,1,0
LGS1ORD0003136,C000029,2025-09-06 08:00:00,Male,18,Silver,TV,Khon Kaen,482,Fashion,UrbanWear,False,3.75,Campaign,0.15,Web,COD,2,773.32,0.2,309.33,1237.32,4,8,9,5,1,0
LGS1ORD0003137,C000154,2025-09-06 09:00:00,Male,35,Gold,Shopee,Bangkok,475,Electronics,ShieldCase,True,3.63,No Promotion,0.0,Web,COD,1,3529.19,0.08,282.33,3246.85,4,9,9,5,1,0
LGS1ORD0003138,C000573,2025-09-06 11:00:00,Female,39,Silver,Web,Bangkok,1598,Electronics,NovaTech,True,4.02,Campaign,0.05,Web,COD,1,9519.56,0.1,951.96,8567.6,3,11,9,5,1,1
LGS1ORD0003139,C000095,2025-09-06 13:00:00,Male,69,Bronze,Lazada,Remote_Area,1705,Fashion,FitStyle,False,3.53,Clearance,0.2,TV_Show,PromptPay,3,1873.22,0.23,1292.52,4327.13,5,13,9,5,1,1
LGS1ORD0003140,C001004,2025-09-06 15:00:00,Male,57,Silver,Web,Bangkok,903,Kitchen,ChefHome,False,4.0,Clearance,0.2,TV_Show,Credit_Card,1,3267.69,0.25,816.92,2450.76,4,15,9,5,1,0
LGS1ORD0003141,C000905,2025-09-06 17:00:00,Male,40,Bronze,TV,Songkhla,511,Health,VitaLife,False,4.19,Clearance,0.25,Shopee,Bank_Transfer,1,3398.67,0.28,951.63,2447.04,1,17,9,5,1,0
LGS1ORD0003142,C000696,2025-09-06 19:00:00,Male,50,Platinum,Shopee,Chiang Mai,1411,Kitchen,ChefHome,False,4.16,No Promotion,0.0,TV_Show,Bank_Transfer,1,1720.93,0.1,172.09,1548.84,1,19,9,5,1,0
LGS1ORD0003143,C001034,2025-09-06 21:00:00,Male,33,Platinum,CallCenter,Khon Kaen,1626,Fashion,UrbanWear,False,3.6,Campaign,0.1,Web,Bank_Transfer,1,865.79,0.2,173.16,692.63,3,21,9,5,1,0
LGS1ORD0003144,C000160,2025-09-06 23:00:00,Female,59,Silver,TV,Khon Kaen,368,Fashion,UrbanWear,False,3.61,Campaign,0.05,CallCenter,PromptPay,1,846.7,0.1,84.67,762.03,3,23,9,5,1,0
LGS1ORD0003145,C000633,2025-09-07 01:00:00,Female,47,Gold,Web,Bangkok,653,Electronics,ShieldCase,False,3.82,Campaign,0.15,Shopee,COD,3,6853.36,0.2299999999999999,4728.82,15831.27,1,1,9,6,1,0
LGS1ORD0003146,C000262,2025-09-07 03:00:00,Female,27,Gold,Web,Nakhon Ratchasima,1077,Electronics,NovaTech,True,4.02,No Promotion,0.0,CallCenter,COD,1,9897.15,0.08,791.77,9105.38,3,3,9,6,1,0
LGS1ORD0003147,C000654,2025-09-07 04:00:00,Female,57,Gold,TV,Chonburi,606,Electronics,GadgetWorld,False,3.86,No Promotion,0.0,Web,COD,2,4740.59,0.08,758.49,8722.69,3,4,9,6,1,0
LGS1ORD0003148,C000533,2025-09-07 06:00:00,Female,50,Silver,Shopee,Khon Kaen,1429,Fashion,UrbanWear,False,3.45,Campaign,0.15,TV_Show,COD,2,936.42,0.2,374.57,1498.27,4,6,9,6,1,1
LGS1ORD0003149,C001128,2025-09-07 08:00:00,Female,23,Bronze,Shopee,Chonburi,1353,Fashion,UrbanWear,False,3.72,No Promotion,0.0,Lazada,COD,1,2571.83,0.03,77.15,2494.68,3,8,9,6,1,0
LGS1ORD0003150,C000137,2025-09-07 10:00:00,Male,50,Bronze,Web,Songkhla,1493,Cosmetics,Beauty Lab,False,4.04,No Promotion,0.0,Web,PromptPay,1,1976.81,0.03,59.3,1917.51,1,10,9,6,1,0
LGS1ORD0003151,C000680,2025-09-07 12:00:00,Male,40,Gold,CallCenter,Khon Kaen,1093,Kitchen,ChefHome,False,3.91,Campaign,0.05,TV_Show,PromptPay,2,4161.36,0.13,1081.95,7240.76,3,12,9,6,1,0
LGS1ORD0003152,C000199,2025-09-07 14:00:00,Female,63,Platinum,Shopee,Chonburi,934,Fashion,FitStyle,False,4.0,No Promotion,0.0,TV_Show,Credit_Card,2,2612.1,0.1,522.42,4701.78,4,14,9,6,1,0
LGS1ORD0003153,C000238,2025-09-07 16:00:00,Female,53,Bronze,Web,Bangkok,799,Kitchen,ChefHome,False,3.96,Campaign,0.1,Shopee,COD,1,5586.82,0.13,726.29,4860.54,1,16,9,6,1,0
LGS1ORD0003154,C000404,2025-09-07 18:00:00,Male,27,Bronze,TV,Remote_Area,379,Cosmetics,Beauty Lab,False,4.11,Campaign,0.15,Lazada,COD,2,1795.14,0.18,646.25,2944.02,3,18,9,6,1,0
LGS1ORD0003155,C000691,2025-09-07 20:00:00,Male,30,Gold,Web,Chiang Mai,1577,Home_Appliance,CleanMate,True,3.91,Clearance,0.25,TV_Show,COD,1,8055.92,0.33,2658.45,5397.47,4,20,9,6,1,0
LGS1ORD0003156,C000400,2025-09-07 22:00:00,Male,24,Bronze,Lazada,Chonburi,1674,Electronics,ShieldCase,False,3.9,No Promotion,0.0,Lazada,Credit_Card,2,1993.36,0.03,119.6,3867.12,1,22,9,6,1,0
LGS1ORD0003157,C000673,2025-09-07 23:00:00,Male,38,Gold,Shopee,Chiang Mai,518,Health,VitaLife,False,4.36,Clearance,0.2,Lazada,COD,1,367.85,0.28,103.0,264.85,1,23,9,6,1,0
LGS1ORD0003158,C000936,2025-09-08 01:00:00,Male,36,Bronze,CallCenter,Chonburi,1136,Health,MediCare,False,4.77,Campaign,0.05,Lazada,Credit_Card,2,259.47,0.08,41.52,477.43,1,1,9,0,0,0
LGS1ORD0003159,C000044,2025-09-08 03:00:00,Female,36,Gold,TV,Phuket,1252,Electronics,NovaTech,False,3.6,No Promotion,0.0,Lazada,COD,1,8217.38,0.08,657.39,7559.99,3,3,9,0,0,0
LGS1ORD0003160,C000437,2025-09-08 05:00:00,Female,44,Bronze,CallCenter,Khon Kaen,1474,Kitchen,CookEasy,False,4.09,Campaign,0.15,TV_Show,COD,1,5297.27,0.18,953.51,4343.76,3,5,9,0,0,0
LGS1ORD0003161,C000247,2025-09-08 07:00:00,Female,44,Bronze,TV,Chonburi,1092,Kitchen,ChefHome,False,4.0,Clearance,0.25,Web,COD,1,3277.36,0.28,917.66,2359.7,3,7,9,0,0,1
LGS1ORD0003162,C000667,2025-09-08 09:00:00,Male,48,Bronze,TV,Phuket,1302,Cosmetics,Beauty Lab,False,3.94,Campaign,0.05,CallCenter,COD,2,1720.62,0.08,275.3,3165.95,3,9,9,0,0,0
LGS1ORD0003163,C000493,2025-09-08 11:00:00,Female,37,Bronze,Shopee,Chiang Mai,651,Electronics,NovaTech,False,3.38,Campaign,0.15,Lazada,COD,1,8200.4,0.18,1476.07,6724.32,4,11,9,0,0,1
LGS1ORD0003164,C001130,2025-09-08 13:00:00,Male,37,Bronze,TV,Bangkok,1665,Home_Appliance,PureAir,True,4.08,Campaign,0.05,Lazada,PromptPay,2,1499.67,0.08,239.95,2759.4,5,13,9,0,0,0
LGS1ORD0003165,C000735,2025-09-08 15:00:00,Female,38,Bronze,Web,Chonburi,1359,Health,MediCare,True,4.26,Campaign,0.1,TV_Show,COD,1,4692.14,0.13,609.98,4082.17,3,15,9,0,0,0
LGS1ORD0003166,C001015,2025-09-08 17:00:00,Female,32,Platinum,TV,Bangkok,509,Health,MediCare,False,4.35,Campaign,0.1,Shopee,COD,1,3764.93,0.2,752.99,3011.95,1,17,9,0,0,0
LGS1ORD0003167,C000351,2025-09-08 19:00:00,Female,18,Silver,Web,Nakhon Ratchasima,1611,Home_Appliance,PureAir,True,3.62,No Promotion,0.0,Web,COD,2,10475.74,0.05,1047.57,19903.91,1,19,9,0,0,0
LGS1ORD0003168,C000713,2025-09-08 20:00:00,Female,23,Platinum,TV,Khon Kaen,960,Home_Appliance,PureAir,False,4.15,Campaign,0.05,Shopee,Bank_Transfer,1,7226.66,0.15,1084.0,6142.66,3,20,9,0,0,0
LGS1ORD0003169,C000059,2025-09-08 22:00:00,Male,27,Bronze,Lazada,Chiang Mai,938,Home_Appliance,PureAir,True,4.14,Campaign,0.15,Shopee,COD,2,4069.47,0.18,1465.01,6673.92,1,22,9,0,0,1
LGS1ORD0003170,C000788,2025-09-09 00:00:00,Female,72,Platinum,Lazada,Nakhon Ratchasima,681,Electronics,ShieldCase,True,3.63,No Promotion,0.0,Web,PromptPay,2,3550.95,0.1,710.19,6391.7,1,0,9,1,0,0
LGS1ORD0003171,C000041,2025-09-09 02:00:00,Female,37,Silver,CallCenter,Khon Kaen,390,Kitchen,CookEasy,False,4.19,Campaign,0.05,Lazada,PromptPay,1,5932.32,0.1,593.23,5339.09,1,2,9,1,0,0
LGS1ORD0003172,C000787,2025-09-09 04:00:00,Other,40,Silver,Shopee,Nakhon Ratchasima,1048,Electronics,GadgetWorld,False,4.07,No Promotion,0.0,Shopee,PromptPay,1,1252.6,0.05,62.63,1189.97,1,4,9,1,0,0
LGS1ORD0003173,C000818,2025-09-09 06:00:00,Female,59,Bronze,Web,Chonburi,990,Home_Appliance,PureAir,True,4.11,No Promotion,0.0,TV_Show,Credit_Card,3,3674.43,0.03,330.7,10692.6,1,6,9,1,0,0
LGS1ORD0003174,C000723,2025-09-09 08:00:00,Male,41,Gold,TV,Chonburi,587,Health,WellPlus,False,4.37,Campaign,0.05,CallCenter,Bank_Transfer,1,3949.09,0.13,513.38,3435.71,3,8,9,1,0,1
LGS1ORD0003175,C000451,2025-09-09 10:00:00,Female,18,Bronze,TV,Phuket,1124,Fashion,FitStyle,False,3.53,No Promotion,0.0,TV_Show,Bank_Transfer,1,1962.24,0.03,58.87,1903.37,5,10,9,1,0,0
LGS1ORD0003176,C001195,2025-09-09 12:00:00,Female,35,Bronze,TV,Bangkok,1003,Home_Appliance,CleanMate,True,4.08,Campaign,0.05,TV_Show,COD,1,12734.19,0.08,1018.74,11715.46,4,12,9,1,0,0
LGS1ORD0003177,C001158,2025-09-09 14:00:00,Female,48,Silver,TV,Bangkok,1580,Electronics,ShieldCase,False,3.84,Clearance,0.2,Web,COD,4,1037.47,0.25,1037.47,3112.41,1,14,9,1,0,0
LGS1ORD0003178,C001171,2025-09-09 15:00:00,Female,59,Bronze,Web,Chiang Mai,335,Home_Appliance,PureAir,True,3.62,Campaign,0.15,Lazada,COD,1,11062.31,0.18,1991.22,9071.09,3,15,9,1,0,0
LGS1ORD0003179,C001018,2025-09-09 17:00:00,Female,32,Silver,Shopee,Chonburi,1261,Home_Appliance,PureAir,False,4.19,Campaign,0.1,Lazada,COD,1,5731.13,0.15,859.67,4871.46,4,17,9,1,0,0
LGS1ORD0003180,C001050,2025-09-09 19:00:00,Male,49,Bronze,Lazada,Chonburi,1355,Electronics,NovaTech,True,3.64,Campaign,0.15,Shopee,PromptPay,1,1560.67,0.18,280.92,1279.75,5,19,9,1,0,0
LGS1ORD0003181,C000856,2025-09-09 21:00:00,Male,24,Bronze,Web,Songkhla,962,Electronics,NovaTech,False,4.06,No Promotion,0.0,Lazada,COD,1,9600.99,0.03,288.03,9312.96,3,21,9,1,0,0
LGS1ORD0003182,C000707,2025-09-09 23:00:00,Male,49,Gold,Web,Songkhla,1057,Home_Appliance,CleanMate,True,3.91,No Promotion,0.0,Shopee,COD,2,8385.3,0.08,1341.65,15428.95,3,23,9,1,0,0
LGS1ORD0003183,C001164,2025-09-10 01:00:00,Female,32,Platinum,Web,Chonburi,1088,Cosmetics,FreshLook,False,4.21,No Promotion,0.0,TV_Show,Credit_Card,1,483.93,0.1,48.39,435.54,3,1,9,2,0,0
LGS1ORD0003184,C000597,2025-09-10 03:00:00,Male,54,Bronze,TV,Chonburi,499,Health,VitaLife,True,4.67,No Promotion,0.0,Web,PromptPay,1,3721.2,0.03,111.64,3609.56,5,3,9,2,0,0
LGS1ORD0003185,C000945,2025-09-10 05:00:00,Female,28,Silver,Shopee,Khon Kaen,1458,Kitchen,KitchenMax,True,3.84,No Promotion,0.0,CallCenter,COD,1,4534.69,0.05,226.73,4307.96,3,5,9,2,0,0
LGS1ORD0003186,C000851,2025-09-10 07:00:00,Male,18,Bronze,Lazada,Chiang Mai,1253,Electronics,ShieldCase,False,3.82,No Promotion,0.0,TV_Show,COD,1,7153.2,0.03,214.6,6938.6,5,7,9,2,0,0
LGS1ORD0003187,C000501,2025-09-10 09:00:00,Male,40,Silver,Shopee,Nakhon Ratchasima,810,Electronics,ShieldCase,True,3.43,Clearance,0.2,TV_Show,COD,1,5267.01,0.25,1316.75,3950.25,3,9,9,2,0,1
LGS1ORD0003188,C000875,2025-09-10 10:00:00,Female,53,Gold,TV,Bangkok,1419,Fashion,UrbanWear,False,3.61,Clearance,0.25,CallCenter,COD,2,1545.67,0.33,1020.14,2071.19,3,10,9,2,0,0
LGS1ORD0003189,C001183,2025-09-10 12:00:00,Male,49,Bronze,Shopee,Nakhon Ratchasima,1206,Kitchen,ChefHome,False,3.91,Campaign,0.15,Lazada,COD,1,4210.96,0.18,757.97,3452.99,3,12,9,2,0,0
LGS1ORD0003190,C000213,2025-09-10 14:00:00,Female,54,Gold,Lazada,Bangkok,621,Kitchen,KitchenMax,False,4.46,Clearance,0.25,Web,PromptPay,1,2549.0,0.33,841.17,1707.83,3,14,9,2,0,0
LGS1ORD0003191,C000896,2025-09-10 16:00:00,Female,37,Bronze,TV,Remote_Area,1688,Electronics,ShieldCase,False,4.03,Clearance,0.2,Shopee,COD,3,10352.9,0.23,7143.5,23915.2,1,16,9,2,0,1
LGS1ORD0003192,C000236,2025-09-10 18:00:00,Male,53,Gold,Lazada,Bangkok,1243,Fashion,UrbanWear,False,3.51,Clearance,0.2,Web,COD,1,431.59,0.28,120.85,310.75,3,18,9,2,0,0
LGS1ORD0003193,C000821,2025-09-10 20:00:00,Male,56,Bronze,Lazada,Remote_Area,882,Cosmetics,FreshLook,True,3.82,No Promotion,0.0,TV_Show,COD,2,1501.71,0.03,90.1,2913.31,1,20,9,2,0,1
LGS1ORD0003194,C000519,2025-09-10 22:00:00,Female,40,Silver,TV,Khon Kaen,1497,Cosmetics,Beauty Lab,False,3.79,Clearance,0.2,Web,Credit_Card,1,1348.03,0.25,337.01,1011.02,5,22,9,2,0,0
LGS1ORD0003195,C000502,2025-09-11 00:00:00,Female,53,Platinum,TV,Bangkok,774,Cosmetics,SunSafe,False,3.75,Campaign,0.05,TV_Show,COD,2,2221.53,0.15,666.46,3776.6,4,0,9,3,0,1
LGS1ORD0003196,C000651,2025-09-11 02:00:00,Female,40,Bronze,TV,Khon Kaen,1414,Electronics,NovaTech,False,3.89,Campaign,0.05,CallCenter,COD,3,6458.76,0.08,1550.1,17826.19,3,2,9,3,0,0
LGS1ORD0003197,C000271,2025-09-11 04:00:00,Female,39,Bronze,Web,Phuket,1424,Electronics,ShieldCase,False,3.54,Campaign,0.15,Shopee,Credit_Card,1,5364.06,0.18,965.53,4398.53,5,4,9,3,0,1
LGS1ORD0003198,C000614,2025-09-11 05:00:00,Female,50,Silver,Lazada,Nakhon Ratchasima,1531,Health,VitaLife,False,4.47,Campaign,0.05,TV_Show,COD,1,962.64,0.1,96.26,866.38,3,5,9,3,0,0
LGS1ORD0003199,C000640,2025-09-11 07:00:00,Female,60,Bronze,Lazada,Bangkok,1431,Kitchen,ChefHome,False,3.9,No Promotion,0.0,CallCenter,COD,2,3095.41,0.03,185.72,6005.1,3,7,9,3,0,0
LGS1ORD0003200,C001074,2025-09-11 09:00:00,Female,30,Bronze,Web,Bangkok,642,Home_Appliance,PureAir,True,4.2,Campaign,0.1,Shopee,COD,1,6742.71,0.13,876.55,5866.16,3,9,9,3,0,0
LGS1ORD0003201,C000601,2025-09-11 11:00:00,Male,30,Bronze,Web,Nakhon Ratchasima,492,Fashion,UrbanWear,False,3.61,Clearance,0.25,TV_Show,COD,1,1704.39,0.28,477.23,1227.16,1,11,9,3,0,1
LGS1ORD0003202,C000570,2025-09-11 13:00:00,Other,49,Bronze,Shopee,Chonburi,1156,Fashion,FitStyle,False,3.44,No Promotion,0.0,Web,Credit_Card,1,822.65,0.03,24.68,797.97,4,13,9,3,0,1
LGS1ORD0003203,C001105,2025-09-11 15:00:00,Other,52,Platinum,TV,Chonburi,1281,Home_Appliance,HomePro,False,4.04,No Promotion,0.0,Shopee,COD,2,6413.51,0.1,1282.7,11544.31,5,15,9,3,0,0
LGS1ORD0003204,C000216,2025-09-11 17:00:00,Male,43,Bronze,CallCenter,Nakhon Ratchasima,877,Health,MediCare,False,4.4,No Promotion,0.0,TV_Show,PromptPay,2,3885.41,0.03,233.12,7537.7,3,17,9,3,0,0
LGS1ORD0003205,C000544,2025-09-11 19:00:00,Female,38,Bronze,TV,Chiang Mai,393,Fashion,UrbanWear,False,3.49,Clearance,0.25,Lazada,COD,2,529.04,0.28,296.26,761.81,4,19,9,3,0,0
LGS1ORD0003206,C000011,2025-09-11 21:00:00,Male,27,Silver,CallCenter,Nakhon Ratchasima,595,Cosmetics,FreshLook,False,3.94,Campaign,0.15,Web,Credit_Card,1,947.01,0.2,189.4,757.61,4,21,9,3,0,0
LGS1ORD0003207,C000306,2025-09-11 23:00:00,Female,60,Bronze,TV,Phuket,430,Home_Appliance,HomePro,True,3.76,No Promotion,0.0,TV_Show,PromptPay,1,12163.34,0.03,364.9,11798.44,4,23,9,3,0,0
LGS1ORD0003208,C001161,2025-09-12 00:00:00,Male,39,Bronze,TV,Chiang Mai,1446,Kitchen,CookEasy,False,4.05,No Promotion,0.0,Web,COD,1,2199.68,0.03,65.99,2133.69,3,0,9,4,0,0
LGS1ORD0003209,C001179,2025-09-12 02:00:00,Female,35,Bronze,TV,Chonburi,1236,Home_Appliance,CleanMate,True,3.91,Campaign,0.05,Web,COD,2,7996.08,0.08,1279.37,14712.78,1,2,9,4,0,0
LGS1ORD0003210,C000529,2025-09-12 04:00:00,Female,44,Bronze,TV,Remote_Area,1277,Electronics,ShieldCase,True,4.04,Campaign,0.15,TV_Show,Credit_Card,2,11747.03,0.18,4228.93,19265.13,5,4,9,4,0,0
LGS1ORD0003211,C000732,2025-09-12 06:00:00,Female,39,Gold,Lazada,Songkhla,441,Fashion,UrbanWear,True,3.78,Campaign,0.15,Web,Credit_Card,2,1646.73,0.2299999999999999,757.5,2535.96,3,6,9,4,0,0
LGS1ORD0003212,C000916,2025-09-12 08:00:00,Male,62,Bronze,Shopee,Bangkok,1339,Home_Appliance,PureAir,True,3.98,Campaign,0.15,Lazada,COD,1,13966.31,0.18,2513.94,11452.38,3,8,9,4,0,1
LGS1ORD0003213,C000694,2025-09-12 10:00:00,Female,39,Gold,Shopee,Chiang Mai,1199,Cosmetics,FreshLook,True,3.82,Campaign,0.1,CallCenter,COD,2,1624.97,0.18,584.99,2664.95,1,10,9,4,0,0
LGS1ORD0003214,C000636,2025-09-12 12:00:00,Male,56,Bronze,TV,Remote_Area,454,Cosmetics,SunSafe,False,4.09,No Promotion,0.0,CallCenter,Credit_Card,1,2209.15,0.03,66.27,2142.87,4,12,9,4,0,0
LGS1ORD0003215,C000342,2025-09-12 14:00:00,Female,45,Gold,Lazada,Bangkok,686,Fashion,UrbanWear,False,3.69,Campaign,0.15,TV_Show,COD,4,483.2,0.2299999999999999,444.54,1488.24,4,14,9,4,0,0
LGS1ORD0003216,C000333,2025-09-12 16:00:00,Female,52,Bronze,Shopee,Remote_Area,741,Health,MediCare,False,4.37,Campaign,0.15,TV_Show,Credit_Card,2,3763.1,0.18,1354.72,6171.48,1,16,9,4,0,0
LGS1ORD0003217,C000269,2025-09-12 18:00:00,Male,43,Silver,Web,Nakhon Ratchasima,1154,Fashion,UrbanWear,False,3.82,Campaign,0.05,Lazada,COD,1,659.61,0.1,65.96,593.65,5,18,9,4,0,0
LGS1ORD0003218,C001111,2025-09-12 19:00:00,Male,29,Silver,TV,Bangkok,640,Kitchen,KitchenMax,False,4.07,Campaign,0.05,Web,Credit_Card,1,3287.51,0.1,328.75,2958.76,3,19,9,4,0,0
LGS1ORD0003219,C000669,2025-09-12 21:00:00,Female,18,Silver,CallCenter,Chonburi,618,Kitchen,ChefHome,False,4.32,Campaign,0.05,TV_Show,COD,1,4683.01,0.1,468.3,4214.71,4,21,9,4,0,0
LGS1ORD0003220,C000209,2025-09-12 23:00:00,Female,32,Bronze,CallCenter,Nakhon Ratchasima,651,Fashion,UrbanWear,True,3.71,Campaign,0.15,Shopee,Bank_Transfer,1,689.38,0.18,124.09,565.29,3,23,9,4,0,0
LGS1ORD0003221,C000483,2025-09-13 01:00:00,Male,49,Bronze,Lazada,Songkhla,1091,Kitchen,CookEasy,True,4.12,No Promotion,0.0,Shopee,COD,1,3353.3,0.03,100.6,3252.7,1,1,9,5,1,1
LGS1ORD0003222,C000268,2025-09-13 03:00:00,Female,36,Silver,Shopee,Khon Kaen,1240,Fashion,FitStyle,False,3.53,Campaign,0.15,Web,COD,2,1862.51,0.2,745.0,2980.01,4,3,9,5,1,1
LGS1ORD0003223,C000093,2025-09-13 05:00:00,Male,48,Bronze,Web,Remote_Area,1409,Kitchen,ChefHome,False,4.27,Campaign,0.1,Web,COD,2,4382.3,0.13,1139.4,7625.2,3,5,9,5,1,0
LGS1ORD0003224,C000805,2025-09-13 07:00:00,Male,55,Silver,Shopee,Khon Kaen,1312,Cosmetics,Beauty Lab,False,3.94,Campaign,0.15,TV_Show,COD,1,1810.19,0.2,362.04,1448.15,1,7,9,5,1,0
LGS1ORD0003225,C000904,2025-09-13 09:00:00,Male,43,Bronze,CallCenter,Bangkok,735,Home_Appliance,CleanMate,True,4.24,No Promotion,0.0,Shopee,Credit_Card,1,7252.75,0.03,217.58,7035.17,3,9,9,5,1,0
LGS1ORD0003226,C001075,2025-09-13 11:00:00,Male,33,Silver,Shopee,Nakhon Ratchasima,809,Kitchen,ChefHome,False,4.32,No Promotion,0.0,TV_Show,COD,2,4633.95,0.05,463.4,8804.51,1,11,9,5,1,0
LGS1ORD0003227,C000781,2025-09-13 13:00:00,Female,49,Bronze,Web,Khon Kaen,1269,Kitchen,KitchenMax,True,4.54,Campaign,0.1,Shopee,COD,1,5844.38,0.13,759.77,5084.61,5,13,9,5,1,0
LGS1ORD0003228,C000741,2025-09-13 14:00:00,Female,69,Bronze,TV,Chiang Mai,602,Cosmetics,SunSafe,False,4.47,No Promotion,0.0,Shopee,Credit_Card,3,1138.4,0.03,102.46,3312.73,3,14,9,5,1,0
LGS1ORD0003229,C000562,2025-09-13 16:00:00,Male,54,Bronze,Lazada,Bangkok,1298,Electronics,ShieldCase,True,3.43,Campaign,0.15,TV_Show,Credit_Card,1,5389.4,0.18,970.09,4419.31,3,16,9,5,1,0
LGS1ORD0003230,C000909,2025-09-13 18:00:00,Male,43,Gold,Shopee,Chonburi,1527,Electronics,GadgetWorld,False,3.98,No Promotion,0.0,TV_Show,COD,1,2947.61,0.08,235.81,2711.8,1,18,9,5,1,0
LGS1ORD0003231,C001084,2025-09-13 20:00:00,Male,47,Bronze,Shopee,Chiang Mai,1272,Kitchen,KitchenMax,True,4.1,No Promotion,0.0,TV_Show,PromptPay,2,2859.47,0.03,171.57,5547.38,1,20,9,5,1,0
LGS1ORD0003232,C001025,2025-09-13 22:00:00,Male,44,Silver,TV,Khon Kaen,1224,Kitchen,KitchenMax,True,3.89,Clearance,0.2,TV_Show,COD,1,3725.84,0.25,931.46,2794.38,5,22,9,5,1,1
LGS1ORD0003233,C001070,2025-09-14 00:00:00,Male,22,Bronze,Shopee,Bangkok,536,Cosmetics,SunSafe,False,4.24,No Promotion,0.0,Shopee,Bank_Transfer,1,1856.3,0.03,55.69,1800.61,4,0,9,6,1,0
LGS1ORD0003234,C000390,2025-09-14 02:00:00,Male,46,Bronze,CallCenter,Remote_Area,342,Home_Appliance,PureAir,False,4.25,No Promotion,0.0,Web,COD,1,8510.07,0.03,255.3,8254.77,3,2,9,6,1,0
LGS1ORD0003235,C000195,2025-09-14 04:00:00,Female,27,Gold,TV,Khon Kaen,1642,Electronics,GadgetWorld,False,3.8,No Promotion,0.0,Shopee,COD,1,9161.66,0.08,732.93,8428.73,4,4,9,6,1,1
LGS1ORD0003236,C001078,2025-09-14 06:00:00,Male,57,Gold,Shopee,Chonburi,587,Health,VitaLife,True,3.9,Campaign,0.15,CallCenter,Credit_Card,1,913.19,0.2299999999999999,210.03,703.16,3,6,9,6,1,0
LGS1ORD0003237,C001124,2025-09-14 08:00:00,Male,29,Gold,Shopee,Bangkok,289,Home_Appliance,CleanMate,False,4.07,Clearance,0.2,TV_Show,COD,1,7705.34,0.28,2157.49,5547.84,1,8,9,6,1,0
LGS1ORD0003238,C000255,2025-09-14 09:00:00,Male,68,Bronze,CallCenter,Chonburi,492,Kitchen,CookEasy,False,4.19,Campaign,0.15,Shopee,COD,3,6076.0,0.18,3281.04,14946.96,5,9,9,6,1,0
LGS1ORD0003239,C001083,2025-09-14 11:00:00,Female,51,Bronze,Lazada,Bangkok,568,Fashion,SilkTouch,False,3.73,No Promotion,0.0,Web,COD,2,633.63,0.03,38.02,1229.24,5,11,9,6,1,0
LGS1ORD0003240,C001165,2025-09-14 13:00:00,Male,72,Bronze,TV,Remote_Area,1502,Home_Appliance,CleanMate,True,4.01,Campaign,0.15,Web,COD,1,5281.63,0.18,950.69,4330.93,1,13,9,6,1,0
LGS1ORD0003241,C001154,2025-09-14 15:00:00,Female,40,Bronze,TV,Remote_Area,1059,Fashion,FitStyle,False,3.41,Clearance,0.2,Web,PromptPay,3,604.11,0.23,416.83,1395.49,5,15,9,6,1,1
LGS1ORD0003242,C000321,2025-09-14 17:00:00,Female,33,Bronze,Shopee,Bangkok,1256,Fashion,FitStyle,False,3.53,Clearance,0.2,TV_Show,Bank_Transfer,1,1762.32,0.23,405.33,1356.98,4,17,9,6,1,0
LGS1ORD0003243,C000510,2025-09-14 19:00:00,Male,49,Gold,Web,Chonburi,1293,Fashion,UrbanWear,False,3.45,No Promotion,0.0,CallCenter,PromptPay,2,841.83,0.08,134.69,1548.97,3,19,9,6,1,0
LGS1ORD0003244,C000406,2025-09-14 21:00:00,Female,40,Platinum,TV,Chonburi,361,Kitchen,KitchenMax,True,3.76,No Promotion,0.0,TV_Show,COD,1,3414.66,0.1,341.47,3073.19,1,21,9,6,1,0
LGS1ORD0003245,C000540,2025-09-14 23:00:00,Female,37,Bronze,Web,Bangkok,1570,Electronics,ShieldCase,False,3.77,Clearance,0.25,Web,COD,2,2719.49,0.28,1522.91,3916.06,3,23,9,6,1,0
LGS1ORD0003246,C000044,2025-09-15 01:00:00,Female,36,Gold,TV,Phuket,1259,Cosmetics,Beauty Lab,False,4.22,Clearance,0.25,Shopee,PromptPay,1,1501.98,0.33,495.65,1006.33,1,1,9,0,0,0
LGS1ORD0003247,C000163,2025-09-15 03:00:00,Female,56,Bronze,Web,Nakhon Ratchasima,269,Cosmetics,SunSafe,True,4.42,Campaign,0.05,Shopee,Credit_Card,1,1876.58,0.08,150.13,1726.45,1,3,9,0,0,0
LGS1ORD0003248,C000687,2025-09-15 04:00:00,Female,48,Silver,Web,Chiang Mai,1637,Electronics,NovaTech,False,4.0,Clearance,0.2,TV_Show,COD,1,7526.88,0.25,1881.72,5645.16,1,4,9,0,0,1
LGS1ORD0003249,C000271,2025-09-15 06:00:00,Female,39,Bronze,Web,Phuket,1428,Cosmetics,FreshLook,False,3.95,No Promotion,0.0,Lazada,COD,3,1495.33,0.03,134.58,4351.4,4,6,9,0,0,0
LGS1ORD0003250,C000106,2025-09-15 08:00:00,Female,29,Gold,TV,Khon Kaen,570,Kitchen,CookEasy,True,4.09,Clearance,0.2,Shopee,Bank_Transfer,1,4331.65,0.28,1212.86,3118.79,1,8,9,0,0,0
LGS1ORD0003251,C000004,2025-09-15 10:00:00,Female,40,Gold,Lazada,Phuket,1623,Health,MediCare,True,4.26,Campaign,0.05,Lazada,COD,3,4662.98,0.13,1818.56,12170.37,1,10,9,0,0,0
LGS1ORD0003252,C000156,2025-09-15 12:00:00,Male,50,Silver,Web,Nakhon Ratchasima,879,Cosmetics,Beauty Lab,False,4.03,No Promotion,0.0,Shopee,PromptPay,2,1745.23,0.05,174.52,3315.93,4,12,9,0,0,1
LGS1ORD0003253,C000231,2025-09-15 14:00:00,Female,41,Silver,CallCenter,Nakhon Ratchasima,499,Home_Appliance,PureAir,False,4.15,Campaign,0.15,Lazada,Bank_Transfer,1,6824.99,0.2,1365.0,5459.99,3,14,9,0,0,0
LGS1ORD0003254,C000003,2025-09-15 16:00:00,Male,32,Platinum,TV,Phuket,601,Fashion,SilkTouch,False,3.47,No Promotion,0.0,CallCenter,PromptPay,2,1948.26,0.1,389.65,3506.86,1,16,9,0,0,0
LGS1ORD0003255,C000729,2025-09-15 18:00:00,Female,34,Silver,Web,Chonburi,622,Cosmetics,SunSafe,False,4.28,Campaign,0.1,Web,PromptPay,1,1188.0,0.15,178.2,1009.8,4,18,9,0,0,0
LGS1ORD0003256,C000385,2025-09-15 20:00:00,Female,63,Bronze,TV,Phuket,1203,Fashion,UrbanWear,False,3.61,Campaign,0.1,Shopee,Credit_Card,2,1599.23,0.13,415.8,2782.66,4,20,9,0,0,1
LGS1ORD0003257,C000872,2025-09-15 22:00:00,Female,47,Bronze,TV,Remote_Area,1236,Cosmetics,Beauty Lab,False,4.11,Campaign,0.15,Web,COD,2,1624.34,0.18,584.76,2663.92,3,22,9,0,0,1
LGS1ORD0003258,C000721,2025-09-15 23:00:00,Female,36,Bronze,Web,Remote_Area,865,Home_Appliance,PureAir,True,4.2,Clearance,0.25,TV_Show,Credit_Card,1,11169.81,0.28,3127.55,8042.26,3,23,9,0,0,0
LGS1ORD0003259,C000599,2025-09-16 01:00:00,Male,56,Bronze,TV,Remote_Area,1502,Cosmetics,SunSafe,False,4.09,No Promotion,0.0,Web,PromptPay,1,2153.59,0.03,64.61,2088.99,1,1,9,1,0,0
LGS1ORD0003260,C001105,2025-09-16 03:00:00,Other,52,Platinum,TV,Chonburi,1286,Fashion,FitStyle,False,3.7,No Promotion,0.0,Lazada,COD,2,538.93,0.1,107.79,970.07,5,3,9,1,0,0
LGS1ORD0003261,C000100,2025-09-16 05:00:00,Female,52,Gold,CallCenter,Bangkok,1021,Home_Appliance,PureAir,False,4.25,Clearance,0.2,Shopee,COD,1,7774.77,0.28,2176.94,5597.83,5,5,9,1,0,0
LGS1ORD0003262,C000224,2025-09-16 07:00:00,Male,46,Bronze,Web,Bangkok,1618,Home_Appliance,PureAir,True,4.08,Campaign,0.15,TV_Show,Bank_Transfer,1,1420.89,0.18,255.76,1165.13,5,7,9,1,0,0
LGS1ORD0003263,C000046,2025-09-16 09:00:00,Female,35,Bronze,CallCenter,Nakhon Ratchasima,1259,Fashion,FitStyle,False,3.51,Clearance,0.2,Shopee,Credit_Card,1,871.95,0.23,200.55,671.4,5,9,9,1,0,0
LGS1ORD0003264,C000077,2025-09-16 11:00:00,Male,53,Bronze,Web,Nakhon Ratchasima,721,Health,WellPlus,True,4.22,Campaign,0.05,Shopee,COD,1,3981.4,0.08,318.51,3662.89,4,11,9,1,0,0
LGS1ORD0003265,C000370,2025-09-16 13:00:00,Male,45,Silver,Lazada,Bangkok,274,Fashion,FitStyle,False,3.44,Clearance,0.2,CallCenter,COD,1,809.93,0.25,202.48,607.45,1,13,9,1,0,1
LGS1ORD0003266,C001025,2025-09-16 15:00:00,Male,44,Silver,TV,Khon Kaen,1227,Kitchen,CookEasy,True,4.25,Clearance,0.2,TV_Show,COD,2,2212.6,0.25,1106.3,3318.9,5,15,9,1,0,0
LGS1ORD0003267,C000649,2025-09-16 17:00:00,Male,52,Silver,Lazada,Khon Kaen,528,Electronics,NovaTech,True,3.71,Campaign,0.05,CallCenter,Credit_Card,1,2030.82,0.1,203.08,1827.74,1,17,9,1,0,0
LGS1ORD0003268,C000826,2025-09-16 19:00:00,Male,41,Bronze,TV,Chonburi,1608,Health,WellPlus,True,3.95,No Promotion,0.0,CallCenter,COD,1,1196.42,0.03,35.89,1160.52,3,19,9,1,0,0
LGS1ORD0003269,C001014,2025-09-16 20:00:00,Male,54,Bronze,TV,Bangkok,1543,Electronics,GadgetWorld,False,3.98,Campaign,0.05,Lazada,Credit_Card,1,3156.55,0.08,252.52,2904.03,3,20,9,1,0,0
LGS1ORD0003270,C000475,2025-09-16 22:00:00,Female,48,Silver,Shopee,Bangkok,1445,Cosmetics,FreshLook,False,4.14,Campaign,0.15,Shopee,Credit_Card,1,1431.49,0.2,286.3,1145.19,1,22,9,1,0,0
LGS1ORD0003271,C000662,2025-09-17 00:00:00,Female,45,Bronze,TV,Phuket,1343,Kitchen,ChefHome,False,4.2,Campaign,0.1,CallCenter,COD,1,3292.58,0.13,428.04,2864.54,1,0,9,2,0,0
LGS1ORD0003272,C000276,2025-09-17 02:00:00,Female,34,Bronze,Lazada,Chiang Mai,1557,Cosmetics,FreshLook,True,4.1,Campaign,0.1,TV_Show,PromptPay,2,1063.48,0.13,276.51,1850.46,5,2,9,2,0,0
LGS1ORD0003273,C000052,2025-09-17 04:00:00,Female,61,Silver,Web,Phuket,1534,Electronics,NovaTech,True,3.71,Campaign,0.15,Shopee,Credit_Card,1,1908.89,0.2,381.78,1527.11,4,4,9,2,0,0
LGS1ORD0003274,C000299,2025-09-17 06:00:00,Female,35,Platinum,Lazada,Remote_Area,1193,Electronics,NovaTech,False,3.92,Campaign,0.1,Shopee,COD,1,8003.9,0.2,1600.78,6403.12,1,6,9,2,0,0
LGS1ORD0003275,C001060,2025-09-17 08:00:00,Male,32,Bronze,Shopee,Songkhla,1330,Kitchen,CookEasy,False,4.05,Clearance,0.25,Lazada,COD,1,2280.51,0.28,638.54,1641.97,5,8,9,2,0,1
LGS1ORD0003276,C000247,2025-09-17 10:00:00,Female,44,Bronze,TV,Chonburi,1101,Electronics,GadgetWorld,True,3.92,No Promotion,0.0,Web,COD,1,6645.9,0.03,199.38,6446.52,1,10,9,2,0,0
LGS1ORD0003277,C000253,2025-09-17 12:00:00,Female,60,Bronze,Shopee,Phuket,1606,Electronics,ShieldCase,True,3.43,No Promotion,0.0,Web,COD,2,5434.75,0.03,326.09,10543.42,3,12,9,2,0,0
LGS1ORD0003278,C000208,2025-09-17 14:00:00,Female,35,Bronze,CallCenter,Songkhla,603,Health,MediCare,False,3.83,Campaign,0.05,Lazada,Bank_Transfer,1,3409.42,0.08,272.75,3136.67,3,14,9,2,0,0
LGS1ORD0003279,C001059,2025-09-17 15:00:00,Male,42,Bronze,TV,Songkhla,880,Health,WellPlus,False,4.32,Clearance,0.25,Shopee,Bank_Transfer,1,3047.75,0.28,853.37,2194.38,5,15,9,2,0,0
LGS1ORD0003280,C001161,2025-09-17 17:00:00,Male,39,Bronze,TV,Chiang Mai,1451,Cosmetics,SunSafe,True,3.98,Campaign,0.05,TV_Show,COD,3,1993.43,0.08,478.42,5501.86,1,17,9,2,0,0
LGS1ORD0003281,C001165,2025-09-17 19:00:00,Male,72,Bronze,TV,Remote_Area,1505,Cosmetics,Beauty Lab,False,4.23,Campaign,0.15,Shopee,COD,1,1420.01,0.18,255.6,1164.41,5,19,9,2,0,0
LGS1ORD0003282,C000257,2025-09-17 21:00:00,Male,46,Gold,Web,Bangkok,1426,Home_Appliance,CleanMate,False,3.89,No Promotion,0.0,Web,COD,1,10852.17,0.08,868.17,9984.0,5,21,9,2,0,0
LGS1ORD0003283,C000556,2025-09-17 23:00:00,Female,54,Silver,Shopee,Khon Kaen,594,Home_Appliance,PureAir,False,4.42,No Promotion,0.0,Shopee,PromptPay,2,9260.58,0.05,926.06,17595.11,4,23,9,2,0,0
LGS1ORD0003284,C000344,2025-09-18 01:00:00,Female,50,Silver,Lazada,Bangkok,1503,Electronics,GadgetWorld,False,3.57,No Promotion,0.0,TV_Show,Bank_Transfer,3,578.4,0.05,86.76,1648.43,5,1,9,3,0,0
LGS1ORD0003285,C000173,2025-09-18 03:00:00,Male,49,Bronze,Web,Chiang Mai,770,Electronics,ShieldCase,False,3.63,Campaign,0.1,Lazada,Credit_Card,1,5530.29,0.13,718.94,4811.35,1,3,9,3,0,0
LGS1ORD0003286,C000275,2025-09-18 05:00:00,Male,41,Gold,Shopee,Chiang Mai,459,Health,VitaLife,False,3.95,No Promotion,0.0,Shopee,COD,1,1872.76,0.08,149.82,1722.94,3,5,9,3,0,0
LGS1ORD0003287,C001124,2025-09-18 07:00:00,Male,29,Gold,Shopee,Bangkok,293,Home_Appliance,PureAir,True,4.0,Clearance,0.2,Lazada,PromptPay,1,15344.28,0.28,4296.4,11047.88,4,7,9,3,0,0
LGS1ORD0003288,C001004,2025-09-18 09:00:00,Male,57,Silver,Web,Bangkok,915,Kitchen,ChefHome,False,4.32,Campaign,0.05,Web,Credit_Card,3,4532.34,0.1,1359.7,12237.32,3,9,9,3,0,1
LGS1ORD0003289,C000027,2025-09-18 10:00:00,Male,54,Silver,Web,Nakhon Ratchasima,1161,Electronics,ShieldCase,False,3.97,Campaign,0.05,Web,Bank_Transfer,1,2780.24,0.1,278.02,2502.21,4,10,9,3,0,0
LGS1ORD0003290,C000704,2025-09-18 12:00:00,Male,44,Platinum,Shopee,Songkhla,967,Fashion,UrbanWear,False,3.22,No Promotion,0.0,Web,COD,1,831.2,0.1,83.12,748.08,4,12,9,3,0,1
LGS1ORD0003291,C000008,2025-09-18 14:00:00,Male,34,Silver,TV,Bangkok,1285,Home_Appliance,CleanMate,True,3.75,Campaign,0.1,Lazada,PromptPay,1,5119.13,0.15,767.87,4351.26,1,14,9,3,0,0
LGS1ORD0003292,C000816,2025-09-18 16:00:00,Male,59,Bronze,Web,Chonburi,1309,Home_Appliance,HomePro,True,4.16,Campaign,0.15,Web,COD,1,8935.52,0.18,1608.39,7327.13,3,16,9,3,0,0
LGS1ORD0003293,C000923,2025-09-18 18:00:00,Male,61,Silver,Lazada,Bangkok,390,Fashion,UrbanWear,False,3.69,Campaign,0.1,TV_Show,COD,1,2163.95,0.15,324.59,1839.35,3,18,9,3,0,0
LGS1ORD0003294,C000079,2025-09-18 20:00:00,Female,53,Bronze,TV,Bangkok,280,Kitchen,ChefHome,False,3.91,No Promotion,0.0,CallCenter,Bank_Transfer,2,4353.24,0.03,261.19,8445.29,3,20,9,3,0,0
LGS1ORD0003295,C001174,2025-09-18 22:00:00,Male,35,Gold,Lazada,Bangkok,1002,Home_Appliance,PureAir,True,4.06,Campaign,0.15,Web,Credit_Card,3,4427.26,0.2299999999999999,3054.81,10226.96,3,22,9,3,0,0
LGS1ORD0003296,C000179,2025-09-19 00:00:00,Female,18,Bronze,Web,Songkhla,1262,Fashion,UrbanWear,False,3.22,Clearance,0.2,Shopee,PromptPay,1,893.37,0.23,205.48,687.9,4,0,9,4,0,1
LGS1ORD0003297,C000533,2025-09-19 02:00:00,Female,50,Silver,Shopee,Khon Kaen,1441,Fashion,SilkTouch,False,3.87,No Promotion,0.0,Lazada,Credit_Card,1,2392.35,0.05,119.62,2272.73,3,2,9,4,0,0
LGS1ORD0003298,C000016,2025-09-19 04:00:00,Male,18,Gold,TV,Bangkok,1492,Home_Appliance,CleanMate,True,3.73,Campaign,0.1,Web,Credit_Card,3,2097.7,0.18,1132.76,5160.33,5,4,9,4,0,0
LGS1ORD0003299,C000236,2025-09-19 05:00:00,Male,53,Gold,Lazada,Bangkok,1252,Cosmetics,FreshLook,False,4.0,No Promotion,0.0,TV_Show,COD,2,333.27,0.08,53.32,613.22,3,5,9,4,0,0
LGS1ORD0003300,C000533,2025-09-19 07:00:00,Female,50,Silver,Shopee,Khon Kaen,1441,Home_Appliance,CleanMate,True,3.75,Campaign,0.1,Web,COD,1,4787.58,0.15,718.14,4069.44,5,7,9,4,0,0
LGS1ORD0003301,C000107,2025-09-19 09:00:00,Female,51,Bronze,TV,Chiang Mai,1273,Home_Appliance,CleanMate,True,3.73,No Promotion,0.0,Shopee,COD,1,2056.53,0.03,61.7,1994.83,1,9,9,4,0,0
LGS1ORD0003302,C000559,2025-09-19 11:00:00,Female,30,Bronze,Lazada,Bangkok,588,Health,MediCare,False,4.37,No Promotion,0.0,Web,Credit_Card,1,3691.35,0.03,110.74,3580.61,5,11,9,4,0,0
LGS1ORD0003303,C000456,2025-09-19 13:00:00,Female,32,Silver,TV,Bangkok,430,Home_Appliance,HomePro,False,3.71,Campaign,0.05,Lazada,COD,1,6968.04,0.1,696.8,6271.23,3,13,9,4,0,1
LGS1ORD0003304,C000752,2025-09-19 15:00:00,Female,37,Gold,Web,Bangkok,1229,Electronics,ShieldCase,False,3.96,Campaign,0.15,Lazada,COD,2,2994.25,0.2299999999999999,1377.35,4611.14,1,15,9,4,0,0
LGS1ORD0003305,C000177,2025-09-19 17:00:00,Female,42,Gold,Shopee,Chonburi,1104,Kitchen,CookEasy,True,4.09,Campaign,0.05,Shopee,COD,1,4338.19,0.13,563.96,3774.23,5,17,9,4,0,0
LGS1ORD0003306,C000766,2025-09-19 19:00:00,Male,46,Gold,Lazada,Bangkok,1178,Kitchen,ChefHome,False,3.91,Campaign,0.05,TV_Show,COD,2,4066.95,0.13,1057.41,7076.5,3,19,9,4,0,0
LGS1ORD0003307,C000366,2025-09-19 21:00:00,Female,58,Platinum,Web,Chonburi,1633,Cosmetics,SunSafe,True,4.7,Campaign,0.05,Lazada,Bank_Transfer,1,1715.14,0.15,257.27,1457.87,1,21,9,4,0,0
LGS1ORD0003308,C001086,2025-09-19 23:00:00,Female,33,Bronze,Shopee,Songkhla,1453,Home_Appliance,HomePro,False,3.71,No Promotion,0.0,TV_Show,PromptPay,1,7004.23,0.03,210.13,6794.1,3,23,9,4,0,0
LGS1ORD0003309,C000816,2025-09-20 00:00:00,Male,59,Bronze,Web,Chonburi,1311,Kitchen,KitchenMax,True,4.03,No Promotion,0.0,CallCenter,COD,1,4930.47,0.03,147.91,4782.55,3,0,9,5,1,0
LGS1ORD0003310,C001114,2025-09-20 02:00:00,Female,47,Bronze,TV,Remote_Area,1384,Electronics,GadgetWorld,False,3.86,Campaign,0.1,CallCenter,PromptPay,4,4345.17,0.13,2259.49,15121.19,3,2,9,5,1,0
LGS1ORD0003311,C001014,2025-09-20 04:00:00,Male,54,Bronze,TV,Bangkok,1547,Cosmetics,Beauty Lab,False,4.03,Clearance,0.2,Shopee,COD,1,1776.77,0.23,408.66,1368.12,3,4,9,5,1,0
LGS1ORD0003312,C000541,2025-09-20 06:00:00,Male,61,Bronze,TV,Chiang Mai,1425,Kitchen,CookEasy,False,3.92,Clearance,0.2,Web,Credit_Card,2,2929.94,0.23,1347.77,4512.11,5,6,9,5,1,0
LGS1ORD0003313,C000100,2025-09-20 08:00:00,Female,52,Gold,CallCenter,Bangkok,1025,Kitchen,CookEasy,False,4.01,No Promotion,0.0,Web,Credit_Card,4,1846.46,0.08,590.87,6794.98,3,8,9,5,1,1
LGS1ORD0003314,C001158,2025-09-20 10:00:00,Female,48,Silver,TV,Bangkok,1591,Fashion,SilkTouch,False,3.65,Campaign,0.15,TV_Show,Credit_Card,1,1839.4,0.2,367.88,1471.52,1,10,9,5,1,0
LGS1ORD0003315,C000300,2025-09-20 12:00:00,Female,43,Bronze,TV,Remote_Area,1392,Kitchen,ChefHome,False,4.13,No Promotion,0.0,TV_Show,COD,1,5239.75,0.03,157.19,5082.56,1,12,9,5,1,1
LGS1ORD0003316,C000257,2025-09-20 14:00:00,Male,46,Gold,Web,Bangkok,1429,Cosmetics,SunSafe,False,4.53,No Promotion,0.0,Web,PromptPay,1,912.15,0.08,72.97,839.18,4,14,9,5,1,0
LGS1ORD0003317,C000966,2025-09-20 16:00:00,Female,43,Bronze,TV,Phuket,1594,Home_Appliance,CleanMate,False,3.81,Campaign,0.15,Lazada,COD,1,5485.2,0.18,987.34,4497.87,3,16,9,5,1,1
LGS1ORD0003318,C001012,2025-09-20 18:00:00,Male,44,Gold,CallCenter,Remote_Area,1258,Kitchen,KitchenMax,True,4.03,Campaign,0.15,Shopee,Credit_Card,3,5306.79,0.2299999999999999,3661.68,12258.68,3,18,9,5,1,0
LGS1ORD0003319,C000679,2025-09-20 19:00:00,Female,43,Bronze,TV,Bangkok,1434,Kitchen,CookEasy,True,4.04,Clearance,0.25,Shopee,COD,2,5309.63,0.28,2973.39,7645.86,3,19,9,5,1,0
LGS1ORD0003320,C001001,2025-09-20 21:00:00,Male,40,Silver,TV,Songkhla,794,Kitchen,CookEasy,True,4.12,Campaign,0.1,Shopee,Bank_Transfer,1,3306.12,0.15,495.92,2810.2,1,21,9,5,1,0
LGS1ORD0003321,C000535,2025-09-20 23:00:00,Female,50,Silver,Lazada,Bangkok,404,Kitchen,ChefHome,False,3.68,Campaign,0.15,CallCenter,Credit_Card,1,3264.22,0.2,652.84,2611.38,1,23,9,5,1,1
LGS1ORD0003322,C001066,2025-09-21 01:00:00,Female,50,Silver,Shopee,Songkhla,776,Electronics,ShieldCase,False,3.77,No Promotion,0.0,TV_Show,COD,1,2442.46,0.05,122.12,2320.34,3,1,9,6,1,1
LGS1ORD0003323,C000079,2025-09-21 03:00:00,Female,53,Bronze,TV,Bangkok,283,Electronics,NovaTech,True,3.46,Clearance,0.2,Lazada,COD,1,7524.04,0.23,1730.53,5793.51,3,3,9,6,1,0
LGS1ORD0003324,C000254,2025-09-21 05:00:00,Female,49,Gold,CallCenter,Bangkok,703,Cosmetics,FreshLook,False,3.94,Campaign,0.15,Lazada,Credit_Card,2,974.99,0.2299999999999999,448.5,1501.48,3,5,9,6,1,0
LGS1ORD0003325,C000934,2025-09-21 07:00:00,Male,18,Gold,Shopee,Bangkok,858,Home_Appliance,CleanMate,False,4.07,Campaign,0.1,Lazada,Credit_Card,1,7604.89,0.18,1368.88,6236.01,3,7,9,6,1,0
LGS1ORD0003326,C000239,2025-09-21 09:00:00,Male,63,Bronze,Shopee,Chonburi,807,Home_Appliance,PureAir,True,3.62,Campaign,0.1,Shopee,COD,2,10908.51,0.13,2836.21,18980.81,1,9,9,6,1,0
LGS1ORD0003327,C001011,2025-09-21 11:00:00,Male,63,Bronze,Web,Bangkok,1032,Fashion,FitStyle,False,3.44,No Promotion,0.0,Web,Bank_Transfer,2,778.58,0.03,46.71,1510.44,5,11,9,6,1,0
LGS1ORD0003328,C000188,2025-09-21 13:00:00,Male,57,Bronze,TV,Chonburi,1278,Fashion,FitStyle,False,3.59,Campaign,0.15,Web,PromptPay,2,461.28,0.18,166.06,756.5,1,13,9,6,1,0
LGS1ORD0003329,C000887,2025-09-21 14:00:00,Male,36,Bronze,CallCenter,Bangkok,1467,Fashion,FitStyle,False,3.68,Clearance,0.2,Shopee,Credit_Card,1,1944.1,0.23,447.14,1496.96,1,14,9,6,1,0
LGS1ORD0003330,C000771,2025-09-21 16:00:00,Female,51,Silver,Shopee,Bangkok,808,Home_Appliance,CleanMate,True,4.32,Campaign,0.1,TV_Show,Credit_Card,1,3855.94,0.15,578.39,3277.55,4,16,9,6,1,0
LGS1ORD0003331,C000375,2025-09-21 18:00:00,Male,51,Gold,TV,Nakhon Ratchasima,687,Cosmetics,Beauty Lab,False,3.94,No Promotion,0.0,TV_Show,Bank_Transfer,2,1701.01,0.08,272.16,3129.87,3,18,9,6,1,1
LGS1ORD0003332,C001037,2025-09-21 20:00:00,Male,47,Gold,TV,Bangkok,476,Health,MediCare,False,4.24,Campaign,0.15,TV_Show,PromptPay,1,1641.33,0.2299999999999999,377.51,1263.82,4,20,9,6,1,0
LGS1ORD0003333,C001019,2025-09-21 22:00:00,Female,61,Silver,Shopee,Remote_Area,829,Cosmetics,Beauty Lab,False,3.79,Campaign,0.1,TV_Show,Credit_Card,1,1498.98,0.15,224.85,1274.14,1,22,9,6,1,0
LGS1ORD0003334,C000908,2025-09-22 00:00:00,Female,58,Silver,Web,Bangkok,754,Fashion,SilkTouch,False,3.86,Campaign,0.05,Web,COD,2,558.35,0.1,111.67,1005.04,1,0,9,0,0,0
LGS1ORD0003335,C000267,2025-09-22 02:00:00,Female,42,Bronze,TV,Chiang Mai,650,Electronics,GadgetWorld,False,3.66,Campaign,0.15,Lazada,COD,1,6661.34,0.18,1199.04,5462.3,5,2,9,0,0,1
LGS1ORD0003336,C001188,2025-09-22 04:00:00,Female,60,Silver,Lazada,Khon Kaen,1487,Kitchen,ChefHome,True,4.23,No Promotion,0.0,TV_Show,Bank_Transfer,1,1902.44,0.05,95.12,1807.32,1,4,9,0,0,0
LGS1ORD0003337,C000621,2025-09-22 06:00:00,Male,39,Silver,TV,Chiang Mai,717,Cosmetics,SunSafe,False,4.06,Campaign,0.1,Lazada,Credit_Card,1,579.57,0.15,86.94,492.63,4,6,9,0,0,0
LGS1ORD0003338,C000905,2025-09-22 08:00:00,Male,40,Bronze,TV,Songkhla,527,Home_Appliance,PureAir,True,3.7,Campaign,0.05,TV_Show,COD,2,2932.2,0.08,469.15,5395.25,1,8,9,0,0,1
LGS1ORD0003339,C001128,2025-09-22 09:00:00,Female,23,Bronze,Shopee,Chonburi,1368,Fashion,SilkTouch,False,3.21,Campaign,0.05,Lazada,COD,1,1955.9,0.08,156.47,1799.43,3,9,9,0,0,0
LGS1ORD0003340,C000436,2025-09-22 11:00:00,Female,70,Bronze,Web,Phuket,1557,Home_Appliance,CleanMate,False,4.14,Campaign,0.05,Web,COD,1,12888.64,0.08,1031.09,11857.55,3,11,9,0,0,0
LGS1ORD0003341,C000282,2025-09-22 13:00:00,Male,47,Bronze,Web,Bangkok,412,Fashion,FitStyle,False,3.72,No Promotion,0.0,Web,Credit_Card,1,1948.16,0.03,58.44,1889.72,1,13,9,0,0,0
LGS1ORD0003342,C000174,2025-09-22 15:00:00,Female,51,Gold,Shopee,Khon Kaen,734,Health,MediCare,False,4.4,No Promotion,0.0,TV_Show,COD,1,3824.67,0.08,305.97,3518.69,4,15,9,0,0,0
LGS1ORD0003343,C000298,2025-09-22 17:00:00,Female,49,Silver,Shopee,Khon Kaen,641,Electronics,NovaTech,True,3.5,Campaign,0.1,Lazada,COD,1,7360.04,0.15,1104.01,6256.03,3,17,9,0,0,0
LGS1ORD0003344,C000344,2025-09-22 19:00:00,Female,50,Silver,Lazada,Bangkok,1507,Kitchen,ChefHome,False,4.0,Campaign,0.05,TV_Show,Credit_Card,4,3240.78,0.1,1296.31,11666.8,4,19,9,0,0,0
LGS1ORD0003345,C000898,2025-09-22 21:00:00,Female,49,Silver,Shopee,Bangkok,1179,Fashion,UrbanWear,False,3.49,Campaign,0.15,Shopee,COD,1,501.51,0.2,100.3,401.21,3,21,9,0,0,1
LGS1ORD0003346,C001050,2025-09-22 23:00:00,Male,49,Bronze,Lazada,Chonburi,1368,Fashion,FitStyle,False,3.6,Campaign,0.15,CallCenter,PromptPay,1,2590.94,0.18,466.37,2124.57,5,23,9,0,0,0
LGS1ORD0003347,C000319,2025-09-23 01:00:00,Male,37,Bronze,Lazada,Bangkok,1040,Kitchen,KitchenMax,False,4.01,Campaign,0.15,Shopee,PromptPay,1,3498.06,0.18,629.65,2868.41,3,1,9,1,0,0
LGS1ORD0003348,C000248,2025-09-23 03:00:00,Male,57,Gold,TV,Remote_Area,950,Electronics,NovaTech,False,3.89,No Promotion,0.0,Lazada,COD,1,6657.06,0.08,532.57,6124.5,1,3,9,1,0,0
LGS1ORD0003349,C000352,2025-09-23 04:00:00,Female,37,Gold,Web,Songkhla,843,Electronics,NovaTech,True,3.64,No Promotion,0.0,CallCenter,Credit_Card,1,1567.04,0.08,125.36,1441.67,3,4,9,1,0,0
LGS1ORD0003350,C000869,2025-09-23 06:00:00,Female,46,Gold,Shopee,Bangkok,279,Electronics,GadgetWorld,False,3.78,No Promotion,0.0,Lazada,COD,2,5794.08,0.08,927.05,10661.12,4,6,9,1,0,0
LGS1ORD0003351,C000135,2025-09-23 08:00:00,Female,58,Bronze,Web,Remote_Area,1301,Kitchen,ChefHome,False,3.68,Clearance,0.25,Lazada,COD,1,3026.5,0.28,847.42,2179.08,1,8,9,1,0,1
LGS1ORD0003352,C000971,2025-09-23 10:00:00,Male,40,Bronze,Web,Chonburi,513,Electronics,GadgetWorld,False,4.07,No Promotion,0.0,Web,COD,1,1123.24,0.03,33.7,1089.54,3,10,9,1,0,1
LGS1ORD0003353,C000679,2025-09-23 12:00:00,Female,43,Bronze,TV,Bangkok,1437,Cosmetics,FreshLook,False,4.22,Clearance,0.25,Shopee,COD,3,1606.23,0.28,1349.23,3469.46,3,12,9,1,0,0
LGS1ORD0003354,C001082,2025-09-23 14:00:00,Male,49,Platinum,Web,Chonburi,1211,Kitchen,ChefHome,False,3.91,No Promotion,0.0,Lazada,Credit_Card,1,4466.64,0.1,446.66,4019.97,1,14,9,1,0,1
LGS1ORD0003355,C000413,2025-09-23 16:00:00,Female,52,Gold,Shopee,Bangkok,1426,Electronics,NovaTech,True,4.02,Campaign,0.1,Lazada,PromptPay,1,10164.71,0.18,1829.65,8335.06,1,16,9,1,0,0
LGS1ORD0003356,C000955,2025-09-23 18:00:00,Female,65,Silver,TV,Nakhon Ratchasima,1309,Home_Appliance,PureAir,True,4.11,No Promotion,0.0,CallCenter,COD,1,3842.04,0.05,192.1,3649.94,3,18,9,1,0,0
LGS1ORD0003357,C001159,2025-09-23 20:00:00,Female,43,Bronze,TV,Chiang Mai,419,Home_Appliance,PureAir,True,4.06,Campaign,0.05,Web,COD,1,4055.29,0.08,324.42,3730.87,3,20,9,1,0,0
LGS1ORD0003358,C000025,2025-09-23 22:00:00,Male,42,Gold,Lazada,Chiang Mai,1562,Home_Appliance,PureAir,True,4.04,Campaign,0.15,TV_Show,PromptPay,1,7464.21,0.2299999999999999,1716.77,5747.44,3,22,9,1,0,0
LGS1ORD0003359,C000461,2025-09-23 23:00:00,Male,37,Silver,TV,Khon Kaen,1242,Cosmetics,SunSafe,True,3.98,Clearance,0.25,TV_Show,PromptPay,3,2127.68,0.3,1914.91,4468.12,3,23,9,1,0,0
LGS1ORD0003360,C000773,2025-09-24 01:00:00,Female,51,Bronze,Shopee,Khon Kaen,979,Electronics,ShieldCase,False,3.84,Campaign,0.05,Shopee,Bank_Transfer,2,1060.78,0.08,169.73,1951.84,4,1,9,2,0,0
LGS1ORD0003361,C001109,2025-09-24 03:00:00,Male,31,Bronze,Shopee,Chiang Mai,481,Electronics,NovaTech,False,3.81,Campaign,0.05,Web,COD,3,10073.08,0.08,2417.54,27801.7,4,3,9,2,0,0
LGS1ORD0003362,C000686,2025-09-24 05:00:00,Female,49,Bronze,TV,Chonburi,872,Cosmetics,FreshLook,False,4.05,Clearance,0.25,Web,Credit_Card,2,728.66,0.28,408.05,1049.27,4,5,9,2,0,0
LGS1ORD0003363,C000533,2025-09-24 07:00:00,Female,50,Silver,Shopee,Khon Kaen,1446,Cosmetics,FreshLook,False,3.95,Clearance,0.25,TV_Show,Credit_Card,1,1509.37,0.3,452.81,1056.56,3,7,9,2,0,0
LGS1ORD0003364,C001032,2025-09-24 09:00:00,Male,48,Silver,TV,Chonburi,1151,Home_Appliance,PureAir,True,4.0,No Promotion,0.0,CallCenter,COD,2,14667.61,0.05,1466.76,27868.45,4,9,9,2,0,0
LGS1ORD0003365,C000857,2025-09-24 11:00:00,Female,56,Bronze,Shopee,Songkhla,1428,Cosmetics,Beauty Lab,False,3.94,Campaign,0.15,Shopee,Bank_Transfer,2,1709.25,0.18,615.33,2803.16,1,11,9,2,0,0
LGS1ORD0003366,C000219,2025-09-24 13:00:00,Female,38,Bronze,TV,Chiang Mai,970,Electronics,GadgetWorld,False,3.86,Campaign,0.05,CallCenter,COD,1,4605.69,0.08,368.45,4237.23,4,13,9,2,0,0
LGS1ORD0003367,C000748,2025-09-24 15:00:00,Male,50,Bronze,Lazada,Chonburi,1685,Home_Appliance,CleanMate,True,3.91,Campaign,0.1,Web,Bank_Transfer,4,7776.47,0.13,4043.76,27062.11,5,15,9,2,0,1
LGS1ORD0003368,C000139,2025-09-24 17:00:00,Female,45,Gold,Shopee,Bangkok,1179,Fashion,UrbanWear,False,3.45,Clearance,0.2,Web,COD,3,890.62,0.28,748.12,1923.73,5,17,9,2,0,0
LGS1ORD0003369,C000079,2025-09-24 19:00:00,Female,53,Bronze,TV,Bangkok,286,Cosmetics,SunSafe,False,3.9,No Promotion,0.0,Web,COD,1,2128.59,0.03,63.86,2064.73,5,19,9,2,0,0
LGS1ORD0003370,C000862,2025-09-24 20:00:00,Female,39,Silver,TV,Khon Kaen,1608,Kitchen,ChefHome,False,3.83,Clearance,0.25,TV_Show,Bank_Transfer,2,2262.47,0.3,1357.48,3167.46,1,20,9,2,0,0
LGS1ORD0003371,C001105,2025-09-24 22:00:00,Other,52,Platinum,TV,Chonburi,1294,Cosmetics,Beauty Lab,False,4.15,No Promotion,0.0,Web,COD,1,1197.64,0.1,119.76,1077.87,1,22,9,2,0,0
LGS1ORD0003372,C000582,2025-09-25 00:00:00,Female,24,Bronze,TV,Bangkok,789,Home_Appliance,PureAir,True,3.98,Campaign,0.05,Lazada,COD,2,15273.8,0.08,2443.81,28103.8,5,0,9,3,0,0
LGS1ORD0003373,C000181,2025-09-25 02:00:00,Female,38,Bronze,CallCenter,Remote_Area,823,Fashion,UrbanWear,False,3.8,Campaign,0.15,TV_Show,Bank_Transfer,1,1035.92,0.18,186.47,849.45,1,2,9,3,0,0
LGS1ORD0003374,C000965,2025-09-25 04:00:00,Female,26,Bronze,CallCenter,Remote_Area,1182,Kitchen,CookEasy,False,3.92,Campaign,0.05,TV_Show,PromptPay,1,2765.65,0.08,221.25,2544.4,5,4,9,3,0,0
LGS1ORD0003375,C000262,2025-09-25 06:00:00,Female,27,Gold,Web,Nakhon Ratchasima,1095,Fashion,FitStyle,False,3.59,Campaign,0.15,Shopee,PromptPay,3,1865.7,0.2299999999999999,1287.33,4309.76,1,6,9,3,0,1
LGS1ORD0003376,C001119,2025-09-25 08:00:00,Female,38,Gold,CallCenter,Bangkok,1263,Fashion,FitStyle,False,3.44,Clearance,0.2,TV_Show,COD,1,834.67,0.28,233.71,600.96,4,8,9,3,0,1
LGS1ORD0003377,C000917,2025-09-25 10:00:00,Female,36,Gold,Lazada,Nakhon Ratchasima,1684,Fashion,FitStyle,False,3.72,No Promotion,0.0,Lazada,PromptPay,4,2069.67,0.08,662.29,7616.37,1,10,9,3,0,1
LGS1ORD0003378,C000181,2025-09-25 12:00:00,Female,38,Bronze,CallCenter,Remote_Area,823,Fashion,FitStyle,False,3.51,Campaign,0.05,TV_Show,Credit_Card,2,913.19,0.08,146.11,1680.26,1,12,9,3,0,0
LGS1ORD0003379,C000678,2025-09-25 14:00:00,Male,45,Platinum,Web,Songkhla,685,Fashion,UrbanWear,False,3.8,No Promotion,0.0,TV_Show,PromptPay,2,1038.8,0.1,207.76,1869.85,5,14,9,3,0,0
LGS1ORD0003380,C000496,2025-09-25 15:00:00,Male,55,Bronze,Web,Remote_Area,706,Fashion,UrbanWear,False,3.6,Campaign,0.05,TV_Show,Credit_Card,1,2254.14,0.08,180.33,2073.81,5,15,9,3,0,0
LGS1ORD0003381,C000193,2025-09-25 17:00:00,Female,40,Silver,CallCenter,Chonburi,1024,Home_Appliance,PureAir,False,4.11,Campaign,0.15,CallCenter,PromptPay,1,5682.45,0.2,1136.49,4545.96,1,17,9,3,0,0
LGS1ORD0003382,C000109,2025-09-25 19:00:00,Male,22,Bronze,CallCenter,Bangkok,1558,Cosmetics,SunSafe,False,4.06,No Promotion,0.0,CallCenter,COD,3,624.43,0.03,56.2,1817.08,5,19,9,3,0,0
LGS1ORD0003383,C000371,2025-09-25 21:00:00,Male,18,Gold,CallCenter,Bangkok,1290,Home_Appliance,PureAir,True,4.04,Campaign,0.05,TV_Show,COD,1,7894.98,0.13,1026.35,6868.63,3,21,9,3,0,0
LGS1ORD0003384,C000753,2025-09-25 23:00:00,Female,47,Gold,TV,Songkhla,473,Kitchen,KitchenMax,True,3.89,Campaign,0.05,Shopee,PromptPay,1,3737.53,0.13,485.88,3251.65,3,23,9,3,0,0
LGS1ORD0003385,C000492,2025-09-26 01:00:00,Female,43,Silver,Lazada,Nakhon Ratchasima,725,Electronics,ShieldCase,False,3.84,Clearance,0.2,Shopee,COD,2,1050.76,0.25,525.38,1576.14,1,1,9,4,0,1
LGS1ORD0003386,C000778,2025-09-26 03:00:00,Female,54,Silver,Lazada,Khon Kaen,713,Cosmetics,SunSafe,True,3.98,Campaign,0.05,Web,PromptPay,2,2104.49,0.1,420.9,3788.08,5,3,9,4,0,0
LGS1ORD0003387,C001141,2025-09-26 05:00:00,Female,31,Bronze,Web,Songkhla,623,Fashion,FitStyle,False,3.4,No Promotion,0.0,CallCenter,Credit_Card,1,2322.99,0.03,69.69,2253.31,3,5,9,4,0,1
LGS1ORD0003388,C000166,2025-09-26 07:00:00,Male,22,Silver,Web,Chiang Mai,1570,Cosmetics,Beauty Lab,False,4.04,Clearance,0.2,Lazada,Credit_Card,1,1874.4,0.25,468.6,1405.8,4,7,9,4,0,0
LGS1ORD0003389,C000228,2025-09-26 09:00:00,Female,50,Bronze,CallCenter,Phuket,1475,Cosmetics,Beauty Lab,False,4.15,Campaign,0.05,Lazada,COD,1,1182.51,0.08,94.6,1087.91,4,9,9,4,0,0
LGS1ORD0003390,C001029,2025-09-26 10:00:00,Male,19,Bronze,Shopee,Bangkok,645,Cosmetics,SunSafe,True,3.96,Campaign,0.15,Lazada,PromptPay,1,308.86,0.18,55.59,253.26,5,10,9,4,0,0
LGS1ORD0003391,C000120,2025-09-26 12:00:00,Male,48,Platinum,Web,Songkhla,1048,Health,MediCare,False,4.4,Campaign,0.05,CallCenter,COD,1,3588.91,0.15,538.34,3050.58,1,12,9,4,0,0
LGS1ORD0003392,C000745,2025-09-26 14:00:00,Male,53,Silver,Shopee,Nakhon Ratchasima,1495,Home_Appliance,PureAir,False,4.25,No Promotion,0.0,TV_Show,Credit_Card,1,8279.08,0.05,413.95,7865.13,4,14,9,4,0,0
LGS1ORD0003393,C000935,2025-09-26 16:00:00,Male,18,Platinum,Lazada,Bangkok,1114,Cosmetics,SunSafe,False,3.75,Campaign,0.05,Shopee,COD,1,2170.51,0.15,325.58,1844.94,3,16,9,4,0,0
LGS1ORD0003394,C000256,2025-09-26 18:00:00,Female,62,Bronze,Shopee,Remote_Area,1503,Kitchen,ChefHome,False,3.9,No Promotion,0.0,TV_Show,Credit_Card,1,3141.41,0.03,94.24,3047.17,3,18,9,4,0,1
LGS1ORD0003395,C000845,2025-09-26 20:00:00,Female,45,Bronze,Shopee,Chiang Mai,1715,Home_Appliance,CleanMate,False,4.07,No Promotion,0.0,TV_Show,Credit_Card,1,7094.59,0.03,212.84,6881.75,5,20,9,4,0,0
LGS1ORD0003396,C000943,2025-09-26 22:00:00,Female,37,Bronze,Shopee,Bangkok,1492,Electronics,NovaTech,False,4.0,Campaign,0.05,Web,COD,1,8416.76,0.08,673.34,7743.42,3,22,9,4,0,0
LGS1ORD0003397,C000970,2025-09-27 00:00:00,Male,28,Gold,Lazada,Chiang Mai,1068,Home_Appliance,CleanMate,False,4.58,No Promotion,0.0,CallCenter,COD,1,2377.79,0.08,190.22,2187.57,1,0,9,5,1,0
LGS1ORD0003398,C000254,2025-09-27 02:00:00,Female,49,Gold,CallCenter,Bangkok,709,Electronics,NovaTech,False,4.0,Campaign,0.1,CallCenter,Credit_Card,1,8103.88,0.18,1458.7,6645.18,3,2,9,5,1,0
LGS1ORD0003399,C000328,2025-09-27 04:00:00,Female,40,Bronze,TV,Bangkok,1401,Electronics,ShieldCase,True,3.86,Campaign,0.1,Lazada,PromptPay,1,4331.76,0.13,563.13,3768.63,3,4,9,5,1,0
LGS1ORD0003400,C000652,2025-09-27 05:00:00,Female,28,Gold,Shopee,Phuket,1509,Fashion,FitStyle,False,3.18,Campaign,0.15,Lazada,COD,3,570.36,0.2299999999999999,393.55,1317.53,1,5,9,5,1,1
LGS1ORD0003401,C000184,2025-09-27 07:00:00,Male,18,Platinum,Shopee,Chiang Mai,1269,Kitchen,KitchenMax,True,3.84,Clearance,0.25,Lazada,PromptPay,2,4943.34,0.35,3460.34,6426.34,5,7,9,5,1,0
LGS1ORD0003402,C000293,2025-09-27 09:00:00,Female,31,Silver,Shopee,Remote_Area,1599,Health,WellPlus,False,4.39,Clearance,0.25,TV_Show,Credit_Card,1,2505.15,0.3,751.54,1753.6,4,9,9,5,1,0
LGS1ORD0003403,C000524,2025-09-27 11:00:00,Female,45,Platinum,CallCenter,Bangkok,1363,Fashion,FitStyle,False,3.36,No Promotion,0.0,Shopee,Bank_Transfer,2,1002.73,0.1,200.55,1804.91,3,11,9,5,1,0
LGS1ORD0003404,C001014,2025-09-27 13:00:00,Male,54,Bronze,TV,Bangkok,1554,Fashion,SilkTouch,False,3.86,Campaign,0.1,Shopee,COD,1,2128.39,0.13,276.69,1851.7,5,13,9,5,1,0
LGS1ORD0003405,C000403,2025-09-27 15:00:00,Female,37,Platinum,Shopee,Remote_Area,814,Cosmetics,FreshLook,False,3.86,No Promotion,0.0,Shopee,COD,2,2176.31,0.1,435.26,3917.36,1,15,9,5,1,1
LGS1ORD0003406,C001016,2025-09-27 17:00:00,Female,27,Bronze,Lazada,Bangkok,315,Home_Appliance,HomePro,False,4.05,Campaign,0.05,Lazada,Credit_Card,1,5993.62,0.08,479.49,5514.13,4,17,9,5,1,0
LGS1ORD0003407,C000501,2025-09-27 19:00:00,Male,40,Silver,Shopee,Nakhon Ratchasima,827,Health,MediCare,False,4.37,Campaign,0.15,Shopee,Credit_Card,1,3601.42,0.2,720.28,2881.14,5,19,9,5,1,0
LGS1ORD0003408,C000014,2025-09-27 21:00:00,Male,44,Bronze,Shopee,Nakhon Ratchasima,411,Fashion,SilkTouch,True,3.4,Campaign,0.1,Web,PromptPay,1,1713.49,0.13,222.75,1490.73,3,21,9,5,1,0
LGS1ORD0003409,C000837,2025-09-27 23:00:00,Male,28,Platinum,TV,Bangkok,356,Health,MediCare,False,4.34,No Promotion,0.0,TV_Show,Credit_Card,2,1686.18,0.1,337.24,3035.13,1,23,9,5,1,0
LGS1ORD0003410,C000121,2025-09-28 00:00:00,Female,44,Bronze,TV,Bangkok,1200,Home_Appliance,PureAir,True,4.11,Campaign,0.15,CallCenter,COD,1,3334.0,0.18,600.12,2733.88,4,0,9,6,1,0
LGS1ORD0003411,C001173,2025-09-28 02:00:00,Female,55,Gold,Web,Bangkok,497,Home_Appliance,HomePro,True,4.07,No Promotion,0.0,Web,Credit_Card,3,1224.1,0.08,293.78,3378.52,1,2,9,6,1,0
LGS1ORD0003412,C000909,2025-09-28 04:00:00,Male,43,Gold,Shopee,Chonburi,1542,Cosmetics,FreshLook,False,4.05,Campaign,0.15,Web,COD,1,787.15,0.2299999999999999,181.05,606.11,1,4,9,6,1,0
LGS1ORD0003413,C000053,2025-09-28 06:00:00,Female,29,Platinum,Shopee,Bangkok,566,Cosmetics,Beauty Lab,False,4.15,Campaign,0.05,Web,COD,1,1194.3,0.15,179.15,1015.16,1,6,9,6,1,0
LGS1ORD0003414,C000675,2025-09-28 08:00:00,Male,54,Bronze,Lazada,Chonburi,445,Electronics,ShieldCase,True,3.7,Campaign,0.1,Web,COD,1,9922.98,0.13,1289.99,8632.99,5,8,9,6,1,0
LGS1ORD0003415,C000645,2025-09-28 10:00:00,Female,44,Bronze,Shopee,Bangkok,1355,Health,VitaLife,False,4.36,Campaign,0.1,TV_Show,COD,1,364.93,0.13,47.44,317.49,1,10,9,6,1,0
LGS1ORD0003416,C001103,2025-09-28 12:00:00,Female,36,Bronze,TV,Remote_Area,1227,Kitchen,ChefHome,False,4.18,No Promotion,0.0,Lazada,COD,2,4001.87,0.03,240.11,7763.62,4,12,9,6,1,0
LGS1ORD0003417,C000887,2025-09-28 14:00:00,Male,36,Bronze,CallCenter,Bangkok,1474,Health,VitaLife,False,4.47,No Promotion,0.0,Lazada,COD,2,938.64,0.03,56.32,1820.96,5,14,9,6,1,0
LGS1ORD0003418,C000275,2025-09-28 16:00:00,Male,41,Gold,Shopee,Chiang Mai,469,Kitchen,ChefHome,True,3.63,Campaign,0.15,Shopee,COD,1,352.11,0.2299999999999999,80.98,271.12,1,16,9,6,1,0
LGS1ORD0003419,C000379,2025-09-28 18:00:00,Female,33,Bronze,TV,Phuket,962,Electronics,ShieldCase,True,3.63,Campaign,0.15,Lazada,PromptPay,1,3772.0,0.18,678.96,3093.04,1,18,9,6,1,1
LGS1ORD0003420,C001144,2025-09-28 19:00:00,Male,66,Silver,Web,Bangkok,390,Electronics,GadgetWorld,False,3.78,Clearance,0.25,CallCenter,Credit_Card,4,5568.95,0.3,6682.74,15593.05,5,19,9,6,1,1
LGS1ORD0003421,C000685,2025-09-28 21:00:00,Female,36,Bronze,Shopee,Remote_Area,282,Kitchen,KitchenMax,False,4.0,Campaign,0.15,Web,Credit_Card,3,5623.74,0.18,3036.82,13834.4,3,21,9,6,1,0
LGS1ORD0003422,C000820,2025-09-28 23:00:00,Female,40,Bronze,Web,Khon Kaen,664,Home_Appliance,PureAir,True,4.25,Clearance,0.25,Web,Credit_Card,1,14697.9,0.28,4115.41,10582.49,1,23,9,6,1,0
LGS1ORD0003423,C001078,2025-09-29 01:00:00,Male,57,Gold,Shopee,Chonburi,602,Home_Appliance,PureAir,True,4.2,No Promotion,0.0,Shopee,COD,2,11814.93,0.08,1890.39,21739.46,1,1,9,0,0,0
LGS1ORD0003424,C000649,2025-09-29 03:00:00,Male,52,Silver,Lazada,Khon Kaen,541,Kitchen,ChefHome,False,4.32,Campaign,0.1,Lazada,Bank_Transfer,2,4508.74,0.15,1352.62,7664.86,1,3,9,0,0,0
LGS1ORD0003425,C000145,2025-09-29 05:00:00,Female,52,Gold,Shopee,Khon Kaen,311,Kitchen,KitchenMax,True,4.1,No Promotion,0.0,Shopee,Credit_Card,2,3019.26,0.08,483.08,5555.45,3,5,9,0,0,0
LGS1ORD0003426,C000191,2025-09-29 07:00:00,Female,40,Bronze,Web,Phuket,1285,Cosmetics,FreshLook,False,4.21,Clearance,0.2,TV_Show,Credit_Card,1,846.83,0.23,194.77,652.06,5,7,9,0,0,0
LGS1ORD0003427,C001166,2025-09-29 09:00:00,Female,51,Gold,TV,Phuket,504,Kitchen,ChefHome,False,4.13,Clearance,0.2,CallCenter,Credit_Card,1,5014.78,0.28,1404.14,3610.64,3,9,9,0,0,0
LGS1ORD0003428,C000104,2025-09-29 11:00:00,Other,61,Silver,Shopee,Bangkok,374,Home_Appliance,HomePro,False,4.04,Campaign,0.05,Web,PromptPay,1,6788.06,0.1,678.81,6109.25,5,11,9,0,0,0
LGS1ORD0003429,C000945,2025-09-29 13:00:00,Female,28,Silver,Shopee,Khon Kaen,1477,Cosmetics,Beauty Lab,False,3.82,No Promotion,0.0,Lazada,COD,2,1963.45,0.05,196.35,3730.56,5,13,9,0,0,0
LGS1ORD0003430,C001090,2025-09-29 14:00:00,Male,53,Gold,TV,Bangkok,491,Electronics,NovaTech,False,3.7,Clearance,0.25,Lazada,COD,2,6483.92,0.33,4279.39,8688.45,5,14,9,0,0,1
LGS1ORD0003431,C000768,2025-09-29 16:00:00,Other,47,Bronze,TV,Phuket,752,Electronics,ShieldCase,False,3.63,No Promotion,0.0,TV_Show,Credit_Card,1,5672.01,0.03,170.16,5501.85,4,16,9,0,0,1
LGS1ORD0003432,C000575,2025-09-29 18:00:00,Female,27,Bronze,TV,Chonburi,424,Health,WellPlus,False,4.14,Clearance,0.2,TV_Show,COD,1,709.03,0.23,163.08,545.96,5,18,9,0,0,1
LGS1ORD0003433,C001015,2025-09-29 20:00:00,Female,32,Platinum,TV,Bangkok,530,Fashion,UrbanWear,False,3.48,Campaign,0.05,Shopee,COD,3,731.5,0.15,329.18,1865.33,5,20,9,0,0,0
LGS1ORD0003434,C000037,2025-09-29 22:00:00,Female,62,Gold,TV,Bangkok,602,Health,MediCare,False,4.77,Campaign,0.15,Web,COD,2,264.87,0.2299999999999999,121.84,407.9,1,22,9,0,0,0
LGS1ORD0003435,C000485,2025-09-30 00:00:00,Female,41,Silver,Shopee,Bangkok,866,Home_Appliance,CleanMate,False,4.58,Campaign,0.1,TV_Show,PromptPay,1,2434.17,0.15,365.13,2069.05,1,0,9,1,0,0
LGS1ORD0003436,C001184,2025-09-30 02:00:00,Male,32,Silver,Web,Bangkok,895,Fashion,SilkTouch,True,3.72,Clearance,0.2,Shopee,COD,1,958.01,0.25,239.5,718.51,1,2,9,1,0,1
LGS1ORD0003437,C000926,2025-09-30 04:00:00,Male,56,Bronze,TV,Songkhla,702,Health,MediCare,False,4.51,Clearance,0.25,Shopee,PromptPay,4,3244.67,0.28,3634.03,9344.64,1,4,9,1,0,0
LGS1ORD0003438,C000495,2025-09-30 06:00:00,Female,63,Gold,Web,Bangkok,296,Electronics,GadgetWorld,False,3.98,Clearance,0.25,Lazada,Credit_Card,1,3081.27,0.33,1016.82,2064.45,3,6,9,1,0,0
LGS1ORD0003439,C000650,2025-09-30 08:00:00,Female,36,Bronze,Web,Bangkok,915,Kitchen,CookEasy,True,4.12,No Promotion,0.0,Web,Credit_Card,1,3395.35,0.03,101.86,3293.49,3,8,9,1,0,0
LGS1ORD0003440,C000357,2025-09-30 09:00:00,Male,67,Bronze,TV,Bangkok,1278,Kitchen,ChefHome,True,4.23,Campaign,0.05,Shopee,COD,4,1985.46,0.08,635.35,7306.51,3,9,9,1,0,0
LGS1ORD0003441,C000577,2025-09-30 11:00:00,Male,38,Bronze,TV,Chiang Mai,1048,Home_Appliance,CleanMate,True,4.06,No Promotion,0.0,TV_Show,Credit_Card,1,5465.99,0.03,163.98,5302.01,5,11,9,1,0,0
LGS1ORD0003442,C000969,2025-09-30 13:00:00,Female,31,Silver,TV,Songkhla,752,Electronics,NovaTech,False,4.03,Clearance,0.2,Web,COD,1,9511.4,0.25,2377.85,7133.55,5,13,9,1,0,1
LGS1ORD0003443,C000468,2025-09-30 15:00:00,Male,45,Silver,TV,Bangkok,402,Health,VitaLife,False,4.39,Campaign,0.05,Shopee,PromptPay,1,2531.02,0.1,253.1,2277.92,3,15,9,1,0,0
LGS1ORD0003444,C000579,2025-09-30 17:00:00,Male,27,Gold,TV,Songkhla,406,Health,MediCare,False,4.55,Campaign,0.1,Lazada,COD,3,783.58,0.18,423.13,1927.6,3,17,9,1,0,0
LGS1ORD0003445,C000774,2025-09-30 19:00:00,Female,43,Bronze,Web,Chiang Mai,713,Home_Appliance,CleanMate,True,4.06,No Promotion,0.0,Shopee,PromptPay,2,5716.13,0.03,342.97,11089.29,3,19,9,1,0,0
LGS1ORD0003446,C000616,2025-09-30 21:00:00,Female,41,Silver,Web,Chonburi,1031,Fashion,UrbanWear,False,3.6,No Promotion,0.0,Lazada,Credit_Card,1,877.29,0.05,43.86,833.42,3,21,9,1,0,0
LGS1ORD0003447,C000258,2025-09-30 23:00:00,Female,26,Silver,Web,Bangkok,1462,Home_Appliance,PureAir,False,4.1,No Promotion,0.0,Shopee,Credit_Card,1,11129.1,0.05,556.46,10572.65,5,23,9,1,0,0
LGS1ORD0003448,C001019,2025-10-01 01:00:00,Female,61,Silver,Shopee,Remote_Area,839,Kitchen,ChefHome,False,3.96,Clearance,0.25,TV_Show,COD,4,4699.09,0.3,5638.91,13157.45,5,1,10,2,0,0
LGS1ORD0003449,C000979,2025-10-01 03:00:00,Male,51,Bronze,TV,Khon Kaen,1009,Cosmetics,SunSafe,False,4.17,Clearance,0.25,Lazada,COD,1,1823.87,0.28,510.68,1313.19,3,3,10,2,0,1
LGS1ORD0003450,C000920,2025-10-01 04:00:00,Female,41,Bronze,TV,Songkhla,375,Home_Appliance,PureAir,True,4.14,Campaign,0.05,CallCenter,COD,1,4258.59,0.08,340.69,3917.9,4,4,10,2,0,1
LGS1ORD0003451,C000045,2025-10-01 06:00:00,Male,37,Gold,Web,Chonburi,1661,Cosmetics,Beauty Lab,False,3.76,No Promotion,0.0,Shopee,Bank_Transfer,1,1737.44,0.08,138.99,1598.44,1,6,10,2,0,1
LGS1ORD0003452,C000250,2025-10-01 08:00:00,Male,40,Silver,TV,Chonburi,1116,Cosmetics,Beauty Lab,False,3.79,Clearance,0.25,CallCenter,COD,2,1406.55,0.3,843.93,1969.17,1,8,10,2,0,1
LGS1ORD0003453,C000932,2025-10-01 10:00:00,Other,54,Bronze,Lazada,Chiang Mai,1280,Electronics,GadgetWorld,False,3.98,Campaign,0.15,Lazada,PromptPay,2,3097.39,0.18,1115.06,5079.72,1,10,10,2,0,0
LGS1ORD0003454,C000606,2025-10-01 12:00:00,Female,42,Silver,Web,Bangkok,636,Cosmetics,SunSafe,False,4.09,Campaign,0.05,CallCenter,Bank_Transfer,1,1920.3,0.1,192.03,1728.27,3,12,10,2,0,0
LGS1ORD0003455,C001133,2025-10-01 14:00:00,Female,29,Silver,TV,Bangkok,1638,Home_Appliance,HomePro,True,3.97,Campaign,0.05,CallCenter,COD,1,8305.87,0.1,830.59,7475.28,4,14,10,2,0,1
LGS1ORD0003456,C000073,2025-10-01 16:00:00,Female,54,Silver,CallCenter,Chiang Mai,336,Fashion,UrbanWear,False,3.49,Campaign,0.05,Lazada,Bank_Transfer,2,542.87,0.1,108.57,977.17,1,16,10,2,0,1
LGS1ORD0003457,C000961,2025-10-01 18:00:00,Female,58,Silver,Lazada,Chiang Mai,316,Cosmetics,FreshLook,False,4.16,Campaign,0.05,Web,COD,1,2176.54,0.1,217.65,1958.88,4,18,10,2,0,0
LGS1ORD0003458,C000436,2025-10-01 20:00:00,Female,70,Bronze,Web,Phuket,1566,Fashion,UrbanWear,False,3.48,Clearance,0.2,Shopee,COD,2,698.16,0.23,321.16,1075.17,3,20,10,2,0,1
LGS1ORD0003459,C000710,2025-10-01 22:00:00,Male,44,Platinum,CallCenter,Songkhla,981,Fashion,UrbanWear,False,3.69,Clearance,0.25,Web,Credit_Card,2,2280.02,0.35,1596.01,2964.02,1,22,10,2,0,0
LGS1ORD0003460,C000328,2025-10-01 23:00:00,Female,40,Bronze,TV,Bangkok,1405,Cosmetics,FreshLook,False,4.0,No Promotion,0.0,CallCenter,Credit_Card,3,337.92,0.03,30.41,983.35,5,23,10,2,0,0
LGS1ORD0003461,C000106,2025-10-02 01:00:00,Female,29,Gold,TV,Khon Kaen,587,Electronics,GadgetWorld,False,3.89,No Promotion,0.0,CallCenter,COD,2,3538.47,0.08,566.16,6510.78,3,1,10,3,0,0
LGS1ORD0003462,C000318,2025-10-02 03:00:00,Male,40,Bronze,TV,Nakhon Ratchasima,890,Fashion,SilkTouch,False,3.87,Campaign,0.05,Lazada,COD,4,2376.52,0.08,760.49,8745.61,3,3,10,3,0,0
LGS1ORD0003463,C000076,2025-10-02 05:00:00,Female,65,Platinum,Web,Nakhon Ratchasima,1615,Cosmetics,Beauty Lab,False,3.94,Clearance,0.2,Web,COD,1,1639.35,0.3,491.8,1147.54,3,5,10,3,0,0
LGS1ORD0003464,C000347,2025-10-02 07:00:00,Male,68,Bronze,Shopee,Khon Kaen,811,Fashion,SilkTouch,False,3.75,Campaign,0.05,CallCenter,COD,1,1595.14,0.08,127.61,1467.53,5,7,10,3,0,0
LGS1ORD0003465,C000303,2025-10-02 09:00:00,Male,45,Silver,CallCenter,Bangkok,571,Home_Appliance,CleanMate,False,3.81,Campaign,0.15,Lazada,Credit_Card,2,5550.3,0.2,2220.12,8880.49,3,9,10,3,0,0
LGS1ORD0003466,C001083,2025-10-02 11:00:00,Female,51,Bronze,Lazada,Bangkok,586,Home_Appliance,CleanMate,True,3.73,Clearance,0.2,Web,COD,3,1909.95,0.23,1317.86,4411.98,1,11,10,3,0,0
LGS1ORD0003467,C001077,2025-10-02 13:00:00,Male,37,Silver,Web,Khon Kaen,741,Cosmetics,Beauty Lab,True,4.13,Clearance,0.2,CallCenter,PromptPay,1,1666.62,0.25,416.65,1249.96,5,13,10,3,0,0
LGS1ORD0003468,C001157,2025-10-02 15:00:00,Female,53,Bronze,Lazada,Songkhla,1221,Home_Appliance,CleanMate,True,3.85,Clearance,0.2,CallCenter,PromptPay,1,5326.2,0.23,1225.03,4101.17,5,15,10,3,0,1
LGS1ORD0003469,C000401,2025-10-02 17:00:00,Male,51,Silver,Web,Nakhon Ratchasima,593,Cosmetics,SunSafe,True,3.96,No Promotion,0.0,CallCenter,PromptPay,3,283.25,0.05,42.49,807.25,5,17,10,3,0,0
LGS1ORD0003470,C000796,2025-10-02 19:00:00,Female,52,Gold,TV,Chiang Mai,1175,Cosmetics,FreshLook,False,4.06,No Promotion,0.0,CallCenter,COD,2,1231.37,0.08,197.02,2265.73,1,19,10,3,0,0
LGS1ORD0003471,C000561,2025-10-02 20:00:00,Male,41,Bronze,TV,Nakhon Ratchasima,875,Home_Appliance,CleanMate,False,3.81,Campaign,0.15,CallCenter,COD,2,6121.54,0.18,2203.75,10039.32,3,20,10,3,0,0
LGS1ORD0003472,C000739,2025-10-02 22:00:00,Female,47,Bronze,TV,Chiang Mai,1369,Electronics,GadgetWorld,True,3.82,Campaign,0.05,Lazada,Credit_Card,1,11764.42,0.08,941.15,10823.27,3,22,10,3,0,0
LGS1ORD0003473,C000877,2025-10-03 00:00:00,Female,29,Bronze,TV,Songkhla,606,Kitchen,KitchenMax,False,3.83,Campaign,0.15,Web,COD,3,3513.56,0.18,1897.32,8643.36,1,0,10,4,0,0
LGS1ORD0003474,C000361,2025-10-03 02:00:00,Female,41,Bronze,CallCenter,Phuket,332,Health,MediCare,False,4.34,Campaign,0.05,Lazada,Credit_Card,1,1699.22,0.08,135.94,1563.28,1,2,10,4,0,0
LGS1ORD0003475,C000158,2025-10-03 04:00:00,Female,55,Silver,Lazada,Bangkok,1589,Fashion,FitStyle,False,3.36,Clearance,0.25,Shopee,COD,1,970.98,0.3,291.29,679.68,1,4,10,4,0,1
LGS1ORD0003476,C001183,2025-10-03 06:00:00,Male,49,Bronze,Shopee,Nakhon Ratchasima,1229,Home_Appliance,HomePro,True,3.73,No Promotion,0.0,TV_Show,Credit_Card,1,9833.23,0.03,295.0,9538.23,5,6,10,4,0,0
LGS1ORD0003477,C000676,2025-10-03 08:00:00,Female,45,Silver,Shopee,Phuket,326,Cosmetics,FreshLook,False,4.26,No Promotion,0.0,Shopee,Credit_Card,2,2196.13,0.05,219.61,4172.65,1,8,10,4,0,0
LGS1ORD0003478,C001027,2025-10-03 10:00:00,Female,55,Bronze,Lazada,Nakhon Ratchasima,341,Cosmetics,SunSafe,False,4.17,No Promotion,0.0,Lazada,COD,3,1907.87,0.03,171.71,5551.91,3,10,10,4,0,0
LGS1ORD0003479,C001123,2025-10-03 12:00:00,Female,18,Bronze,Shopee,Bangkok,1189,Home_Appliance,HomePro,False,3.71,Campaign,0.05,Shopee,COD,2,7455.34,0.08,1192.85,13717.82,4,12,10,4,0,0
LGS1ORD0003480,C000209,2025-10-03 14:00:00,Female,32,Bronze,CallCenter,Nakhon Ratchasima,672,Home_Appliance,PureAir,False,4.02,Campaign,0.15,Web,COD,2,12670.38,0.18,4561.34,20779.42,3,14,10,4,0,0
LGS1ORD0003481,C001166,2025-10-03 15:00:00,Female,51,Gold,TV,Phuket,508,Fashion,UrbanWear,False,3.6,Campaign,0.15,CallCenter,COD,1,2271.58,0.2299999999999999,522.46,1749.12,1,15,10,4,0,1
LGS1ORD0003482,C000235,2025-10-03 17:00:00,Male,47,Bronze,TV,Nakhon Ratchasima,718,Cosmetics,Beauty Lab,False,4.23,Clearance,0.2,Web,COD,1,1418.2,0.23,326.19,1092.01,5,17,10,4,0,0
LGS1ORD0003483,C001032,2025-10-03 19:00:00,Male,48,Silver,TV,Chonburi,1160,Electronics,ShieldCase,False,3.84,Campaign,0.1,Web,Credit_Card,1,1015.16,0.15,152.27,862.89,1,19,10,4,0,0
LGS1ORD0003484,C000945,2025-10-03 21:00:00,Female,28,Silver,Shopee,Khon Kaen,1481,Fashion,FitStyle,False,4.0,No Promotion,0.0,CallCenter,COD,3,2560.8,0.05,384.12,7298.29,1,21,10,4,0,0
LGS1ORD0003485,C000769,2025-10-03 23:00:00,Male,32,Bronze,Shopee,Chiang Mai,945,Electronics,ShieldCase,True,3.63,Campaign,0.15,Lazada,COD,1,3484.21,0.18,627.16,2857.05,5,23,10,4,0,0
LGS1ORD0003486,C000908,2025-10-04 01:00:00,Female,58,Silver,Web,Bangkok,766,Fashion,FitStyle,False,3.36,Clearance,0.2,Shopee,PromptPay,3,979.49,0.25,734.61,2203.84,1,1,10,5,1,1
LGS1ORD0003487,C000966,2025-10-04 03:00:00,Female,43,Bronze,TV,Phuket,1608,Fashion,FitStyle,False,3.7,Campaign,0.15,Web,Credit_Card,2,2354.12,0.18,847.48,3860.75,3,3,10,5,1,1
LGS1ORD0003488,C000153,2025-10-04 05:00:00,Female,45,Gold,Web,Songkhla,298,Cosmetics,SunSafe,False,4.36,No Promotion,0.0,CallCenter,Credit_Card,1,652.5,0.08,52.2,600.3,1,5,10,5,1,0
LGS1ORD0003489,C001098,2025-10-04 07:00:00,Male,39,Silver,Web,Phuket,1599,Fashion,UrbanWear,False,3.61,Campaign,0.1,Shopee,COD,3,1601.46,0.15,720.66,4083.72,3,7,10,5,1,1
LGS1ORD0003490,C000379,2025-10-04 09:00:00,Female,33,Bronze,TV,Phuket,968,Kitchen,KitchenMax,False,3.83,Clearance,0.25,Lazada,PromptPay,1,4043.69,0.28,1132.23,2911.46,1,9,10,5,1,0
LGS1ORD0003491,C000461,2025-10-04 10:00:00,Male,37,Silver,TV,Khon Kaen,1253,Fashion,SilkTouch,False,3.43,Campaign,0.15,Web,COD,3,1294.69,0.2,776.81,3107.24,3,10,10,5,1,1
LGS1ORD0003492,C000870,2025-10-04 12:00:00,Female,39,Silver,Shopee,Chiang Mai,1579,Cosmetics,FreshLook,False,3.94,Campaign,0.15,Web,COD,1,425.72,0.2,85.14,340.58,1,12,10,5,1,0
LGS1ORD0003493,C000016,2025-10-04 14:00:00,Male,18,Gold,TV,Bangkok,1507,Health,WellPlus,False,4.37,Campaign,0.1,CallCenter,COD,3,3797.43,0.18,2050.61,9341.67,5,14,10,5,1,0
LGS1ORD0003494,C001022,2025-10-04 16:00:00,Female,43,Silver,Lazada,Bangkok,1315,Home_Appliance,HomePro,True,4.07,Campaign,0.05,Web,COD,2,1171.74,0.1,234.35,2109.12,3,16,10,5,1,0
LGS1ORD0003495,C000132,2025-10-04 18:00:00,Female,18,Bronze,TV,Chonburi,946,Kitchen,KitchenMax,True,3.89,Campaign,0.1,Web,PromptPay,1,3746.84,0.13,487.09,3259.75,4,18,10,5,1,0
LGS1ORD0003496,C000454,2025-10-04 20:00:00,Female,60,Bronze,TV,Remote_Area,1036,Kitchen,CookEasy,False,3.92,Clearance,0.25,CallCenter,Credit_Card,2,3068.88,0.28,1718.57,4419.18,3,20,10,5,1,0
LGS1ORD0003497,C000190,2025-10-04 22:00:00,Female,46,Bronze,CallCenter,Remote_Area,1179,Cosmetics,SunSafe,True,4.42,No Promotion,0.0,Web,PromptPay,1,2089.51,0.03,62.69,2026.83,1,22,10,5,1,0
LGS1ORD0003498,C001194,2025-10-05 00:00:00,Male,32,Platinum,TV,Bangkok,1655,Fashion,UrbanWear,False,3.45,No Promotion,0.0,Web,COD,4,1225.07,0.1,490.03,4410.26,4,0,10,6,1,0
LGS1ORD0003499,C001029,2025-10-05 02:00:00,Male,19,Bronze,Shopee,Bangkok,654,Electronics,ShieldCase,False,3.8,No Promotion,0.0,Web,COD,2,6809.78,0.03,408.59,13210.97,3,2,10,6,1,0
LGS1ORD0003500,C000700,2025-10-05 04:00:00,Female,72,Bronze,TV,Remote_Area,442,Electronics,ShieldCase,True,4.33,Campaign,0.1,TV_Show,Credit_Card,4,4431.08,0.13,2304.16,15420.16,1,4,10,6,1,0
LGS1ORD0003501,C000311,2025-10-05 05:00:00,Male,45,Bronze,Shopee,Nakhon Ratchasima,1456,Fashion,UrbanWear,False,3.81,No Promotion,0.0,Web,COD,1,1943.16,0.03,58.29,1884.86,3,5,10,6,1,0
LGS1ORD0003502,C000531,2025-10-05 07:00:00,Male,30,Bronze,Web,Songkhla,415,Fashion,FitStyle,False,3.91,Campaign,0.05,CallCenter,PromptPay,1,1385.43,0.08,110.83,1274.6,5,7,10,6,1,0
LGS1ORD0003503,C000201,2025-10-05 09:00:00,Other,55,Bronze,TV,Chonburi,869,Kitchen,KitchenMax,True,3.84,Campaign,0.15,Shopee,Bank_Transfer,2,4676.66,0.18,1683.6,7669.72,1,9,10,6,1,0
LGS1ORD0003504,C001033,2025-10-05 11:00:00,Female,37,Bronze,Shopee,Remote_Area,482,Fashion,SilkTouch,False,3.43,Campaign,0.15,CallCenter,Bank_Transfer,1,1214.47,0.18,218.6,995.86,1,11,10,6,1,1
LGS1ORD0003505,C000530,2025-10-05 13:00:00,Female,72,Bronze,TV,Songkhla,1295,Electronics,NovaTech,False,3.38,Clearance,0.2,CallCenter,Credit_Card,2,8911.03,0.23,4099.07,13722.99,5,13,10,6,1,1
LGS1ORD0003506,C000465,2025-10-05 15:00:00,Female,40,Bronze,Shopee,Chiang Mai,1360,Cosmetics,FreshLook,False,4.22,Campaign,0.15,TV_Show,COD,1,1598.61,0.18,287.75,1310.86,1,15,10,6,1,0
LGS1ORD0003507,C000387,2025-10-05 17:00:00,Female,25,Bronze,TV,Chonburi,951,Electronics,ShieldCase,True,3.63,Campaign,0.15,Lazada,Credit_Card,3,3726.08,0.18,2012.08,9166.15,3,17,10,6,1,1
LGS1ORD0003508,C001106,2025-10-05 19:00:00,Female,47,Bronze,Shopee,Bangkok,1162,Fashion,UrbanWear,True,3.68,No Promotion,0.0,Web,PromptPay,1,1866.71,0.03,56.0,1810.71,3,19,10,6,1,0
LGS1ORD0003509,C000504,2025-10-05 21:00:00,Male,37,Bronze,CallCenter,Chiang Mai,1221,Fashion,SilkTouch,False,3.47,Campaign,0.1,Web,COD,1,1831.32,0.13,238.07,1593.25,5,21,10,6,1,0
LGS1ORD0003510,C000226,2025-10-05 23:00:00,Female,27,Platinum,Lazada,Songkhla,1444,Kitchen,ChefHome,False,4.08,Campaign,0.05,Lazada,Credit_Card,1,5011.55,0.15,751.73,4259.82,3,23,10,6,1,0
LGS1ORD0003511,C000302,2025-10-06 00:00:00,Female,46,Gold,TV,Songkhla,1076,Fashion,SilkTouch,False,3.87,No Promotion,0.0,CallCenter,COD,1,2415.27,0.08,193.22,2222.05,3,0,10,0,0,0
LGS1ORD0003512,C000385,2025-10-06 02:00:00,Female,63,Bronze,TV,Phuket,1224,Fashion,SilkTouch,True,3.4,Campaign,0.15,CallCenter,Credit_Card,1,1720.35,0.18,309.66,1410.69,3,2,10,0,0,1
LGS1ORD0003513,C001086,2025-10-06 04:00:00,Female,33,Bronze,Shopee,Songkhla,1470,Fashion,UrbanWear,False,3.61,Clearance,0.25,Shopee,COD,1,1576.94,0.28,441.54,1135.4,1,4,10,0,0,1
LGS1ORD0003514,C000249,2025-10-06 06:00:00,Male,54,Bronze,TV,Bangkok,824,Electronics,NovaTech,True,3.94,No Promotion,0.0,Web,COD,1,991.61,0.03,29.75,961.86,1,6,10,0,0,0
LGS1ORD0003515,C000220,2025-10-06 08:00:00,Female,50,Gold,TV,Chiang Mai,290,Kitchen,KitchenMax,True,3.76,No Promotion,0.0,TV_Show,Credit_Card,1,3432.99,0.08,274.64,3158.35,1,8,10,0,0,1
LGS1ORD0003516,C000920,2025-10-06 10:00:00,Female,41,Bronze,TV,Songkhla,380,Electronics,ShieldCase,False,3.9,No Promotion,0.0,TV_Show,Bank_Transfer,1,2072.97,0.03,62.19,2010.78,1,10,10,0,0,0
LGS1ORD0003517,C000722,2025-10-06 12:00:00,Male,40,Bronze,TV,Songkhla,961,Electronics,GadgetWorld,False,3.74,No Promotion,0.0,Web,COD,1,1456.09,0.03,43.68,1412.41,1,12,10,0,0,1
LGS1ORD0003518,C001165,2025-10-06 14:00:00,Male,72,Bronze,TV,Remote_Area,1524,Home_Appliance,CleanMate,True,4.06,Campaign,0.1,Shopee,COD,1,5427.82,0.13,705.62,4722.21,5,14,10,0,0,0
LGS1ORD0003519,C000066,2025-10-06 16:00:00,Male,61,Bronze,Shopee,Nakhon Ratchasima,1003,Fashion,SilkTouch,False,3.43,Clearance,0.2,Lazada,PromptPay,1,1245.99,0.23,286.58,959.41,3,16,10,0,0,0
LGS1ORD0003520,C000358,2025-10-06 18:00:00,Female,25,Platinum,Shopee,Bangkok,1084,Kitchen,CookEasy,False,4.01,No Promotion,0.0,Lazada,COD,2,1798.52,0.1,359.7,3237.34,3,18,10,0,0,0
LGS1ORD0003521,C000455,2025-10-06 19:00:00,Male,39,Bronze,TV,Phuket,366,Home_Appliance,CleanMate,False,3.81,No Promotion,0.0,TV_Show,COD,3,12614.5,0.03,1135.3,36708.18,1,19,10,0,0,1
LGS1ORD0003522,C000970,2025-10-06 21:00:00,Male,28,Gold,Lazada,Chiang Mai,1077,Electronics,ShieldCase,False,3.9,No Promotion,0.0,Web,COD,1,2123.46,0.08,169.88,1953.58,1,21,10,0,0,1
LGS1ORD0003523,C000569,2025-10-06 23:00:00,Male,18,Bronze,TV,Remote_Area,1655,Cosmetics,FreshLook,False,4.06,Campaign,0.1,Shopee,COD,1,1240.54,0.13,161.27,1079.27,1,23,10,0,0,0
LGS1ORD0003524,C000520,2025-10-07 01:00:00,Female,51,Gold,Web,Bangkok,1397,Cosmetics,FreshLook,False,4.07,Campaign,0.05,Lazada,COD,2,1769.24,0.13,460.0,3078.48,1,1,10,1,0,1
LGS1ORD0003525,C000639,2025-10-07 03:00:00,Male,54,Bronze,Shopee,Bangkok,1682,Cosmetics,Beauty Lab,False,4.21,Clearance,0.2,TV_Show,COD,2,2057.93,0.23,946.65,3169.21,4,3,10,1,0,0
LGS1ORD0003526,C000312,2025-10-07 05:00:00,Male,39,Silver,Lazada,Bangkok,996,Electronics,NovaTech,True,3.64,Clearance,0.25,TV_Show,COD,1,1531.95,0.3,459.59,1072.37,5,5,10,1,0,1
LGS1ORD0003527,C001059,2025-10-07 07:00:00,Male,42,Bronze,TV,Songkhla,900,Cosmetics,SunSafe,True,4.02,Campaign,0.1,Lazada,COD,2,1026.1,0.13,266.79,1785.41,5,7,10,1,0,0
LGS1ORD0003528,C000984,2025-10-07 09:00:00,Female,44,Silver,Lazada,Bangkok,1440,Cosmetics,FreshLook,False,3.89,Campaign,0.05,TV_Show,COD,2,436.31,0.1,87.26,785.36,1,9,10,1,0,0
LGS1ORD0003529,C000449,2025-10-07 11:00:00,Female,33,Gold,Lazada,Nakhon Ratchasima,1258,Electronics,GadgetWorld,True,3.82,No Promotion,0.0,Shopee,PromptPay,2,11512.17,0.08,1841.95,21182.39,1,11,10,1,0,0
LGS1ORD0003530,C000874,2025-10-07 13:00:00,Male,18,Bronze,Web,Bangkok,1715,Fashion,UrbanWear,False,3.6,Campaign,0.15,Lazada,COD,2,2316.74,0.18,834.03,3799.46,1,13,10,1,0,1
LGS1ORD0003531,C000275,2025-10-07 14:00:00,Male,41,Gold,Shopee,Chiang Mai,478,Electronics,ShieldCase,True,3.7,Campaign,0.15,TV_Show,PromptPay,3,9458.89,0.2299999999999999,6526.63,21850.04,4,14,10,1,0,0
LGS1ORD0003532,C000805,2025-10-07 16:00:00,Male,55,Silver,Shopee,Khon Kaen,1336,Fashion,UrbanWear,False,3.45,Campaign,0.15,Lazada,Credit_Card,1,901.15,0.2,180.23,720.92,5,16,10,1,0,0
LGS1ORD0003533,C000185,2025-10-07 18:00:00,Male,45,Platinum,Web,Khon Kaen,796,Cosmetics,Beauty Lab,False,4.5,Campaign,0.05,CallCenter,PromptPay,3,1331.2,0.15,599.04,3394.56,1,18,10,1,0,0
LGS1ORD0003534,C001126,2025-10-07 20:00:00,Female,61,Bronze,TV,Phuket,1323,Kitchen,KitchenMax,True,3.89,No Promotion,0.0,Web,COD,1,3155.49,0.03,94.66,3060.83,3,20,10,1,0,0
LGS1ORD0003535,C000317,2025-10-07 22:00:00,Female,40,Bronze,TV,Bangkok,1526,Home_Appliance,PureAir,True,4.0,Campaign,0.1,TV_Show,Bank_Transfer,2,12490.24,0.13,3247.46,21733.01,3,22,10,1,0,1
LGS1ORD0003536,C001152,2025-10-08 00:00:00,Male,26,Gold,Web,Bangkok,1041,Kitchen,KitchenMax,False,4.01,Campaign,0.15,Lazada,Credit_Card,1,3376.99,0.2299999999999999,776.71,2600.28,1,0,10,2,0,0
LGS1ORD0003537,C000677,2025-10-08 02:00:00,Female,52,Gold,Lazada,Bangkok,1044,Home_Appliance,CleanMate,True,3.73,Campaign,0.15,Shopee,Credit_Card,1,2105.91,0.2299999999999999,484.36,1621.55,4,2,10,2,0,0
LGS1ORD0003538,C000209,2025-10-08 04:00:00,Female,32,Bronze,CallCenter,Nakhon Ratchasima,677,Electronics,GadgetWorld,False,3.89,Campaign,0.15,Web,COD,2,3285.95,0.18,1182.94,5388.96,3,4,10,2,0,0
LGS1ORD0003539,C000921,2025-10-08 06:00:00,Female,61,Bronze,TV,Remote_Area,1009,Kitchen,KitchenMax,True,4.1,Campaign,0.15,TV_Show,COD,1,2970.71,0.18,534.73,2435.99,1,6,10,2,0,0
LGS1ORD0003540,C000744,2025-10-08 08:00:00,Female,52,Gold,TV,Remote_Area,1298,Fashion,FitStyle,False,3.7,Campaign,0.15,Shopee,COD,1,2237.28,0.2299999999999999,514.58,1722.71,3,8,10,2,0,1
LGS1ORD0003541,C000008,2025-10-08 09:00:00,Male,34,Silver,TV,Bangkok,1305,Cosmetics,SunSafe,True,3.98,Campaign,0.1,Web,PromptPay,2,2029.89,0.15,608.97,3450.81,1,9,10,2,0,0
LGS1ORD0003542,C000204,2025-10-08 11:00:00,Female,57,Silver,Shopee,Khon Kaen,1473,Electronics,GadgetWorld,False,3.78,Campaign,0.05,Lazada,COD,2,5444.41,0.1,1088.88,9799.93,1,11,10,2,0,0
LGS1ORD0003543,C000084,2025-10-08 13:00:00,Male,52,Silver,Shopee,Bangkok,1552,Electronics,ShieldCase,True,3.86,Clearance,0.2,Shopee,COD,2,4265.27,0.25,2132.64,6397.91,3,13,10,2,0,0
LGS1ORD0003544,C001073,2025-10-08 15:00:00,Female,57,Gold,Web,Bangkok,1541,Kitchen,KitchenMax,True,3.89,Campaign,0.05,Lazada,COD,2,3128.72,0.13,813.47,5443.98,4,15,10,2,0,0
LGS1ORD0003545,C001065,2025-10-08 17:00:00,Female,30,Bronze,TV,Chiang Mai,1501,Health,MediCare,True,4.31,Clearance,0.2,TV_Show,PromptPay,3,691.62,0.23,477.22,1597.65,1,17,10,2,0,0
LGS1ORD0003546,C000919,2025-10-08 19:00:00,Female,39,Gold,Web,Bangkok,1458,Fashion,SilkTouch,True,3.72,Clearance,0.25,TV_Show,COD,1,895.77,0.33,295.6,600.17,1,19,10,2,0,1
LGS1ORD0003547,C000738,2025-10-08 21:00:00,Female,24,Gold,Web,Bangkok,1056,Kitchen,CookEasy,False,4.09,Clearance,0.25,Lazada,COD,3,5403.05,0.33,5349.02,10860.14,3,21,10,2,0,1
LGS1ORD0003548,C000460,2025-10-08 23:00:00,Male,34,Bronze,Lazada,Chonburi,880,Home_Appliance,CleanMate,True,4.1,Clearance,0.25,Web,Credit_Card,3,1411.71,0.28,1185.84,3049.29,4,23,10,2,0,0
LGS1ORD0003549,C000384,2025-10-09 01:00:00,Female,35,Gold,Shopee,Bangkok,1684,Electronics,GadgetWorld,False,3.74,Campaign,0.15,TV_Show,COD,3,1414.64,0.2299999999999999,976.1,3267.81,3,1,10,3,0,1
LGS1ORD0003550,C001003,2025-10-09 03:00:00,Male,38,Gold,Web,Chonburi,398,Kitchen,ChefHome,False,4.22,No Promotion,0.0,Lazada,COD,1,1149.28,0.08,91.94,1057.34,4,3,10,3,0,0
LGS1ORD0003551,C000882,2025-10-09 04:00:00,Female,33,Silver,Lazada,Remote_Area,1284,Fashion,SilkTouch,False,3.86,Campaign,0.05,Lazada,PromptPay,1,589.75,0.1,58.98,530.78,1,4,10,3,0,0
LGS1ORD0003552,C000582,2025-10-09 06:00:00,Female,24,Bronze,TV,Bangkok,803,Cosmetics,Beauty Lab,False,4.22,Clearance,0.2,TV_Show,COD,1,1587.26,0.23,365.07,1222.19,3,6,10,3,0,1
LGS1ORD0003553,C001043,2025-10-09 08:00:00,Male,32,Silver,Shopee,Bangkok,726,Kitchen,KitchenMax,True,4.03,Campaign,0.15,Lazada,COD,3,5037.13,0.2,3022.28,12089.11,1,8,10,3,0,1
LGS1ORD0003554,C001008,2025-10-09 10:00:00,Other,35,Bronze,TV,Bangkok,633,Home_Appliance,CleanMate,True,4.11,Campaign,0.1,Lazada,Credit_Card,2,7725.51,0.13,2008.63,13442.39,4,10,10,3,0,0
LGS1ORD0003555,C000684,2025-10-09 12:00:00,Female,48,Platinum,Lazada,Chonburi,1414,Cosmetics,Beauty Lab,False,4.22,Campaign,0.15,Lazada,Credit_Card,3,1592.07,0.25,1194.06,3582.17,1,12,10,3,0,0
LGS1ORD0003556,C000389,2025-10-09 14:00:00,Female,43,Bronze,Shopee,Khon Kaen,909,Fashion,FitStyle,False,3.51,Campaign,0.05,TV_Show,COD,2,950.01,0.08,152.0,1748.02,3,14,10,3,0,1
LGS1ORD0003557,C001013,2025-10-09 16:00:00,Female,42,Silver,Lazada,Chonburi,452,Electronics,ShieldCase,True,3.63,Clearance,0.2,Shopee,COD,1,3868.58,0.25,967.14,2901.43,4,16,10,3,0,1
LGS1ORD0003558,C000175,2025-10-09 18:00:00,Female,54,Bronze,Lazada,Remote_Area,1573,Cosmetics,SunSafe,True,4.02,Clearance,0.2,TV_Show,COD,3,1023.37,0.23,706.13,2363.99,1,18,10,3,0,0
LGS1ORD0003559,C000404,2025-10-09 20:00:00,Male,27,Bronze,TV,Remote_Area,411,Fashion,UrbanWear,False,3.68,Campaign,0.15,Shopee,Bank_Transfer,1,991.89,0.18,178.54,813.35,1,20,10,3,0,0
LGS1ORD0003560,C000063,2025-10-09 22:00:00,Female,42,Silver,Lazada,Songkhla,1487,Cosmetics,FreshLook,False,4.05,Campaign,0.15,Web,COD,1,800.83,0.2,160.17,640.66,1,22,10,3,0,1
LGS1ORD0003561,C001160,2025-10-09 23:00:00,Female,18,Silver,Shopee,Bangkok,833,Electronics,GadgetWorld,False,3.81,No Promotion,0.0,Lazada,COD,1,519.25,0.05,25.96,493.29,1,23,10,3,0,0
LGS1ORD0003562,C000621,2025-10-10 01:00:00,Male,39,Silver,TV,Chiang Mai,735,Health,MediCare,False,4.42,Clearance,0.2,Web,Bank_Transfer,1,2056.64,0.25,514.16,1542.48,4,1,10,4,0,0
LGS1ORD0003563,C000646,2025-10-10 03:00:00,Female,42,Bronze,TV,Chonburi,1187,Fashion,UrbanWear,True,3.71,Campaign,0.05,Shopee,COD,1,685.92,0.08,54.87,631.04,1,3,10,4,0,1
LGS1ORD0003564,C000403,2025-10-10 05:00:00,Female,37,Platinum,Shopee,Remote_Area,827,Electronics,ShieldCase,True,3.63,Campaign,0.15,Web,COD,1,3567.99,0.25,892.0,2675.99,3,5,10,4,0,0
LGS1ORD0003565,C001111,2025-10-10 07:00:00,Male,29,Silver,TV,Bangkok,668,Kitchen,ChefHome,False,3.9,Campaign,0.05,TV_Show,Bank_Transfer,2,3224.66,0.1,644.93,5804.4,3,7,10,4,0,0
LGS1ORD0003566,C000916,2025-10-10 09:00:00,Male,62,Bronze,Shopee,Bangkok,1367,Electronics,NovaTech,False,3.89,Campaign,0.1,Lazada,PromptPay,1,6613.38,0.13,859.74,5753.64,3,9,10,4,0,1
LGS1ORD0003567,C000324,2025-10-10 11:00:00,Female,53,Silver,CallCenter,Chonburi,426,Fashion,FitStyle,False,3.51,Clearance,0.2,CallCenter,Credit_Card,1,928.11,0.25,232.03,696.08,4,11,10,4,0,0
LGS1ORD0003568,C000006,2025-10-10 13:00:00,Female,22,Bronze,TV,Bangkok,1546,Electronics,NovaTech,False,4.03,No Promotion,0.0,Web,Credit_Card,3,9126.19,0.03,821.36,26557.2,1,13,10,4,0,0
LGS1ORD0003569,C000872,2025-10-10 15:00:00,Female,47,Bronze,TV,Remote_Area,1261,Fashion,FitStyle,False,3.36,Campaign,0.1,Lazada,COD,3,1000.26,0.13,390.1,2610.68,3,15,10,4,0,1
LGS1ORD0003570,C000257,2025-10-10 17:00:00,Male,46,Gold,Web,Bangkok,1449,Electronics,GadgetWorld,False,4.05,Campaign,0.15,Lazada,PromptPay,2,4029.97,0.2299999999999999,1853.79,6206.16,4,17,10,4,0,0
LGS1ORD0003571,C000627,2025-10-10 18:00:00,Female,51,Silver,CallCenter,Nakhon Ratchasima,939,Home_Appliance,PureAir,True,4.2,Clearance,0.2,TV_Show,PromptPay,3,11889.61,0.25,8917.21,26751.62,4,18,10,4,0,0
LGS1ORD0003572,C000636,2025-10-10 20:00:00,Male,56,Bronze,TV,Remote_Area,482,Cosmetics,SunSafe,True,3.98,Clearance,0.2,TV_Show,COD,2,2089.7,0.23,961.26,3218.13,5,20,10,4,0,0
LGS1ORD0003573,C000236,2025-10-10 22:00:00,Male,53,Gold,Lazada,Bangkok,1273,Electronics,GadgetWorld,False,4.07,Campaign,0.05,Web,Credit_Card,4,1193.99,0.13,620.87,4155.08,3,22,10,4,0,0
LGS1ORD0003574,C000346,2025-10-11 00:00:00,Female,36,Bronze,Web,Bangkok,449,Electronics,ShieldCase,True,3.7,Clearance,0.25,CallCenter,COD,1,9914.41,0.28,2776.04,7138.38,4,0,10,5,1,1
LGS1ORD0003575,C000751,2025-10-11 02:00:00,Female,39,Silver,TV,Nakhon Ratchasima,1256,Fashion,FitStyle,False,3.51,Clearance,0.2,Lazada,Credit_Card,1,919.63,0.25,229.91,689.72,4,2,10,5,1,1
LGS1ORD0003576,C000147,2025-10-11 04:00:00,Female,32,Silver,Shopee,Nakhon Ratchasima,387,Fashion,UrbanWear,True,3.78,Campaign,0.05,TV_Show,PromptPay,1,1630.67,0.1,163.07,1467.6,4,4,10,5,1,0
LGS1ORD0003577,C000047,2025-10-11 06:00:00,Male,30,Silver,Web,Songkhla,1555,Electronics,GadgetWorld,False,3.83,Campaign,0.15,Web,Credit_Card,1,2269.66,0.2,453.93,1815.73,1,6,10,5,1,0
LGS1ORD0003578,C000126,2025-10-11 08:00:00,Male,28,Bronze,CallCenter,Khon Kaen,1179,Cosmetics,Beauty Lab,False,4.03,Clearance,0.25,Web,COD,2,1890.96,0.28,1058.94,2722.99,3,8,10,5,1,0
LGS1ORD0003579,C001132,2025-10-11 10:00:00,Male,45,Gold,TV,Chiang Mai,947,Health,VitaLife,False,4.35,Campaign,0.05,Shopee,COD,1,1654.65,0.13,215.1,1439.54,3,10,10,5,1,0
LGS1ORD0003580,C000224,2025-10-11 12:00:00,Male,46,Bronze,Web,Bangkok,1643,Fashion,FitStyle,False,3.18,No Promotion,0.0,TV_Show,COD,2,523.98,0.03,31.44,1016.52,3,12,10,5,1,1
LGS1ORD0003581,C000965,2025-10-11 14:00:00,Female,26,Bronze,CallCenter,Remote_Area,1198,Fashion,FitStyle,False,3.18,Campaign,0.15,Shopee,COD,2,572.23,0.18,206.0,938.47,5,14,10,5,1,1
LGS1ORD0003582,C000538,2025-10-11 15:00:00,Female,44,Silver,Web,Bangkok,849,Electronics,GadgetWorld,False,3.86,Campaign,0.05,Shopee,COD,1,4660.37,0.1,466.04,4194.34,4,15,10,5,1,0
LGS1ORD0003583,C000866,2025-10-11 17:00:00,Female,42,Silver,TV,Chiang Mai,1189,Health,VitaLife,False,4.26,No Promotion,0.0,TV_Show,Bank_Transfer,1,436.48,0.05,21.82,414.66,1,17,10,5,1,0
LGS1ORD0003584,C000915,2025-10-11 19:00:00,Female,64,Bronze,TV,Phuket,538,Kitchen,ChefHome,False,4.38,Campaign,0.15,Shopee,PromptPay,1,4762.1,0.18,857.18,3904.92,3,19,10,5,1,0
LGS1ORD0003585,C000306,2025-10-11 21:00:00,Female,60,Bronze,TV,Phuket,460,Cosmetics,SunSafe,True,4.2,No Promotion,0.0,TV_Show,COD,1,2171.04,0.03,65.13,2105.91,1,21,10,5,1,0
LGS1ORD0003586,C000953,2025-10-11 23:00:00,Male,24,Bronze,Shopee,Nakhon Ratchasima,897,Electronics,NovaTech,False,4.12,Clearance,0.2,Web,COD,1,9700.27,0.23,2231.06,7469.2,1,23,10,5,1,0
LGS1ORD0003587,C000291,2025-10-12 01:00:00,Female,30,Silver,Lazada,Remote_Area,1614,Kitchen,KitchenMax,True,3.98,Campaign,0.15,Web,Credit_Card,2,2618.6,0.2,1047.44,4189.77,1,1,10,6,1,0
LGS1ORD0003588,C000716,2025-10-12 03:00:00,Female,29,Silver,Web,Chiang Mai,1735,Home_Appliance,CleanMate,True,4.06,Campaign,0.15,Lazada,Credit_Card,1,5444.35,0.2,1088.87,4355.48,4,3,10,6,1,0
LGS1ORD0003589,C000897,2025-10-12 05:00:00,Male,42,Silver,Web,Nakhon Ratchasima,1508,Health,WellPlus,False,4.15,Campaign,0.05,Shopee,COD,2,2416.43,0.1,483.29,4349.58,5,5,10,6,1,0
LGS1ORD0003590,C000712,2025-10-12 07:00:00,Female,37,Bronze,Web,Songkhla,1605,Fashion,UrbanWear,False,3.6,Campaign,0.05,Web,COD,1,862.15,0.08,68.97,793.18,1,7,10,6,1,1
LGS1ORD0003591,C001154,2025-10-12 09:00:00,Female,40,Bronze,TV,Remote_Area,1087,Electronics,NovaTech,False,4.06,No Promotion,0.0,Web,Credit_Card,1,10153.84,0.03,304.62,9849.22,5,9,10,6,1,0
LGS1ORD0003592,C000596,2025-10-12 10:00:00,Male,55,Silver,TV,Bangkok,1254,Cosmetics,FreshLook,False,4.12,Campaign,0.15,Shopee,COD,2,181.92,0.2,72.77,291.08,1,10,10,6,1,0
LGS1ORD0003593,C000498,2025-10-12 12:00:00,Female,50,Silver,TV,Songkhla,611,Health,VitaLife,False,4.35,Clearance,0.25,Shopee,PromptPay,3,1585.8,0.3,1427.22,3330.17,5,12,10,6,1,0
LGS1ORD0003594,C000978,2025-10-12 14:00:00,Female,18,Gold,Shopee,Bangkok,1660,Electronics,NovaTech,False,3.92,No Promotion,0.0,Web,Credit_Card,4,8724.24,0.08,2791.76,32105.2,3,14,10,6,1,0
LGS1ORD0003595,C000666,2025-10-12 16:00:00,Male,51,Silver,TV,Bangkok,1008,Electronics,NovaTech,False,3.68,Clearance,0.25,Lazada,COD,1,4525.22,0.3,1357.57,3167.66,1,16,10,6,1,1
LGS1ORD0003596,C000379,2025-10-12 18:00:00,Female,33,Bronze,TV,Phuket,976,Electronics,GadgetWorld,True,4.17,Clearance,0.2,CallCenter,Bank_Transfer,1,2983.48,0.23,686.2,2297.28,4,18,10,6,1,0
LGS1ORD0003597,C000120,2025-10-12 20:00:00,Male,48,Platinum,Web,Songkhla,1064,Cosmetics,FreshLook,False,4.06,No Promotion,0.0,CallCenter,Credit_Card,2,1255.31,0.1,251.06,2259.56,5,20,10,6,1,0
LGS1ORD0003598,C000075,2025-10-12 22:00:00,Female,31,Bronze,CallCenter,Chonburi,935,Fashion,UrbanWear,False,3.72,Clearance,0.2,Web,Credit_Card,2,2714.13,0.23,1248.5,4179.76,1,22,10,6,1,0
LGS1ORD0003599,C000806,2025-10-13 00:00:00,Male,51,Bronze,CallCenter,Songkhla,1489,Health,WellPlus,True,3.95,Campaign,0.15,Shopee,COD,1,1137.98,0.18,204.84,933.14,5,0,10,0,0,0
LGS1ORD0003600,C001061,2025-10-13 02:00:00,Female,28,Bronze,TV,Phuket,588,Fashion,SilkTouch,False,3.21,Clearance,0.25,TV_Show,Credit_Card,2,1888.44,0.28,1057.52,2719.35,3,2,10,0,0,1
LGS1ORD0003601,C000627,2025-10-13 04:00:00,Female,51,Silver,CallCenter,Nakhon Ratchasima,942,Cosmetics,FreshLook,False,4.13,No Promotion,0.0,Web,COD,2,866.94,0.05,86.69,1647.19,5,4,10,0,0,0
LGS1ORD0003602,C000672,2025-10-13 05:00:00,Male,47,Silver,CallCenter,Phuket,1059,Kitchen,KitchenMax,True,3.84,Campaign,0.15,CallCenter,Credit_Card,1,4806.07,0.2,961.21,3844.85,1,5,10,0,0,1
LGS1ORD0003603,C000503,2025-10-13 07:00:00,Male,42,Gold,Lazada,Bangkok,1602,Fashion,SilkTouch,False,3.77,No Promotion,0.0,TV_Show,COD,1,1096.95,0.08,87.76,1009.19,3,7,10,0,0,0
LGS1ORD0003604,C000312,2025-10-13 09:00:00,Male,39,Silver,Lazada,Bangkok,1002,Fashion,FitStyle,False,3.48,Clearance,0.2,TV_Show,Credit_Card,1,1840.23,0.25,460.06,1380.17,1,9,10,0,0,0
LGS1ORD0003605,C000334,2025-10-13 11:00:00,Male,56,Bronze,TV,Remote_Area,1671,Kitchen,ChefHome,False,4.32,No Promotion,0.0,Lazada,COD,1,4902.53,0.03,147.08,4755.46,1,11,10,0,0,1
LGS1ORD0003606,C000094,2025-10-13 13:00:00,Male,49,Silver,Shopee,Remote_Area,1710,Home_Appliance,PureAir,True,4.14,Clearance,0.2,TV_Show,COD,1,3882.18,0.25,970.54,2911.63,3,13,10,0,0,1
LGS1ORD0003607,C000483,2025-10-13 15:00:00,Male,49,Bronze,Lazada,Songkhla,1121,Home_Appliance,PureAir,True,4.0,Campaign,0.15,Web,PromptPay,2,12597.12,0.18,4534.96,20659.27,1,15,10,0,0,0
LGS1ORD0003608,C000115,2025-10-13 17:00:00,Male,47,Bronze,Shopee,Khon Kaen,770,Home_Appliance,HomePro,False,3.71,No Promotion,0.0,Web,Credit_Card,1,7337.35,0.03,220.12,7117.23,1,17,10,0,0,0
LGS1ORD0003609,C000664,2025-10-13 19:00:00,Female,38,Bronze,Lazada,Bangkok,499,Kitchen,ChefHome,False,4.13,Campaign,0.05,Web,Credit_Card,1,4996.32,0.08,399.71,4596.61,4,19,10,0,0,0
LGS1ORD0003610,C000712,2025-10-13 21:00:00,Female,37,Bronze,Web,Songkhla,1606,Fashion,FitStyle,False,3.69,No Promotion,0.0,Lazada,COD,1,808.5,0.03,24.25,784.24,5,21,10,0,0,0
LGS1ORD0003611,C001076,2025-10-13 23:00:00,Female,42,Platinum,TV,Bangkok,745,Health,WellPlus,False,4.32,Campaign,0.15,Shopee,COD,2,3314.62,0.25,1657.31,4971.93,5,23,10,0,0,0
LGS1ORD0003612,C000142,2025-10-14 00:00:00,Male,53,Platinum,TV,Bangkok,1108,Fashion,UrbanWear,True,3.68,Campaign,0.15,Web,COD,1,1858.83,0.25,464.71,1394.12,5,0,10,1,0,1
LGS1ORD0003613,C000211,2025-10-14 02:00:00,Male,46,Bronze,Lazada,Chonburi,1318,Fashion,SilkTouch,False,3.47,Clearance,0.25,CallCenter,COD,3,1913.96,0.28,1607.72,4134.15,3,2,10,1,0,1
LGS1ORD0003614,C001172,2025-10-14 04:00:00,Male,34,Gold,Lazada,Chonburi,667,Fashion,FitStyle,False,3.4,Campaign,0.05,Shopee,COD,2,2184.55,0.13,567.98,3801.12,3,4,10,1,0,1
LGS1ORD0003615,C000993,2025-10-14 06:00:00,Male,42,Silver,Lazada,Chiang Mai,1580,Fashion,FitStyle,False,3.46,Campaign,0.05,Web,COD,1,1342.21,0.1,134.22,1207.99,1,6,10,1,0,0
LGS1ORD0003616,C000769,2025-10-14 08:00:00,Male,32,Bronze,Shopee,Chiang Mai,956,Electronics,ShieldCase,False,3.69,Campaign,0.05,TV_Show,COD,1,7337.23,0.08,586.98,6750.25,3,8,10,1,0,0
LGS1ORD0003617,C000977,2025-10-14 10:00:00,Female,69,Bronze,TV,Songkhla,721,Cosmetics,FreshLook,False,4.0,Clearance,0.2,TV_Show,COD,2,2148.48,0.23,988.3,3308.67,3,10,10,1,0,0
LGS1ORD0003618,C000871,2025-10-14 12:00:00,Female,46,Bronze,Web,Chiang Mai,624,Kitchen,ChefHome,False,4.34,Clearance,0.2,Web,Bank_Transfer,1,4988.31,0.23,1147.31,3841.0,3,12,10,1,0,0
LGS1ORD0003619,C000431,2025-10-14 14:00:00,Male,56,Silver,CallCenter,Songkhla,1140,Electronics,NovaTech,True,3.5,No Promotion,0.0,Lazada,COD,3,5125.67,0.05,768.85,14608.17,4,14,10,1,0,0
LGS1ORD0003620,C001024,2025-10-14 16:00:00,Female,46,Bronze,Shopee,Bangkok,535,Kitchen,KitchenMax,False,4.01,Campaign,0.15,CallCenter,COD,2,3441.62,0.18,1238.98,5644.25,5,16,10,1,0,0
LGS1ORD0003621,C000991,2025-10-14 18:00:00,Female,42,Bronze,TV,Nakhon Ratchasima,1403,Fashion,SilkTouch,False,3.43,Campaign,0.15,Shopee,COD,4,1308.02,0.18,941.77,4290.29,3,18,10,1,0,1
LGS1ORD0003622,C000512,2025-10-14 19:00:00,Male,38,Bronze,CallCenter,Phuket,723,Home_Appliance,CleanMate,False,3.81,Campaign,0.05,TV_Show,COD,2,12034.18,0.08,1925.47,22142.88,4,19,10,1,0,1
LGS1ORD0003623,C000933,2025-10-14 21:00:00,Male,39,Gold,Shopee,Chiang Mai,1499,Home_Appliance,HomePro,True,3.82,Campaign,0.15,TV_Show,COD,2,2314.37,0.2299999999999999,1064.61,3564.12,4,21,10,1,0,0
LGS1ORD0003624,C001190,2025-10-14 23:00:00,Female,35,Gold,Lazada,Remote_Area,850,Kitchen,ChefHome,False,3.83,Clearance,0.2,Web,COD,1,2379.48,0.28,666.26,1713.23,3,23,10,1,0,0
LGS1ORD0003625,C000706,2025-10-15 01:00:00,Female,49,Bronze,Lazada,Khon Kaen,1259,Health,WellPlus,False,4.29,Campaign,0.15,Shopee,COD,4,2598.67,0.18,1871.04,8523.64,3,1,10,2,0,0
LGS1ORD0003626,C000568,2025-10-15 03:00:00,Female,43,Gold,Shopee,Nakhon Ratchasima,649,Electronics,ShieldCase,True,3.7,Clearance,0.25,Lazada,Credit_Card,1,9570.42,0.33,3158.24,6412.18,1,3,10,2,0,1
LGS1ORD0003627,C000221,2025-10-15 05:00:00,Female,42,Gold,Lazada,Chonburi,1571,Kitchen,CookEasy,False,3.98,Clearance,0.2,Shopee,COD,1,742.39,0.28,207.87,534.52,4,5,10,2,0,0
LGS1ORD0003628,C000911,2025-10-15 07:00:00,Female,55,Gold,CallCenter,Bangkok,1413,Electronics,ShieldCase,False,3.64,Campaign,0.15,Web,COD,1,1225.32,0.2299999999999999,281.82,943.5,3,7,10,2,0,1
LGS1ORD0003629,C000578,2025-10-15 09:00:00,Male,42,Gold,TV,Songkhla,478,Health,VitaLife,False,4.44,Campaign,0.1,Lazada,Credit_Card,1,1532.38,0.18,275.83,1256.55,1,9,10,2,0,0
LGS1ORD0003630,C000539,2025-10-15 11:00:00,Male,66,Silver,TV,Chiang Mai,566,Kitchen,ChefHome,False,3.68,Campaign,0.05,Lazada,COD,1,3196.07,0.1,319.61,2876.47,1,11,10,2,0,0
LGS1ORD0003631,C001150,2025-10-15 13:00:00,Female,55,Bronze,Lazada,Khon Kaen,520,Fashion,SilkTouch,False,3.75,Clearance,0.2,Shopee,COD,1,1554.52,0.23,357.54,1196.98,3,13,10,2,0,1
LGS1ORD0003632,C000641,2025-10-15 14:00:00,Male,57,Bronze,TV,Chonburi,383,Home_Appliance,HomePro,False,4.09,Campaign,0.05,Shopee,COD,1,13921.31,0.08,1113.7,12807.6,4,14,10,2,0,0
LGS1ORD0003633,C000500,2025-10-15 16:00:00,Male,47,Silver,Shopee,Bangkok,1273,Fashion,SilkTouch,False,3.43,Clearance,0.25,Lazada,PromptPay,1,1343.77,0.3,403.13,940.64,1,16,10,2,0,0
LGS1ORD0003634,C000023,2025-10-15 18:00:00,Male,46,Bronze,Shopee,Bangkok,378,Cosmetics,SunSafe,False,4.31,No Promotion,0.0,Web,COD,1,433.21,0.03,13.0,420.22,1,18,10,2,0,0
LGS1ORD0003635,C000147,2025-10-15 20:00:00,Female,32,Silver,Shopee,Nakhon Ratchasima,391,Health,MediCare,False,3.79,Clearance,0.25,CallCenter,COD,2,354.72,0.3,212.83,496.6,3,20,10,2,0,0
LGS1ORD0003636,C000658,2025-10-15 22:00:00,Male,42,Gold,Shopee,Bangkok,747,Fashion,SilkTouch,False,3.48,Campaign,0.15,Lazada,COD,2,1662.89,0.2299999999999999,764.93,2560.85,1,22,10,2,0,1
LGS1ORD0003637,C000234,2025-10-16 00:00:00,Male,26,Gold,Shopee,Bangkok,784,Fashion,SilkTouch,False,3.21,Campaign,0.15,TV_Show,COD,1,1905.46,0.2299999999999999,438.26,1467.21,3,0,10,3,0,1
LGS1ORD0003638,C001050,2025-10-16 02:00:00,Male,49,Bronze,Lazada,Chonburi,1392,Fashion,SilkTouch,False,3.43,Clearance,0.25,Shopee,COD,1,1255.27,0.28,351.48,903.8,1,2,10,3,0,1
LGS1ORD0003639,C000524,2025-10-16 04:00:00,Female,45,Platinum,CallCenter,Bangkok,1382,Home_Appliance,HomePro,False,4.04,No Promotion,0.0,Lazada,Bank_Transfer,1,6903.44,0.1,690.34,6213.1,1,4,10,3,0,0
LGS1ORD0003640,C000122,2025-10-16 06:00:00,Female,41,Bronze,TV,Remote_Area,970,Kitchen,CookEasy,False,4.01,Clearance,0.25,Shopee,Credit_Card,1,1851.84,0.28,518.52,1333.33,5,6,10,3,0,0
LGS1ORD0003641,C001179,2025-10-16 08:00:00,Female,35,Bronze,TV,Chonburi,1270,Fashion,FitStyle,False,3.18,Clearance,0.2,Shopee,COD,1,567.96,0.23,130.63,437.33,3,8,10,3,0,0
LGS1ORD0003642,C000842,2025-10-16 09:00:00,Female,35,Silver,TV,Khon Kaen,609,Health,VitaLife,False,4.16,Clearance,0.25,CallCenter,Bank_Transfer,2,3349.57,0.3,2009.74,4689.4,3,9,10,3,0,0
LGS1ORD0003643,C001118,2025-10-16 11:00:00,Female,44,Silver,Web,Chonburi,1013,Home_Appliance,CleanMate,False,4.47,No Promotion,0.0,Shopee,COD,4,14478.24,0.05,2895.65,55017.31,3,11,10,3,0,0
LGS1ORD0003644,C000731,2025-10-16 13:00:00,Male,40,Silver,Web,Bangkok,447,Home_Appliance,PureAir,True,4.2,Clearance,0.2,Web,Credit_Card,2,6602.28,0.25,3301.14,9903.42,3,13,10,3,0,0
LGS1ORD0003645,C000389,2025-10-16 15:00:00,Female,43,Bronze,Shopee,Khon Kaen,916,Electronics,NovaTech,False,4.03,No Promotion,0.0,TV_Show,COD,1,8640.21,0.03,259.21,8381.0,1,15,10,3,0,1
LGS1ORD0003646,C000926,2025-10-16 17:00:00,Male,56,Bronze,TV,Songkhla,718,Fashion,UrbanWear,False,3.48,Campaign,0.05,Web,Credit_Card,3,775.07,0.08,186.02,2139.18,1,17,10,3,0,1
LGS1ORD0003647,C000805,2025-10-16 19:00:00,Male,55,Silver,Shopee,Khon Kaen,1345,Health,WellPlus,True,4.22,Campaign,0.1,Shopee,PromptPay,2,4354.8,0.15,1306.44,7403.15,1,19,10,3,0,0
LGS1ORD0003648,C000160,2025-10-16 21:00:00,Female,59,Silver,TV,Khon Kaen,408,Health,MediCare,False,4.35,Campaign,0.1,CallCenter,COD,3,3342.9,0.15,1504.3,8524.39,3,21,10,3,0,0
LGS1ORD0003649,C000475,2025-10-16 23:00:00,Female,48,Silver,Shopee,Bangkok,1475,Fashion,FitStyle,False,3.59,Campaign,0.05,Lazada,COD,1,420.8,0.1,42.08,378.72,5,23,10,3,0,1
LGS1ORD0003650,C000837,2025-10-17 01:00:00,Male,28,Platinum,TV,Bangkok,376,Home_Appliance,PureAir,False,4.02,Campaign,0.05,TV_Show,COD,3,12485.22,0.15,5618.35,31837.32,4,1,10,4,0,0
LGS1ORD0003651,C000444,2025-10-17 03:00:00,Male,34,Gold,Shopee,Phuket,1391,Kitchen,CookEasy,False,3.98,Clearance,0.25,CallCenter,PromptPay,1,727.89,0.33,240.21,487.69,3,3,10,4,0,0
LGS1ORD0003652,C001007,2025-10-17 04:00:00,Female,52,Silver,CallCenter,Nakhon Ratchasima,415,Electronics,GadgetWorld,True,3.82,Campaign,0.05,Web,COD,3,11372.42,0.1,3411.73,30705.53,3,4,10,4,0,0
LGS1ORD0003653,C001200,2025-10-17 06:00:00,Female,41,Silver,Web,Bangkok,408,Kitchen,ChefHome,True,3.63,Campaign,0.15,Lazada,Credit_Card,1,350.65,0.2,70.13,280.52,3,6,10,4,0,0
LGS1ORD0003654,C000845,2025-10-17 08:00:00,Female,45,Bronze,Shopee,Chiang Mai,1736,Cosmetics,SunSafe,False,3.75,Campaign,0.1,CallCenter,COD,1,2280.93,0.13,296.52,1984.41,3,8,10,4,0,1
LGS1ORD0003655,C000447,2025-10-17 10:00:00,Female,54,Platinum,TV,Bangkok,1144,Fashion,SilkTouch,True,3.4,Campaign,0.05,Web,Credit_Card,1,1562.04,0.15,234.31,1327.73,5,10,10,4,0,0
LGS1ORD0003656,C001111,2025-10-17 12:00:00,Male,29,Silver,TV,Bangkok,675,Electronics,NovaTech,False,3.75,Campaign,0.05,CallCenter,PromptPay,2,10149.23,0.1,2029.85,18268.61,1,12,10,4,0,0
LGS1ORD0003657,C001195,2025-10-17 14:00:00,Female,35,Bronze,TV,Bangkok,1041,Electronics,ShieldCase,False,3.9,Campaign,0.15,Shopee,PromptPay,2,1945.52,0.18,700.39,3190.65,4,14,10,4,0,0
LGS1ORD0003658,C000150,2025-10-17 16:00:00,Female,43,Platinum,TV,Phuket,1587,Electronics,ShieldCase,False,3.82,No Promotion,0.0,Shopee,Bank_Transfer,1,7498.43,0.1,749.84,6748.59,3,16,10,4,0,1
LGS1ORD0003659,C000627,2025-10-17 18:00:00,Female,51,Silver,CallCenter,Nakhon Ratchasima,946,Cosmetics,Beauty Lab,False,3.89,No Promotion,0.0,Lazada,Bank_Transfer,2,1014.26,0.05,101.43,1927.09,3,18,10,4,0,0
LGS1ORD0003660,C000289,2025-10-17 20:00:00,Male,66,Gold,Web,Remote_Area,1092,Home_Appliance,HomePro,False,4.09,Campaign,0.05,TV_Show,COD,2,15039.28,0.13,3910.21,26168.35,1,20,10,4,0,0
LGS1ORD0003661,C000638,2025-10-17 22:00:00,Female,35,Silver,Lazada,Remote_Area,1378,Fashion,UrbanWear,False,3.72,Campaign,0.15,TV_Show,PromptPay,1,2637.74,0.2,527.55,2110.19,1,22,10,4,0,0
LGS1ORD0003662,C000159,2025-10-17 23:00:00,Female,42,Bronze,CallCenter,Songkhla,1663,Cosmetics,SunSafe,False,4.09,Clearance,0.25,TV_Show,Credit_Card,1,2219.87,0.28,621.56,1598.31,5,23,10,4,0,0
LGS1ORD0003663,C000224,2025-10-18 01:00:00,Male,46,Bronze,Web,Bangkok,1650,Kitchen,KitchenMax,False,4.07,Campaign,0.05,Lazada,COD,2,3600.04,0.08,576.01,6624.07,1,1,10,5,1,0
LGS1ORD0003664,C001151,2025-10-18 03:00:00,Male,36,Silver,Web,Bangkok,1367,Kitchen,KitchenMax,True,3.98,Campaign,0.15,Web,COD,1,2852.74,0.2,570.55,2282.19,1,3,10,5,1,0
LGS1ORD0003665,C000261,2025-10-18 05:00:00,Male,50,Gold,Shopee,Bangkok,535,Kitchen,ChefHome,True,3.95,Campaign,0.05,Web,Credit_Card,1,1274.16,0.13,165.64,1108.52,5,5,10,5,1,0
LGS1ORD0003666,C000272,2025-10-18 07:00:00,Female,43,Platinum,CallCenter,Chonburi,1590,Electronics,NovaTech,True,3.94,Clearance,0.2,TV_Show,Credit_Card,1,11462.21,0.3,3438.66,8023.54,1,7,10,5,1,0
LGS1ORD0003667,C000130,2025-10-18 09:00:00,Female,53,Gold,Web,Bangkok,1645,Fashion,UrbanWear,False,3.6,Clearance,0.25,TV_Show,COD,2,2374.91,0.33,1567.44,3182.38,4,9,10,5,1,0
LGS1ORD0003668,C001043,2025-10-18 11:00:00,Male,32,Silver,Shopee,Bangkok,735,Electronics,NovaTech,False,3.81,Campaign,0.15,Shopee,Bank_Transfer,1,10351.74,0.2,2070.35,8281.39,1,11,10,5,1,0
LGS1ORD0003669,C000671,2025-10-18 13:00:00,Female,22,Gold,Shopee,Bangkok,1275,Kitchen,ChefHome,False,4.27,Clearance,0.25,Web,Credit_Card,1,4396.61,0.33,1450.88,2945.73,1,13,10,5,1,0
LGS1ORD0003670,C000994,2025-10-18 15:00:00,Male,47,Bronze,Shopee,Bangkok,996,Home_Appliance,PureAir,True,4.21,No Promotion,0.0,TV_Show,COD,3,13423.67,0.03,1208.13,39062.88,5,15,10,5,1,0
LGS1ORD0003671,C000507,2025-10-18 17:00:00,Male,49,Bronze,Lazada,Phuket,1745,Fashion,UrbanWear,False,3.69,No Promotion,0.0,Shopee,COD,2,2267.3,0.03,136.04,4398.57,3,17,10,5,1,0
LGS1ORD0003672,C001084,2025-10-18 18:00:00,Male,47,Bronze,Shopee,Chiang Mai,1307,Home_Appliance,HomePro,True,4.16,Clearance,0.2,TV_Show,COD,1,8613.69,0.23,1981.15,6632.54,5,18,10,5,1,0
LGS1ORD0003673,C000979,2025-10-18 20:00:00,Male,51,Bronze,TV,Khon Kaen,1026,Fashion,UrbanWear,False,3.45,Campaign,0.15,CallCenter,COD,1,1198.29,0.18,215.69,982.6,3,20,10,5,1,1
LGS1ORD0003674,C000862,2025-10-18 22:00:00,Female,39,Silver,TV,Khon Kaen,1632,Home_Appliance,PureAir,True,4.04,Campaign,0.15,Web,COD,1,7633.85,0.2,1526.77,6107.08,1,22,10,5,1,0
LGS1ORD0003675,C000862,2025-10-19 00:00:00,Female,39,Silver,TV,Khon Kaen,1633,Home_Appliance,HomePro,True,3.82,Campaign,0.15,TV_Show,COD,2,2229.86,0.2,891.95,3567.78,1,0,10,6,1,1
LGS1ORD0003676,C001003,2025-10-19 02:00:00,Male,38,Gold,Web,Chonburi,408,Home_Appliance,CleanMate,False,4.14,No Promotion,0.0,Lazada,PromptPay,1,12226.28,0.08,978.1,11248.17,3,2,10,6,1,0
LGS1ORD0003677,C000596,2025-10-19 04:00:00,Male,55,Silver,TV,Bangkok,1261,Health,VitaLife,False,4.35,Campaign,0.05,Web,COD,3,1596.38,0.1,478.91,4310.23,1,4,10,6,1,0
LGS1ORD0003678,C000754,2025-10-19 06:00:00,Female,32,Gold,Web,Bangkok,453,Cosmetics,SunSafe,False,4.25,Campaign,0.05,Web,COD,3,1268.88,0.13,494.86,3311.78,1,6,10,6,1,0
LGS1ORD0003679,C000068,2025-10-19 08:00:00,Female,35,Gold,Web,Chonburi,748,Health,VitaLife,True,3.9,No Promotion,0.0,Web,Credit_Card,1,863.89,0.08,69.11,794.78,1,8,10,6,1,0
LGS1ORD0003680,C001049,2025-10-19 10:00:00,Male,53,Bronze,Shopee,Remote_Area,739,Electronics,NovaTech,False,3.77,Campaign,0.15,Lazada,COD,2,5886.58,0.18,2119.17,9653.98,3,10,10,6,1,1
LGS1ORD0003681,C000230,2025-10-19 12:00:00,Male,29,Bronze,Lazada,Nakhon Ratchasima,1435,Kitchen,ChefHome,False,4.2,Campaign,0.1,TV_Show,COD,1,3504.81,0.13,455.63,3049.19,3,12,10,6,1,0
LGS1ORD0003682,C000442,2025-10-19 14:00:00,Male,51,Bronze,Shopee,Bangkok,952,Home_Appliance,CleanMate,False,4.05,Clearance,0.2,Web,COD,1,9767.16,0.23,2246.45,7520.71,3,14,10,6,1,0
LGS1ORD0003683,C000706,2025-10-19 15:00:00,Female,49,Bronze,Lazada,Khon Kaen,1263,Fashion,UrbanWear,True,3.77,Clearance,0.2,TV_Show,COD,1,1780.88,0.23,409.6,1371.28,1,15,10,6,1,1
LGS1ORD0003684,C000154,2025-10-19 17:00:00,Male,35,Gold,Shopee,Bangkok,518,Home_Appliance,PureAir,False,4.2,Clearance,0.25,Web,Credit_Card,1,14097.83,0.33,4652.29,9445.55,5,17,10,6,1,0
LGS1ORD0003685,C000408,2025-10-19 19:00:00,Female,45,Bronze,CallCenter,Chiang Mai,1518,Health,MediCare,False,4.35,Campaign,0.05,Lazada,COD,2,3698.78,0.08,591.8,6805.75,1,19,10,6,1,0
LGS1ORD0003686,C000971,2025-10-19 21:00:00,Male,40,Bronze,Web,Chonburi,539,Home_Appliance,PureAir,True,4.25,Campaign,0.15,TV_Show,COD,1,15024.82,0.18,2704.47,12320.36,4,21,10,6,1,0
LGS1ORD0003687,C000550,2025-10-19 23:00:00,Female,41,Silver,CallCenter,Nakhon Ratchasima,1180,Fashion,FitStyle,False,3.48,Clearance,0.2,TV_Show,COD,2,1776.53,0.25,888.26,2664.79,3,23,10,6,1,1
LGS1ORD0003688,C000649,2025-10-20 01:00:00,Male,52,Silver,Lazada,Khon Kaen,562,Cosmetics,Beauty Lab,False,4.11,No Promotion,0.0,TV_Show,COD,3,1626.7,0.05,244.01,4636.1,5,1,10,0,0,0
LGS1ORD0003689,C001127,2025-10-20 03:00:00,Female,44,Gold,Web,Bangkok,1067,Electronics,ShieldCase,False,3.54,Campaign,0.05,TV_Show,PromptPay,2,4959.53,0.13,1289.48,8629.59,5,3,10,0,0,0
LGS1ORD0003690,C000720,2025-10-20 05:00:00,Other,38,Bronze,Lazada,Bangkok,403,Kitchen,KitchenMax,True,3.84,Campaign,0.05,Lazada,COD,4,5140.68,0.08,1645.02,18917.72,5,5,10,0,0,0
LGS1ORD0003691,C000670,2025-10-20 07:00:00,Other,53,Silver,TV,Chiang Mai,1732,Fashion,UrbanWear,False,3.81,Campaign,0.15,Lazada,COD,2,1860.98,0.2,744.39,2977.57,1,7,10,0,0,0
LGS1ORD0003692,C000086,2025-10-20 09:00:00,Male,63,Bronze,TV,Phuket,1649,Home_Appliance,CleanMate,True,4.1,No Promotion,0.0,CallCenter,Credit_Card,2,1349.94,0.03,81.0,2618.88,1,9,10,0,0,1
LGS1ORD0003693,C000129,2025-10-20 10:00:00,Female,25,Bronze,Shopee,Bangkok,1246,Fashion,FitStyle,False,3.53,Campaign,0.15,Shopee,COD,2,1929.28,0.18,694.54,3164.03,5,10,10,0,0,1
LGS1ORD0003694,C000834,2025-10-20 12:00:00,Male,58,Silver,Lazada,Chonburi,1382,Home_Appliance,CleanMate,True,3.75,Campaign,0.15,Web,COD,2,5260.93,0.2,2104.37,8417.48,3,12,10,0,0,0
LGS1ORD0003695,C000024,2025-10-20 14:00:00,Male,26,Bronze,Shopee,Songkhla,561,Electronics,NovaTech,True,3.5,Clearance,0.2,CallCenter,COD,1,5628.41,0.23,1294.53,4333.88,5,14,10,0,0,1
LGS1ORD0003696,C000757,2025-10-20 16:00:00,Male,35,Bronze,TV,Remote_Area,790,Cosmetics,FreshLook,False,4.16,Campaign,0.05,CallCenter,Bank_Transfer,1,2178.1,0.08,174.25,2003.85,4,16,10,0,0,0
LGS1ORD0003697,C000400,2025-10-20 18:00:00,Male,24,Bronze,Lazada,Chonburi,1717,Kitchen,CookEasy,False,3.98,No Promotion,0.0,Shopee,COD,4,788.19,0.03,94.58,3058.19,4,18,10,0,0,0
LGS1ORD0003698,C000633,2025-10-20 20:00:00,Female,47,Gold,Web,Bangkok,696,Electronics,GadgetWorld,False,4.05,Clearance,0.2,Shopee,Credit_Card,1,4165.5,0.28,1166.34,2999.16,3,20,10,0,0,0
LGS1ORD0003699,C000735,2025-10-20 22:00:00,Female,38,Bronze,Web,Chonburi,1401,Health,VitaLife,False,4.16,Campaign,0.15,TV_Show,Credit_Card,2,3365.97,0.18,1211.75,5520.18,3,22,10,0,0,0
LGS1ORD0003700,C000184,2025-10-21 00:00:00,Male,18,Platinum,Shopee,Chiang Mai,1293,Electronics,ShieldCase,False,3.77,Campaign,0.05,CallCenter,PromptPay,2,2649.59,0.15,794.88,4504.3,4,0,10,1,0,0
LGS1ORD0003701,C000334,2025-10-21 02:00:00,Male,56,Bronze,TV,Remote_Area,1679,Electronics,GadgetWorld,False,3.81,No Promotion,0.0,CallCenter,COD,2,500.52,0.03,30.03,971.01,3,2,10,1,0,1
LGS1ORD0003702,C000418,2025-10-21 04:00:00,Female,48,Gold,Web,Nakhon Ratchasima,920,Fashion,UrbanWear,False,3.49,Clearance,0.2,Shopee,COD,2,497.57,0.28,278.64,716.5,3,4,10,1,0,0
LGS1ORD0003703,C000250,2025-10-21 05:00:00,Male,40,Silver,TV,Chonburi,1136,Electronics,ShieldCase,True,4.33,Campaign,0.15,TV_Show,COD,2,4541.9,0.2,1816.76,7267.04,1,5,10,1,0,1
LGS1ORD0003704,C000540,2025-10-21 07:00:00,Female,37,Bronze,Web,Bangkok,1607,Cosmetics,Beauty Lab,True,4.08,No Promotion,0.0,TV_Show,PromptPay,1,565.33,0.03,16.96,548.37,4,7,10,1,0,0
LGS1ORD0003705,C000298,2025-10-21 09:00:00,Female,49,Silver,Shopee,Khon Kaen,670,Fashion,FitStyle,False,3.41,Clearance,0.2,Lazada,Bank_Transfer,1,570.92,0.25,142.73,428.19,3,9,10,1,0,0
LGS1ORD0003706,C000431,2025-10-21 11:00:00,Male,56,Silver,CallCenter,Songkhla,1147,Cosmetics,FreshLook,False,4.16,Campaign,0.05,Web,PromptPay,1,2095.1,0.1,209.51,1885.59,1,11,10,1,0,0
LGS1ORD0003707,C000432,2025-10-21 13:00:00,Female,45,Bronze,Web,Songkhla,705,Electronics,ShieldCase,False,3.84,Campaign,0.15,CallCenter,Bank_Transfer,2,1007.26,0.18,362.61,1651.9,1,13,10,1,0,0
LGS1ORD0003708,C000988,2025-10-21 15:00:00,Female,48,Bronze,CallCenter,Chonburi,575,Fashion,FitStyle,False,3.7,Clearance,0.25,Shopee,COD,1,544.35,0.28,152.42,391.93,4,15,10,1,0,0
LGS1ORD0003709,C000490,2025-10-21 17:00:00,Male,36,Bronze,Web,Bangkok,1101,Kitchen,KitchenMax,False,4.09,Clearance,0.25,CallCenter,COD,1,5208.12,0.28,1458.27,3749.84,4,17,10,1,0,0
LGS1ORD0003710,C000909,2025-10-21 19:00:00,Male,43,Gold,Shopee,Chonburi,1565,Home_Appliance,CleanMate,False,4.14,Campaign,0.05,Shopee,COD,1,12838.03,0.13,1668.94,11169.09,1,19,10,1,0,0
LGS1ORD0003711,C000237,2025-10-21 21:00:00,Male,59,Gold,Shopee,Nakhon Ratchasima,1634,Health,VitaLife,True,4.05,Campaign,0.15,Shopee,COD,4,3484.43,0.2299999999999999,3205.67,10732.03,3,21,10,1,0,1
LGS1ORD0003712,C000961,2025-10-21 23:00:00,Female,58,Silver,Lazada,Chiang Mai,336,Fashion,UrbanWear,False,3.6,Clearance,0.25,Lazada,Credit_Card,1,805.89,0.3,241.77,564.12,1,23,10,1,0,0
LGS1ORD0003713,C000063,2025-10-22 00:00:00,Female,42,Silver,Lazada,Songkhla,1500,Home_Appliance,CleanMate,True,4.1,No Promotion,0.0,CallCenter,Credit_Card,1,1233.06,0.05,61.65,1171.41,3,0,10,2,0,0
LGS1ORD0003714,C000134,2025-10-22 02:00:00,Female,39,Bronze,Shopee,Bangkok,1514,Cosmetics,Beauty Lab,False,3.76,Clearance,0.2,CallCenter,COD,2,1797.1,0.23,826.67,2767.53,1,2,10,2,0,1
LGS1ORD0003715,C000534,2025-10-22 04:00:00,Female,43,Bronze,CallCenter,Chiang Mai,1717,Home_Appliance,HomePro,True,3.82,No Promotion,0.0,TV_Show,Bank_Transfer,2,2269.23,0.03,136.15,4402.3,4,4,10,2,0,0
LGS1ORD0003716,C000735,2025-10-22 06:00:00,Female,38,Bronze,Web,Chonburi,1403,Electronics,NovaTech,False,3.87,Clearance,0.2,Shopee,Credit_Card,1,1912.77,0.23,439.94,1472.84,4,6,10,2,0,0
LGS1ORD0003717,C000104,2025-10-22 08:00:00,Other,61,Silver,Shopee,Bangkok,397,Electronics,ShieldCase,True,3.43,No Promotion,0.0,TV_Show,Credit_Card,3,5484.1,0.05,822.61,15629.68,5,8,10,2,0,0
LGS1ORD0003718,C000690,2025-10-22 10:00:00,Male,62,Silver,Lazada,Bangkok,1146,Electronics,GadgetWorld,False,3.8,Campaign,0.15,TV_Show,PromptPay,2,9791.93,0.2,3916.77,15667.09,5,10,10,2,0,0
LGS1ORD0003719,C000885,2025-10-22 12:00:00,Male,38,Bronze,Shopee,Remote_Area,840,Cosmetics,Beauty Lab,False,3.76,Clearance,0.2,CallCenter,COD,2,1667.39,0.23,767.0,2567.79,1,12,10,2,0,0
LGS1ORD0003720,C000461,2025-10-22 14:00:00,Male,37,Silver,TV,Khon Kaen,1271,Home_Appliance,PureAir,False,4.16,Campaign,0.15,Shopee,Credit_Card,1,9246.6,0.2,1849.32,7397.28,1,14,10,2,0,0
LGS1ORD0003721,C000591,2025-10-22 16:00:00,Female,43,Bronze,Lazada,Bangkok,1178,Cosmetics,FreshLook,False,4.12,Campaign,0.15,Web,PromptPay,1,185.31,0.18,33.36,151.96,3,16,10,2,0,0
LGS1ORD0003722,C000559,2025-10-22 18:00:00,Female,30,Bronze,Lazada,Bangkok,621,Home_Appliance,HomePro,False,4.05,Campaign,0.15,Web,COD,3,6028.03,0.18,3255.14,14828.95,5,18,10,2,0,0
LGS1ORD0003723,C000985,2025-10-22 19:00:00,Female,45,Bronze,Web,Bangkok,1152,Fashion,FitStyle,False,3.59,Clearance,0.2,Web,Bank_Transfer,3,1819.25,0.23,1255.28,4202.47,1,19,10,2,0,0
LGS1ORD0003724,C000867,2025-10-22 21:00:00,Male,45,Bronze,Shopee,Remote_Area,1654,Home_Appliance,CleanMate,True,3.71,Campaign,0.15,Web,COD,4,9192.71,0.18,6618.75,30152.09,1,21,10,2,0,0
LGS1ORD0003725,C001045,2025-10-22 23:00:00,Male,54,Silver,Shopee,Songkhla,927,Health,VitaLife,False,4.39,No Promotion,0.0,Web,Bank_Transfer,1,2547.96,0.05,127.4,2420.56,4,23,10,2,0,0
LGS1ORD0003726,C000368,2025-10-23 01:00:00,Male,54,Silver,CallCenter,Chonburi,946,Electronics,GadgetWorld,False,3.61,Clearance,0.2,Shopee,COD,3,5013.43,0.25,3760.07,11280.22,4,1,10,3,0,1
LGS1ORD0003727,C000105,2025-10-23 03:00:00,Male,46,Silver,TV,Khon Kaen,788,Fashion,UrbanWear,False,3.81,Campaign,0.15,CallCenter,Credit_Card,1,1979.9,0.2,395.98,1583.92,4,3,10,3,0,0
LGS1ORD0003728,C001000,2025-10-23 05:00:00,Male,33,Bronze,CallCenter,Bangkok,1470,Health,MediCare,True,4.26,No Promotion,0.0,CallCenter,COD,2,4489.51,0.03,269.37,8709.64,1,5,10,3,0,0
LGS1ORD0003729,C000216,2025-10-23 07:00:00,Male,43,Bronze,CallCenter,Nakhon Ratchasima,919,Home_Appliance,PureAir,False,4.25,Clearance,0.2,Web,Bank_Transfer,2,8168.97,0.23,3757.72,12580.21,1,7,10,3,0,0
LGS1ORD0003730,C000982,2025-10-23 09:00:00,Female,43,Bronze,Web,Chonburi,1503,Cosmetics,FreshLook,False,3.94,No Promotion,0.0,Lazada,COD,1,393.19,0.03,11.8,381.39,3,9,10,3,0,0
LGS1ORD0003731,C000555,2025-10-23 11:00:00,Female,30,Silver,TV,Chonburi,1330,Health,VitaLife,False,4.39,Campaign,0.1,TV_Show,COD,2,2622.39,0.15,786.72,4458.06,1,11,10,3,0,0
LGS1ORD0003732,C001064,2025-10-23 13:00:00,Male,37,Gold,Shopee,Remote_Area,1632,Kitchen,ChefHome,False,4.38,Campaign,0.05,TV_Show,COD,1,4943.54,0.13,642.66,4300.88,4,13,10,3,0,1
LGS1ORD0003733,C000447,2025-10-23 14:00:00,Female,54,Platinum,TV,Bangkok,1150,Fashion,FitStyle,False,3.53,Campaign,0.1,CallCenter,Credit_Card,2,1775.57,0.2,710.23,2840.91,3,14,10,3,0,0
LGS1ORD0003734,C000659,2025-10-23 16:00:00,Female,29,Bronze,TV,Remote_Area,375,Kitchen,ChefHome,True,3.95,Campaign,0.05,Web,Credit_Card,1,1279.28,0.08,102.34,1176.94,3,16,10,3,0,0
LGS1ORD0003735,C000441,2025-10-23 18:00:00,Female,18,Platinum,Web,Khon Kaen,1681,Home_Appliance,PureAir,True,4.0,Campaign,0.1,TV_Show,Credit_Card,1,14905.11,0.2,2981.02,11924.08,3,18,10,3,0,0
LGS1ORD0003736,C000467,2025-10-23 20:00:00,Male,41,Bronze,CallCenter,Bangkok,1139,Health,MediCare,False,4.24,Clearance,0.25,Shopee,COD,1,1543.85,0.28,432.28,1111.57,5,20,10,3,0,1
LGS1ORD0003737,C000687,2025-10-23 22:00:00,Female,48,Silver,Web,Chiang Mai,1675,Kitchen,KitchenMax,False,3.83,Clearance,0.2,Web,PromptPay,1,4034.37,0.25,1008.59,3025.78,3,22,10,3,0,0
LGS1ORD0003738,C001006,2025-10-24 00:00:00,Male,45,Bronze,Lazada,Chiang Mai,635,Electronics,NovaTech,True,3.94,No Promotion,0.0,Lazada,COD,2,1073.99,0.03,64.44,2083.54,5,0,10,4,0,1
LGS1ORD0003739,C000677,2025-10-24 02:00:00,Female,52,Gold,Lazada,Bangkok,1060,Cosmetics,Beauty Lab,False,4.04,No Promotion,0.0,Shopee,Credit_Card,1,2090.37,0.08,167.23,1923.14,5,2,10,4,0,0
LGS1ORD0003740,C000841,2025-10-24 04:00:00,Female,50,Gold,Web,Remote_Area,359,Electronics,NovaTech,False,3.6,Clearance,0.2,Lazada,COD,2,8881.7,0.28,4973.75,12789.65,1,4,10,4,0,1
LGS1ORD0003741,C000542,2025-10-24 06:00:00,Male,53,Platinum,TV,Nakhon Ratchasima,1133,Electronics,NovaTech,True,3.46,Clearance,0.2,Web,COD,1,7506.64,0.3,2251.99,5254.65,1,6,10,4,0,0
LGS1ORD0003742,C000197,2025-10-24 08:00:00,Male,27,Bronze,Shopee,Remote_Area,388,Fashion,FitStyle,False,4.0,Campaign,0.05,Web,PromptPay,1,2484.46,0.08,198.76,2285.7,1,8,10,4,0,1
LGS1ORD0003743,C000492,2025-10-24 09:00:00,Female,43,Silver,Lazada,Nakhon Ratchasima,753,Fashion,UrbanWear,False,3.61,Clearance,0.2,TV_Show,COD,3,1597.73,0.25,1198.29,3594.88,5,9,10,4,0,1
LGS1ORD0003744,C001040,2025-10-24 11:00:00,Female,50,Silver,Web,Chiang Mai,316,Electronics,NovaTech,False,4.12,Campaign,0.1,CallCenter,COD,1,9947.79,0.15,1492.17,8455.62,5,11,10,4,0,1
LGS1ORD0003745,C000551,2025-10-24 13:00:00,Male,56,Silver,Lazada,Bangkok,1660,Cosmetics,Beauty Lab,False,3.82,Campaign,0.05,Lazada,COD,1,1789.76,0.1,178.98,1610.78,5,13,10,4,0,0
LGS1ORD0003746,C001015,2025-10-24 15:00:00,Female,32,Platinum,TV,Bangkok,555,Electronics,NovaTech,False,3.7,Campaign,0.15,Shopee,PromptPay,3,5971.46,0.25,4478.6,13435.79,4,15,10,4,0,0
LGS1ORD0003747,C001049,2025-10-24 17:00:00,Male,53,Bronze,Shopee,Remote_Area,744,Home_Appliance,CleanMate,True,4.08,Clearance,0.25,TV_Show,PromptPay,3,13675.54,0.28,11487.46,29539.17,5,17,10,4,0,0
LGS1ORD0003748,C001109,2025-10-24 19:00:00,Male,31,Bronze,Shopee,Chiang Mai,511,Kitchen,KitchenMax,True,4.03,No Promotion,0.0,Web,COD,1,5369.14,0.03,161.07,5208.06,5,19,10,4,0,0
LGS1ORD0003749,C001012,2025-10-24 21:00:00,Male,44,Gold,CallCenter,Remote_Area,1292,Home_Appliance,HomePro,True,4.33,Clearance,0.25,Lazada,COD,2,10010.82,0.33,6607.14,13414.5,1,21,10,4,0,0
LGS1ORD0003750,C001130,2025-10-24 23:00:00,Male,37,Bronze,TV,Bangkok,1711,Electronics,GadgetWorld,False,4.05,No Promotion,0.0,Lazada,COD,1,3980.82,0.03,119.42,3861.4,4,23,10,4,0,0
LGS1ORD0003751,C000310,2025-10-25 01:00:00,Female,64,Bronze,TV,Nakhon Ratchasima,1031,Electronics,NovaTech,False,3.87,Campaign,0.15,Web,COD,2,2033.55,0.18,732.08,3335.02,3,1,10,5,1,0
LGS1ORD0003752,C000862,2025-10-25 03:00:00,Female,39,Silver,TV,Khon Kaen,1639,Cosmetics,FreshLook,False,4.0,No Promotion,0.0,TV_Show,PromptPay,4,367.8,0.05,73.56,1397.62,1,3,10,5,1,0
LGS1ORD0003753,C000668,2025-10-25 04:00:00,Male,42,Silver,Shopee,Phuket,1459,Fashion,SilkTouch,False,3.62,Campaign,0.15,CallCenter,PromptPay,1,1827.43,0.2,365.49,1461.94,3,4,10,5,1,0
LGS1ORD0003754,C000120,2025-10-25 06:00:00,Male,48,Platinum,Web,Songkhla,1077,Health,MediCare,False,4.24,Campaign,0.15,Lazada,Credit_Card,1,1601.66,0.25,400.42,1201.25,3,6,10,5,1,0
LGS1ORD0003755,C000042,2025-10-25 08:00:00,Female,54,Silver,CallCenter,Songkhla,1571,Cosmetics,FreshLook,False,4.31,Campaign,0.15,TV_Show,COD,3,2059.58,0.2,1235.75,4942.99,1,8,10,5,1,0
LGS1ORD0003756,C000997,2025-10-25 10:00:00,Male,42,Silver,TV,Phuket,1245,Kitchen,ChefHome,False,4.15,No Promotion,0.0,Web,COD,2,4455.86,0.05,445.59,8466.14,1,10,10,5,1,0
LGS1ORD0003757,C000540,2025-10-25 12:00:00,Female,37,Bronze,Web,Bangkok,1611,Kitchen,ChefHome,False,3.83,Clearance,0.2,Web,COD,1,2178.0,0.23,500.94,1677.06,5,12,10,5,1,0
LGS1ORD0003758,C000557,2025-10-25 14:00:00,Female,23,Bronze,Shopee,Bangkok,1188,Fashion,FitStyle,False,3.51,Clearance,0.2,TV_Show,COD,1,818.05,0.23,188.15,629.9,1,14,10,5,1,1
LGS1ORD0003759,C000359,2025-10-25 16:00:00,Female,43,Silver,TV,Bangkok,1067,Cosmetics,Beauty Lab,False,4.15,Campaign,0.15,Web,COD,4,1160.63,0.2,928.5,3714.01,5,16,10,5,1,0
LGS1ORD0003760,C000380,2025-10-25 18:00:00,Female,45,Gold,CallCenter,Chonburi,794,Kitchen,ChefHome,False,4.2,Campaign,0.05,CallCenter,COD,1,3290.48,0.13,427.76,2862.72,3,18,10,5,1,0
LGS1ORD0003761,C000196,2025-10-25 20:00:00,Male,25,Silver,Lazada,Bangkok,1406,Kitchen,CookEasy,False,4.01,Campaign,0.1,TV_Show,COD,2,1753.11,0.15,525.93,2980.29,5,20,10,5,1,0
LGS1ORD0003762,C000843,2025-10-25 22:00:00,Male,62,Bronze,Shopee,Bangkok,941,Health,WellPlus,False,4.38,Clearance,0.25,Shopee,Bank_Transfer,1,1049.23,0.28,293.78,755.44,3,22,10,5,1,1
LGS1ORD0003763,C000123,2025-10-25 23:00:00,Male,20,Silver,TV,Bangkok,313,Electronics,NovaTech,False,3.92,No Promotion,0.0,TV_Show,Credit_Card,1,8304.51,0.05,415.23,7889.29,5,23,10,5,1,0
LGS1ORD0003764,C000972,2025-10-26 01:00:00,Female,59,Silver,Shopee,Chiang Mai,598,Home_Appliance,CleanMate,True,3.85,No Promotion,0.0,CallCenter,COD,3,5258.9,0.05,788.84,14987.88,4,1,10,6,1,0
LGS1ORD0003765,C000213,2025-10-26 03:00:00,Female,54,Gold,Lazada,Bangkok,667,Kitchen,ChefHome,False,4.02,Campaign,0.15,CallCenter,COD,4,671.46,0.2299999999999999,617.75,2068.1,1,3,10,6,1,0
LGS1ORD0003766,C000831,2025-10-26 05:00:00,Male,60,Bronze,TV,Bangkok,1199,Home_Appliance,CleanMate,False,4.14,No Promotion,0.0,TV_Show,PromptPay,1,13060.74,0.03,391.82,12668.91,1,5,10,6,1,0
LGS1ORD0003767,C001064,2025-10-26 07:00:00,Male,37,Gold,Shopee,Remote_Area,1635,Health,MediCare,False,4.37,Campaign,0.05,Web,PromptPay,1,3532.25,0.13,459.19,3073.06,1,7,10,6,1,0
LGS1ORD0003768,C001054,2025-10-26 09:00:00,Male,44,Silver,Web,Chiang Mai,856,Home_Appliance,PureAir,True,4.04,Campaign,0.1,Lazada,Credit_Card,3,7976.0,0.15,3589.2,20338.8,3,9,10,6,1,0
LGS1ORD0003769,C001059,2025-10-26 11:00:00,Male,42,Bronze,TV,Songkhla,919,Home_Appliance,CleanMate,False,4.47,Campaign,0.1,Shopee,COD,1,14722.75,0.13,1913.96,12808.79,1,11,10,6,1,0
LGS1ORD0003770,C000823,2025-10-26 13:00:00,Male,44,Platinum,CallCenter,Bangkok,967,Health,MediCare,False,4.34,Campaign,0.05,Shopee,Credit_Card,2,1784.69,0.15,535.41,3033.97,3,13,10,6,1,0
LGS1ORD0003771,C000478,2025-10-26 15:00:00,Female,42,Bronze,Shopee,Chonburi,390,Home_Appliance,PureAir,True,4.11,Campaign,0.1,TV_Show,COD,1,3452.9,0.13,448.88,3004.02,3,15,10,6,1,1
LGS1ORD0003772,C000179,2025-10-26 17:00:00,Female,18,Bronze,Web,Songkhla,1299,Electronics,NovaTech,True,3.94,Campaign,0.05,TV_Show,COD,2,942.86,0.08,150.86,1734.85,1,17,10,6,1,0
LGS1ORD0003773,C000010,2025-10-26 18:00:00,Female,42,Bronze,Lazada,Songkhla,1584,Cosmetics,FreshLook,False,4.07,Campaign,0.1,Lazada,COD,3,1739.11,0.13,678.25,4539.08,3,18,10,6,1,0
LGS1ORD0003774,C000145,2025-10-26 20:00:00,Female,52,Gold,Shopee,Khon Kaen,338,Kitchen,KitchenMax,False,4.09,No Promotion,0.0,CallCenter,PromptPay,3,1261.12,0.08,302.67,3480.69,1,20,10,6,1,0
LGS1ORD0003775,C000766,2025-10-26 22:00:00,Male,46,Gold,Lazada,Bangkok,1215,Fashion,UrbanWear,True,3.77,Clearance,0.25,TV_Show,PromptPay,1,1773.43,0.33,585.23,1188.2,3,22,10,6,1,0
LGS1ORD0003776,C000795,2025-10-27 00:00:00,Female,36,Silver,Shopee,Remote_Area,1148,Home_Appliance,CleanMate,True,4.08,Clearance,0.2,Shopee,PromptPay,3,12790.79,0.25,9593.09,28779.28,4,0,10,0,0,0
LGS1ORD0003777,C000766,2025-10-27 02:00:00,Male,46,Gold,Lazada,Bangkok,1216,Fashion,UrbanWear,False,3.6,No Promotion,0.0,Lazada,COD,2,859.5,0.08,137.52,1581.48,1,2,10,0,0,0
LGS1ORD0003778,C000257,2025-10-27 04:00:00,Male,46,Gold,Web,Bangkok,1466,Fashion,UrbanWear,False,3.68,No Promotion,0.0,Web,Credit_Card,1,1046.38,0.08,83.71,962.67,3,4,10,0,0,0
LGS1ORD0003779,C000961,2025-10-27 06:00:00,Female,58,Silver,Lazada,Chiang Mai,342,Fashion,UrbanWear,False,3.45,Clearance,0.2,Web,Bank_Transfer,1,897.22,0.25,224.31,672.92,1,6,10,0,0,0
LGS1ORD0003780,C000753,2025-10-27 08:00:00,Female,47,Gold,TV,Songkhla,505,Electronics,ShieldCase,True,3.43,Clearance,0.2,CallCenter,Credit_Card,2,5690.25,0.28,3186.54,8193.95,5,8,10,0,0,1
LGS1ORD0003781,C000718,2025-10-27 10:00:00,Female,31,Bronze,Shopee,Songkhla,1236,Cosmetics,SunSafe,False,4.25,Campaign,0.15,Lazada,COD,1,1383.85,0.18,249.09,1134.75,5,10,10,0,0,0
LGS1ORD0003782,C000986,2025-10-27 12:00:00,Male,27,Bronze,TV,Remote_Area,795,Cosmetics,SunSafe,False,3.75,Clearance,0.2,TV_Show,COD,1,2196.85,0.23,505.28,1691.58,3,12,10,0,0,0
LGS1ORD0003783,C000255,2025-10-27 14:00:00,Male,68,Bronze,CallCenter,Chonburi,535,Home_Appliance,HomePro,False,3.71,No Promotion,0.0,TV_Show,COD,1,7360.22,0.03,220.81,7139.41,1,14,10,0,0,1
LGS1ORD0003784,C000370,2025-10-27 15:00:00,Male,45,Silver,Lazada,Bangkok,315,Kitchen,KitchenMax,True,4.1,Campaign,0.1,CallCenter,Bank_Transfer,2,2845.41,0.15,853.62,4837.19,3,15,10,0,0,0
LGS1ORD0003785,C000680,2025-10-27 17:00:00,Male,40,Gold,CallCenter,Khon Kaen,1143,Kitchen,CookEasy,False,4.09,Campaign,0.05,Web,PromptPay,1,5265.29,0.13,684.49,4580.8,5,17,10,0,0,0
LGS1ORD0003786,C001155,2025-10-27 19:00:00,Male,42,Silver,CallCenter,Chonburi,518,Electronics,NovaTech,True,4.02,Clearance,0.2,Shopee,COD,1,10013.31,0.25,2503.33,7509.98,1,19,10,0,0,1
LGS1ORD0003787,C000996,2025-10-27 21:00:00,Male,42,Gold,Shopee,Nakhon Ratchasima,1681,Fashion,UrbanWear,True,3.78,Campaign,0.1,Lazada,COD,2,1688.72,0.18,607.94,2769.49,3,21,10,0,0,0
LGS1ORD0003788,C000093,2025-10-27 23:00:00,Male,48,Bronze,Web,Remote_Area,1453,Fashion,FitStyle,False,3.91,Clearance,0.25,Shopee,COD,3,1398.13,0.28,1174.43,3019.97,3,23,10,0,0,1
LGS1ORD0003789,C000641,2025-10-28 01:00:00,Male,57,Bronze,TV,Chonburi,396,Home_Appliance,CleanMate,True,4.0,Campaign,0.05,CallCenter,Bank_Transfer,1,10927.77,0.08,874.22,10053.55,3,1,10,1,0,0
LGS1ORD0003790,C000386,2025-10-28 03:00:00,Male,49,Bronze,Web,Khon Kaen,433,Home_Appliance,HomePro,True,4.33,Campaign,0.05,Shopee,Credit_Card,1,10944.94,0.08,875.6,10069.34,5,3,10,1,0,1
LGS1ORD0003791,C000670,2025-10-28 05:00:00,Other,53,Silver,TV,Chiang Mai,1740,Fashion,UrbanWear,False,3.45,No Promotion,0.0,TV_Show,PromptPay,1,954.74,0.05,47.74,907.0,5,5,10,1,0,0
LGS1ORD0003792,C001077,2025-10-28 07:00:00,Male,37,Silver,Web,Khon Kaen,767,Health,WellPlus,True,4.28,No Promotion,0.0,CallCenter,PromptPay,4,1326.19,0.05,265.24,5039.53,3,7,10,1,0,0
LGS1ORD0003793,C000398,2025-10-28 09:00:00,Female,43,Silver,TV,Phuket,759,Home_Appliance,CleanMate,True,3.91,Clearance,0.2,CallCenter,COD,1,7823.48,0.25,1955.87,5867.61,5,9,10,1,0,1
LGS1ORD0003794,C000304,2025-10-28 10:00:00,Female,44,Bronze,TV,Chonburi,1214,Kitchen,KitchenMax,False,4.09,Campaign,0.15,Shopee,COD,4,1250.37,0.18,900.27,4101.22,5,10,10,1,0,0
LGS1ORD0003795,C000406,2025-10-28 12:00:00,Female,40,Platinum,TV,Chonburi,405,Electronics,NovaTech,False,4.0,No Promotion,0.0,Shopee,COD,3,8363.3,0.1,2508.99,22580.91,1,12,10,1,0,0
LGS1ORD0003796,C000437,2025-10-28 14:00:00,Female,44,Bronze,CallCenter,Khon Kaen,1524,Health,VitaLife,False,4.36,Campaign,0.05,TV_Show,COD,3,382.1,0.08,91.7,1054.59,4,14,10,1,0,0
LGS1ORD0003797,C000413,2025-10-28 16:00:00,Female,52,Gold,Shopee,Bangkok,1461,Fashion,FitStyle,False,3.36,No Promotion,0.0,TV_Show,Credit_Card,2,1057.62,0.08,169.22,1946.03,1,16,10,1,0,0
LGS1ORD0003798,C000692,2025-10-28 18:00:00,Female,58,Bronze,TV,Chonburi,1038,Electronics,NovaTech,True,4.02,No Promotion,0.0,Web,Credit_Card,2,10669.29,0.03,640.16,20698.42,1,18,10,1,0,0
LGS1ORD0003799,C000064,2025-10-28 20:00:00,Female,59,Silver,CallCenter,Phuket,1658,Electronics,ShieldCase,False,3.97,No Promotion,0.0,Shopee,COD,3,2752.07,0.05,412.81,7843.4,1,20,10,1,0,0
LGS1ORD0003800,C000710,2025-10-28 22:00:00,Male,44,Platinum,CallCenter,Songkhla,1008,Home_Appliance,CleanMate,True,3.85,Campaign,0.1,CallCenter,Credit_Card,2,5178.18,0.2,2071.27,8285.09,5,22,10,1,0,0
LGS1ORD0003801,C000048,2025-10-29 00:00:00,Male,39,Gold,Web,Khon Kaen,433,Health,VitaLife,False,4.16,No Promotion,0.0,Shopee,COD,4,3416.82,0.08,1093.38,12573.91,5,0,10,2,0,0
LGS1ORD0003802,C000825,2025-10-29 02:00:00,Male,38,Silver,Shopee,Khon Kaen,576,Health,MediCare,False,4.62,Campaign,0.15,Shopee,Bank_Transfer,2,3133.41,0.2,1253.36,5013.46,3,2,10,2,0,0
LGS1ORD0003803,C000910,2025-10-29 04:00:00,Female,37,Platinum,Shopee,Khon Kaen,1109,Fashion,SilkTouch,False,3.48,Campaign,0.15,Shopee,COD,1,1508.99,0.25,377.25,1131.74,1,4,10,2,0,1
LGS1ORD0003804,C000527,2025-10-29 05:00:00,Female,31,Gold,Shopee,Khon Kaen,538,Kitchen,ChefHome,False,4.2,No Promotion,0.0,Lazada,Credit_Card,1,3390.13,0.08,271.21,3118.92,3,5,10,2,0,0
LGS1ORD0003805,C001105,2025-10-29 07:00:00,Other,52,Platinum,TV,Chonburi,1329,Electronics,NovaTech,False,3.6,Clearance,0.2,TV_Show,COD,1,8649.78,0.3,2594.93,6054.84,1,7,10,2,0,1
LGS1ORD0003806,C000682,2025-10-29 09:00:00,Male,36,Bronze,Shopee,Phuket,379,Health,WellPlus,True,3.95,Clearance,0.25,Web,COD,1,1144.35,0.28,320.42,823.93,3,9,10,2,0,0
LGS1ORD0003807,C000667,2025-10-29 11:00:00,Male,48,Bronze,TV,Phuket,1353,Cosmetics,SunSafe,False,4.06,Clearance,0.25,Lazada,COD,3,596.28,0.28,500.88,1287.97,1,11,10,2,0,1
LGS1ORD0003808,C000066,2025-10-29 13:00:00,Male,61,Bronze,Shopee,Nakhon Ratchasima,1026,Fashion,FitStyle,False,3.4,Campaign,0.15,Web,Credit_Card,1,2246.82,0.18,404.43,1842.39,4,13,10,2,0,1
LGS1ORD0003809,C000035,2025-10-29 15:00:00,Female,37,Gold,TV,Chiang Mai,637,Fashion,SilkTouch,False,3.86,Campaign,0.1,Lazada,COD,1,2153.73,0.18,387.67,1766.06,1,15,10,2,0,0
LGS1ORD0003810,C000816,2025-10-29 17:00:00,Male,59,Bronze,Web,Chonburi,1350,Health,MediCare,False,4.55,Campaign,0.05,TV_Show,Bank_Transfer,1,808.92,0.08,64.71,744.21,3,17,10,2,0,0
LGS1ORD0003811,C000040,2025-10-29 19:00:00,Female,35,Gold,Shopee,Remote_Area,1173,Kitchen,CookEasy,False,4.05,Campaign,0.05,Shopee,COD,1,2293.19,0.13,298.12,1995.08,1,19,10,2,0,1
LGS1ORD0003812,C000351,2025-10-29 21:00:00,Female,18,Silver,Web,Nakhon Ratchasima,1662,Kitchen,ChefHome,False,3.68,Campaign,0.05,Lazada,COD,1,3309.4,0.1,330.94,2978.46,3,21,10,2,0,0
LGS1ORD0003813,C000899,2025-10-29 23:00:00,Female,51,Bronze,TV,Songkhla,754,Electronics,NovaTech,True,3.94,Campaign,0.05,CallCenter,COD,1,1162.8,0.08,93.02,1069.78,5,23,10,2,0,0
LGS1ORD0003814,C000235,2025-10-30 00:00:00,Male,47,Bronze,TV,Nakhon Ratchasima,745,Fashion,UrbanWear,False,3.81,Campaign,0.05,CallCenter,PromptPay,2,2070.29,0.08,331.25,3809.32,3,0,10,3,0,0
LGS1ORD0003815,C001042,2025-10-30 02:00:00,Female,63,Gold,Lazada,Khon Kaen,673,Fashion,FitStyle,False,3.53,Campaign,0.15,TV_Show,COD,1,2068.74,0.2299999999999999,475.81,1592.93,3,2,10,3,0,0
LGS1ORD0003816,C000034,2025-10-30 04:00:00,Female,38,Bronze,Web,Khon Kaen,740,Fashion,FitStyle,False,3.4,No Promotion,0.0,Web,COD,1,2340.63,0.03,70.22,2270.41,3,4,10,3,0,0
LGS1ORD0003817,C000198,2025-10-30 06:00:00,Male,20,Bronze,TV,Songkhla,387,Fashion,FitStyle,False,3.4,No Promotion,0.0,Shopee,COD,1,2219.54,0.03,66.59,2152.96,4,6,10,3,0,0
LGS1ORD0003818,C000792,2025-10-30 08:00:00,Male,64,Bronze,Shopee,Nakhon Ratchasima,582,Home_Appliance,CleanMate,True,3.91,Campaign,0.15,Lazada,Credit_Card,3,8045.91,0.18,4344.79,19792.94,1,8,10,3,0,0
LGS1ORD0003819,C000885,2025-10-30 10:00:00,Male,38,Bronze,Shopee,Remote_Area,848,Kitchen,ChefHome,False,3.68,Campaign,0.05,Shopee,Bank_Transfer,1,3139.26,0.08,251.14,2888.12,5,10,10,3,0,0
LGS1ORD0003820,C000951,2025-10-30 12:00:00,Female,60,Silver,TV,Chonburi,1068,Home_Appliance,HomePro,True,3.76,Campaign,0.15,Web,COD,1,12377.88,0.2,2475.58,9902.31,5,12,10,3,0,0
LGS1ORD0003821,C000071,2025-10-30 14:00:00,Male,37,Platinum,CallCenter,Bangkok,897,Home_Appliance,PureAir,False,4.42,Campaign,0.05,TV_Show,COD,4,9833.29,0.15,5899.98,33433.2,3,14,10,3,0,1
LGS1ORD0003822,C000284,2025-10-30 16:00:00,Female,35,Silver,Shopee,Khon Kaen,764,Home_Appliance,PureAir,False,4.02,Campaign,0.15,CallCenter,COD,2,12615.51,0.2,5046.2,20184.82,5,16,10,3,0,1
LGS1ORD0003823,C000674,2025-10-30 18:00:00,Female,34,Bronze,Shopee,Khon Kaen,561,Kitchen,ChefHome,False,4.2,No Promotion,0.0,Shopee,COD,4,3392.0,0.03,407.04,13160.96,5,18,10,3,0,0
LGS1ORD0003824,C000854,2025-10-30 19:00:00,Male,28,Gold,Web,Nakhon Ratchasima,500,Cosmetics,FreshLook,False,4.12,No Promotion,0.0,Shopee,PromptPay,1,180.63,0.08,14.45,166.18,3,19,10,3,0,1
LGS1ORD0003825,C000432,2025-10-30 21:00:00,Female,45,Bronze,Web,Songkhla,714,Electronics,ShieldCase,False,3.96,No Promotion,0.0,Web,PromptPay,2,3181.4,0.03,190.88,6171.91,5,21,10,3,0,0
LGS1ORD0003826,C000076,2025-10-30 23:00:00,Female,65,Platinum,Web,Nakhon Ratchasima,1643,Electronics,NovaTech,True,3.94,No Promotion,0.0,TV_Show,Bank_Transfer,1,1033.19,0.1,103.32,929.87,3,23,10,3,0,0
LGS1ORD0003827,C000217,2025-10-31 01:00:00,Male,57,Bronze,TV,Remote_Area,454,Fashion,SilkTouch,False,3.86,Campaign,0.15,Lazada,COD,1,546.85,0.18,98.43,448.42,5,1,10,4,0,1
LGS1ORD0003828,C000244,2025-10-31 03:00:00,Male,32,Platinum,Shopee,Chiang Mai,1102,Electronics,NovaTech,False,3.66,Clearance,0.25,Web,COD,1,11216.09,0.35,3925.63,7290.46,1,3,10,4,0,0
LGS1ORD0003829,C000905,2025-10-31 05:00:00,Male,40,Bronze,TV,Songkhla,566,Fashion,FitStyle,False,3.51,Clearance,0.25,Lazada,COD,1,903.86,0.28,253.08,650.78,4,5,10,4,0,1
LGS1ORD0003830,C000913,2025-10-31 07:00:00,Female,64,Bronze,Lazada,Songkhla,901,Cosmetics,SunSafe,False,4.28,No Promotion,0.0,CallCenter,Credit_Card,2,1342.76,0.03,80.57,2604.95,4,7,10,4,0,0
LGS1ORD0003831,C000915,2025-10-31 09:00:00,Female,64,Bronze,TV,Phuket,558,Fashion,UrbanWear,True,3.78,Campaign,0.05,Lazada,COD,3,1595.07,0.08,382.82,4402.38,3,9,10,4,0,1
LGS1ORD0003832,C000095,2025-10-31 11:00:00,Male,69,Bronze,Lazada,Remote_Area,1760,Electronics,ShieldCase,True,3.79,Campaign,0.15,CallCenter,COD,1,6859.41,0.18,1234.69,5624.72,5,11,10,4,0,1
LGS1ORD0003833,C000637,2025-10-31 13:00:00,Female,57,Bronze,Lazada,Nakhon Ratchasima,847,Home_Appliance,CleanMate,True,3.71,No Promotion,0.0,Lazada,COD,1,8865.54,0.03,265.97,8599.57,3,13,10,4,0,1
LGS1ORD0003834,C000773,2025-10-31 14:00:00,Female,51,Bronze,Shopee,Khon Kaen,1016,Fashion,FitStyle,False,3.36,Clearance,0.25,Web,COD,2,981.14,0.28,549.44,1412.84,3,14,10,4,0,1
LGS1ORD0003835,C001035,2025-10-31 16:00:00,Male,36,Silver,Shopee,Khon Kaen,762,Cosmetics,Beauty Lab,False,4.21,Campaign,0.15,TV_Show,Bank_Transfer,2,2214.75,0.2,885.9,3543.6,3,16,10,4,0,0
LGS1ORD0003836,C000746,2025-10-31 18:00:00,Female,22,Silver,TV,Bangkok,1059,Electronics,ShieldCase,False,3.9,Clearance,0.2,Web,PromptPay,1,1954.71,0.25,488.68,1466.03,3,18,10,4,0,0
LGS1ORD0003837,C000950,2025-10-31 20:00:00,Male,54,Gold,Web,Bangkok,1385,Kitchen,CookEasy,False,4.01,Clearance,0.2,TV_Show,COD,1,1816.73,0.28,508.68,1308.04,1,20,10,4,0,1
LGS1ORD0003838,C000950,2025-10-31 22:00:00,Male,54,Gold,Web,Bangkok,1385,Health,MediCare,False,4.55,Clearance,0.2,TV_Show,COD,1,804.5,0.28,225.26,579.24,1,22,10,4,0,1
LGS1ORD0003839,C000381,2025-11-01 00:00:00,Female,68,Bronze,Lazada,Chonburi,1346,Cosmetics,Beauty Lab,False,4.22,Campaign,0.05,Web,Credit_Card,1,1710.48,0.08,136.84,1573.64,4,0,11,5,1,0
LGS1ORD0003840,C001017,2025-11-01 02:00:00,Male,48,Bronze,TV,Khon Kaen,368,Health,WellPlus,False,4.39,Campaign,0.05,Shopee,Credit_Card,1,2412.71,0.08,193.02,2219.69,4,2,11,5,1,1
LGS1ORD0003841,C000141,2025-11-01 04:00:00,Male,54,Silver,Lazada,Songkhla,656,Cosmetics,FreshLook,False,4.31,No Promotion,0.0,Lazada,COD,1,1943.59,0.05,97.18,1846.41,1,4,11,5,1,0
LGS1ORD0003842,C000014,2025-11-01 06:00:00,Male,44,Bronze,Shopee,Nakhon Ratchasima,446,Home_Appliance,PureAir,False,4.02,No Promotion,0.0,CallCenter,COD,1,11823.06,0.03,354.69,11468.37,5,6,11,5,1,0
LGS1ORD0003843,C000054,2025-11-01 08:00:00,Male,49,Bronze,CallCenter,Bangkok,1260,Fashion,FitStyle,False,3.41,Clearance,0.25,Lazada,COD,1,932.68,0.28,261.15,671.53,5,8,11,5,1,1
LGS1ORD0003844,C000077,2025-11-01 09:00:00,Male,53,Bronze,Web,Nakhon Ratchasima,767,Home_Appliance,PureAir,True,3.62,Campaign,0.15,CallCenter,Bank_Transfer,3,11516.68,0.18,6219.01,28331.03,4,9,11,5,1,1
LGS1ORD0003845,C000837,2025-11-01 11:00:00,Male,28,Platinum,TV,Bangkok,391,Kitchen,CookEasy,False,3.81,No Promotion,0.0,TV_Show,COD,1,1530.82,0.1,153.08,1377.73,5,11,11,5,1,0
LGS1ORD0003846,C000736,2025-11-01 13:00:00,Male,22,Platinum,Lazada,Bangkok,1588,Health,VitaLife,False,4.19,No Promotion,0.0,TV_Show,Credit_Card,2,3386.19,0.1,677.24,6095.15,5,13,11,5,1,0
LGS1ORD0003847,C000858,2025-11-01 15:00:00,Female,38,Bronze,TV,Chiang Mai,368,Electronics,ShieldCase,False,3.69,No Promotion,0.0,Lazada,COD,1,6730.09,0.03,201.9,6528.18,1,15,11,5,1,0
LGS1ORD0003848,C000515,2025-11-01 17:00:00,Male,34,Bronze,Shopee,Chonburi,1523,Health,MediCare,False,4.37,Campaign,0.05,Shopee,COD,2,3482.57,0.08,557.21,6407.92,5,17,11,5,1,1
LGS1ORD0003849,C000678,2025-11-01 19:00:00,Male,45,Platinum,Web,Songkhla,722,Electronics,GadgetWorld,False,3.66,Campaign,0.15,TV_Show,Bank_Transfer,4,6344.0,0.25,6344.0,19032.01,1,19,11,5,1,0
LGS1ORD0003850,C000615,2025-11-01 21:00:00,Female,44,Bronze,TV,Remote_Area,1166,Electronics,NovaTech,False,3.7,Clearance,0.25,TV_Show,COD,1,5869.11,0.28,1643.35,4225.76,1,21,11,5,1,0
LGS1ORD0003851,C000756,2025-11-01 23:00:00,Female,34,Bronze,TV,Remote_Area,1006,Fashion,FitStyle,False,3.51,Clearance,0.2,TV_Show,PromptPay,2,964.93,0.23,443.87,1485.99,3,23,11,5,1,1
LGS1ORD0003852,C001017,2025-11-02 01:00:00,Male,48,Bronze,TV,Khon Kaen,369,Health,WellPlus,False,4.39,No Promotion,0.0,CallCenter,Credit_Card,1,2621.96,0.03,78.66,2543.3,3,1,11,6,1,1
LGS1ORD0003853,C000259,2025-11-02 03:00:00,Female,35,Bronze,Lazada,Remote_Area,1666,Cosmetics,Beauty Lab,False,4.23,Clearance,0.2,Lazada,PromptPay,2,1442.0,0.23,663.32,2220.67,3,3,11,6,1,0
LGS1ORD0003854,C000638,2025-11-02 04:00:00,Female,35,Silver,Lazada,Remote_Area,1394,Home_Appliance,PureAir,False,4.11,Campaign,0.1,Lazada,COD,2,6071.77,0.15,1821.53,10322.01,3,4,11,6,1,0
LGS1ORD0003855,C000982,2025-11-02 06:00:00,Female,43,Bronze,Web,Chonburi,1513,Fashion,SilkTouch,False,3.21,Clearance,0.2,Shopee,COD,2,1824.15,0.23,839.11,2809.2,4,6,11,6,1,1
LGS1ORD0003856,C000670,2025-11-02 08:00:00,Other,53,Silver,TV,Chiang Mai,1745,Electronics,ShieldCase,False,4.03,Clearance,0.2,Lazada,COD,3,10106.07,0.25,7579.55,22738.66,1,8,11,6,1,0
LGS1ORD0003857,C000638,2025-11-02 10:00:00,Female,35,Silver,Lazada,Remote_Area,1394,Home_Appliance,HomePro,False,4.05,Campaign,0.15,TV_Show,Bank_Transfer,1,5926.07,0.2,1185.21,4740.86,3,10,11,6,1,0
LGS1ORD0003858,C001200,2025-11-02 12:00:00,Female,41,Silver,Web,Bangkok,424,Health,MediCare,False,3.79,No Promotion,0.0,Web,COD,2,333.86,0.05,33.39,634.34,4,12,11,6,1,0
LGS1ORD0003859,C001022,2025-11-02 14:00:00,Female,43,Silver,Lazada,Bangkok,1344,Cosmetics,SunSafe,True,3.66,Campaign,0.05,Shopee,COD,2,1171.87,0.1,234.37,2109.37,1,14,11,6,1,0
LGS1ORD0003860,C000496,2025-11-02 16:00:00,Male,55,Bronze,Web,Remote_Area,744,Cosmetics,SunSafe,True,4.7,Campaign,0.1,Shopee,COD,1,1746.87,0.13,227.09,1519.78,1,16,11,6,1,0
LGS1ORD0003861,C000017,2025-11-02 18:00:00,Female,42,Silver,Shopee,Nakhon Ratchasima,1260,Fashion,SilkTouch,False,3.86,No Promotion,0.0,TV_Show,COD,1,536.03,0.05,26.8,509.23,1,18,11,6,1,0
LGS1ORD0003862,C000251,2025-11-02 20:00:00,Female,37,Platinum,Web,Bangkok,1202,Fashion,SilkTouch,False,3.65,Campaign,0.1,CallCenter,COD,1,1818.63,0.2,363.73,1454.9,1,20,11,6,1,0
LGS1ORD0003863,C000859,2025-11-02 22:00:00,Male,43,Gold,Web,Nakhon Ratchasima,852,Electronics,NovaTech,True,4.02,Clearance,0.25,Web,Credit_Card,1,10752.66,0.33,3548.38,7204.28,1,22,11,6,1,0
LGS1ORD0003864,C000153,2025-11-02 23:00:00,Female,45,Gold,Web,Songkhla,327,Electronics,NovaTech,True,3.94,Campaign,0.1,TV_Show,Bank_Transfer,2,11903.02,0.18,4285.09,19520.96,5,23,11,6,1,1
LGS1ORD0003865,C000599,2025-11-03 01:00:00,Male,56,Bronze,TV,Remote_Area,1550,Home_Appliance,CleanMate,True,4.01,Campaign,0.05,TV_Show,COD,1,5742.04,0.08,459.36,5282.68,3,1,11,0,0,0
LGS1ORD0003866,C000969,2025-11-03 03:00:00,Female,31,Silver,TV,Songkhla,786,Fashion,SilkTouch,False,3.75,Campaign,0.05,Web,COD,3,1597.07,0.1,479.12,4312.1,5,3,11,0,0,1
LGS1ORD0003867,C000561,2025-11-03 05:00:00,Male,41,Bronze,TV,Nakhon Ratchasima,907,Electronics,NovaTech,True,3.5,Campaign,0.15,TV_Show,COD,1,5145.55,0.18,926.2,4219.35,4,5,11,0,0,1
LGS1ORD0003868,C000991,2025-11-03 07:00:00,Female,42,Bronze,TV,Nakhon Ratchasima,1423,Health,WellPlus,True,3.95,Clearance,0.25,Shopee,PromptPay,2,1093.71,0.28,612.48,1574.95,1,7,11,0,0,0
LGS1ORD0003869,C000729,2025-11-03 09:00:00,Female,34,Silver,Web,Chonburi,671,Cosmetics,SunSafe,False,4.53,No Promotion,0.0,Web,COD,1,866.24,0.05,43.31,822.93,5,9,11,0,0,0
LGS1ORD0003870,C001090,2025-11-03 11:00:00,Male,53,Gold,TV,Bangkok,526,Electronics,NovaTech,False,3.7,No Promotion,0.0,Web,Credit_Card,1,6361.27,0.08,508.9,5852.37,1,11,11,0,0,1
LGS1ORD0003871,C000409,2025-11-03 13:00:00,Female,34,Silver,Web,Bangkok,1119,Cosmetics,Beauty Lab,False,4.23,No Promotion,0.0,CallCenter,PromptPay,1,1538.13,0.05,76.91,1461.23,3,13,11,0,0,0
LGS1ORD0003872,C000486,2025-11-03 15:00:00,Male,45,Gold,Web,Chonburi,1685,Cosmetics,FreshLook,False,4.13,No Promotion,0.0,TV_Show,Credit_Card,2,786.53,0.08,125.85,1447.22,5,15,11,0,0,0
LGS1ORD0003873,C000032,2025-11-03 17:00:00,Female,36,Silver,Web,Bangkok,993,Fashion,UrbanWear,False,3.29,Campaign,0.05,TV_Show,Credit_Card,3,1048.81,0.1,314.64,2831.78,3,17,11,0,0,0
LGS1ORD0003874,C000328,2025-11-03 18:00:00,Female,40,Bronze,TV,Bangkok,1438,Cosmetics,Beauty Lab,False,4.04,No Promotion,0.0,TV_Show,COD,1,2109.8,0.03,63.29,2046.51,4,18,11,0,0,1
LGS1ORD0003875,C001166,2025-11-03 20:00:00,Female,51,Gold,TV,Phuket,539,Fashion,UrbanWear,False,3.29,Clearance,0.2,TV_Show,COD,2,1039.19,0.28,581.95,1496.44,4,20,11,0,0,1
LGS1ORD0003876,C000639,2025-11-03 22:00:00,Male,54,Bronze,Shopee,Bangkok,1709,Fashion,FitStyle,False,3.72,Campaign,0.15,Web,COD,2,1993.49,0.18,717.66,3269.32,1,22,11,0,0,1
LGS1ORD0003877,C000100,2025-11-04 00:00:00,Female,52,Gold,CallCenter,Bangkok,1070,Cosmetics,Beauty Lab,False,4.15,Campaign,0.05,TV_Show,COD,2,1191.56,0.13,309.81,2073.32,1,0,11,1,0,1
LGS1ORD0003878,C000606,2025-11-04 02:00:00,Female,42,Silver,Web,Bangkok,670,Home_Appliance,CleanMate,True,4.06,No Promotion,0.0,Shopee,COD,1,5575.98,0.05,278.8,5297.18,1,2,11,1,0,0
LGS1ORD0003879,C000679,2025-11-04 04:00:00,Female,43,Bronze,TV,Bangkok,1479,Cosmetics,Beauty Lab,True,4.21,No Promotion,0.0,Lazada,COD,1,2106.88,0.03,63.21,2043.68,3,4,11,1,0,0
LGS1ORD0003880,C000885,2025-11-04 06:00:00,Male,38,Bronze,Shopee,Remote_Area,853,Cosmetics,Beauty Lab,False,3.94,Campaign,0.15,TV_Show,COD,2,1706.63,0.18,614.39,2798.87,1,6,11,1,0,1
LGS1ORD0003881,C000692,2025-11-04 08:00:00,Female,58,Bronze,TV,Chonburi,1045,Fashion,SilkTouch,False,3.47,Campaign,0.05,Web,Credit_Card,1,1785.37,0.08,142.83,1642.54,1,8,11,1,0,0
LGS1ORD0003882,C000430,2025-11-04 10:00:00,Female,46,Bronze,CallCenter,Khon Kaen,638,Health,MediCare,False,4.42,No Promotion,0.0,CallCenter,PromptPay,1,2157.31,0.03,64.72,2092.59,3,10,11,1,0,0
LGS1ORD0003883,C000053,2025-11-04 12:00:00,Female,29,Platinum,Shopee,Bangkok,603,Home_Appliance,CleanMate,True,4.11,No Promotion,0.0,TV_Show,Bank_Transfer,1,8350.87,0.1,835.09,7515.78,4,12,11,1,0,0
LGS1ORD0003884,C000910,2025-11-04 14:00:00,Female,37,Platinum,Shopee,Khon Kaen,1115,Home_Appliance,PureAir,True,3.62,Campaign,0.15,TV_Show,COD,1,10085.48,0.25,2521.37,7564.11,5,14,11,1,0,1
LGS1ORD0003885,C000573,2025-11-04 15:00:00,Female,39,Silver,Web,Bangkok,1657,Home_Appliance,PureAir,True,4.0,No Promotion,0.0,TV_Show,COD,2,15123.54,0.05,1512.35,28734.72,3,15,11,1,0,0
LGS1ORD0003886,C000003,2025-11-04 17:00:00,Male,32,Platinum,TV,Phuket,651,Home_Appliance,PureAir,False,4.25,No Promotion,0.0,Lazada,COD,4,8466.35,0.1,3386.54,30478.87,1,17,11,1,0,0
LGS1ORD0003887,C000611,2025-11-04 19:00:00,Male,49,Bronze,TV,Phuket,629,Kitchen,CookEasy,True,3.86,No Promotion,0.0,Web,COD,1,1569.84,0.03,47.1,1522.74,5,19,11,1,0,0
LGS1ORD0003888,C000911,2025-11-04 21:00:00,Female,55,Gold,CallCenter,Bangkok,1433,Health,MediCare,True,4.31,Campaign,0.15,Web,COD,3,673.15,0.2299999999999999,464.47,1554.98,1,21,11,1,0,0
LGS1ORD0003889,C000712,2025-11-04 23:00:00,Female,37,Bronze,Web,Songkhla,1628,Electronics,ShieldCase,False,3.82,Campaign,0.15,Lazada,COD,1,7154.9,0.18,1287.88,5867.01,3,23,11,1,0,1
LGS1ORD0003890,C000229,2025-11-05 01:00:00,Female,27,Silver,Web,Chonburi,1611,Home_Appliance,PureAir,True,4.0,No Promotion,0.0,Lazada,COD,1,12390.42,0.05,619.52,11770.9,3,1,11,2,0,0
LGS1ORD0003891,C000196,2025-11-05 03:00:00,Male,25,Silver,Lazada,Bangkok,1417,Cosmetics,FreshLook,False,4.13,Clearance,0.2,Web,COD,1,796.84,0.25,199.21,597.63,3,3,11,2,0,0
LGS1ORD0003892,C000038,2025-11-05 05:00:00,Male,36,Gold,TV,Bangkok,867,Fashion,UrbanWear,False,3.49,Clearance,0.25,Lazada,COD,1,530.65,0.33,175.11,355.53,1,5,11,2,0,0
LGS1ORD0003893,C001112,2025-11-05 07:00:00,Male,49,Silver,Web,Khon Kaen,1298,Fashion,UrbanWear,False,3.75,Campaign,0.15,CallCenter,Credit_Card,2,770.96,0.2,308.38,1233.53,1,7,11,2,0,0
LGS1ORD0003894,C000498,2025-11-05 09:00:00,Female,50,Silver,TV,Songkhla,635,Cosmetics,FreshLook,False,4.13,Campaign,0.05,Shopee,PromptPay,1,826.16,0.1,82.62,743.55,1,9,11,2,0,0
LGS1ORD0003895,C000915,2025-11-05 10:00:00,Female,64,Bronze,TV,Phuket,563,Home_Appliance,HomePro,False,4.05,Clearance,0.25,Web,COD,2,5954.69,0.28,3334.63,8574.76,1,10,11,2,0,0
LGS1ORD0003896,C001030,2025-11-05 12:00:00,Female,59,Silver,Web,Chonburi,776,Kitchen,KitchenMax,True,4.54,No Promotion,0.0,TV_Show,COD,2,5778.42,0.05,577.84,10978.99,4,12,11,2,0,0
LGS1ORD0003897,C000510,2025-11-05 14:00:00,Male,49,Gold,Web,Chonburi,1345,Fashion,UrbanWear,False,3.45,No Promotion,0.0,TV_Show,COD,1,1176.95,0.08,94.16,1082.8,1,14,11,2,0,1
LGS1ORD0003898,C001079,2025-11-05 16:00:00,Male,37,Bronze,TV,Nakhon Ratchasima,1699,Fashion,UrbanWear,False,3.61,Campaign,0.1,Web,Credit_Card,2,842.56,0.13,219.07,1466.05,3,16,11,2,0,0
LGS1ORD0003899,C000669,2025-11-05 18:00:00,Female,18,Silver,CallCenter,Chonburi,672,Electronics,NovaTech,False,4.0,Clearance,0.2,TV_Show,Credit_Card,2,8158.37,0.25,4079.18,12237.55,1,18,11,2,0,0
LGS1ORD0003900,C000178,2025-11-05 20:00:00,Female,42,Gold,TV,Chonburi,1292,Home_Appliance,PureAir,True,4.2,Campaign,0.1,Shopee,COD,4,11055.35,0.18,7959.86,36261.56,3,20,11,2,0,0
LGS1ORD0003901,C001169,2025-11-05 22:00:00,Female,30,Bronze,Lazada,Chonburi,601,Kitchen,CookEasy,True,4.09,Campaign,0.15,Lazada,Credit_Card,2,4378.32,0.18,1576.2,7180.45,3,22,11,2,0,0
LGS1ORD0003902,C000185,2025-11-06 00:00:00,Male,45,Platinum,Web,Khon Kaen,826,Cosmetics,SunSafe,True,3.66,No Promotion,0.0,TV_Show,Credit_Card,4,1265.74,0.1,506.3,4556.67,5,0,11,3,0,0
LGS1ORD0003903,C000879,2025-11-06 02:00:00,Male,30,Bronze,TV,Phuket,845,Fashion,FitStyle,False,3.18,No Promotion,0.0,TV_Show,Credit_Card,3,581.67,0.03,52.35,1692.65,5,2,11,3,0,1
LGS1ORD0003904,C000225,2025-11-06 04:00:00,Male,30,Silver,Web,Chiang Mai,1118,Fashion,SilkTouch,False,3.62,No Promotion,0.0,Web,COD,2,1665.2,0.05,166.52,3163.88,5,4,11,3,0,1
LGS1ORD0003905,C000403,2025-11-06 05:00:00,Female,37,Platinum,Shopee,Remote_Area,854,Fashion,SilkTouch,True,3.91,Clearance,0.25,Shopee,COD,1,665.67,0.35,232.99,432.69,4,5,11,3,0,0
LGS1ORD0003906,C000645,2025-11-06 07:00:00,Female,44,Bronze,Shopee,Bangkok,1394,Fashion,SilkTouch,True,3.4,Clearance,0.2,CallCenter,PromptPay,1,1661.2,0.23,382.08,1279.13,3,7,11,3,0,0
LGS1ORD0003907,C000417,2025-11-06 09:00:00,Female,47,Bronze,Shopee,Nakhon Ratchasima,1359,Electronics,NovaTech,False,3.68,Clearance,0.25,Web,Credit_Card,3,4601.52,0.28,3865.28,9939.28,1,9,11,3,0,0
LGS1ORD0003908,C000348,2025-11-06 11:00:00,Male,59,Bronze,TV,Khon Kaen,741,Fashion,FitStyle,False,3.55,Campaign,0.15,CallCenter,COD,1,880.82,0.18,158.55,722.27,3,11,11,3,0,0
LGS1ORD0003909,C000914,2025-11-06 13:00:00,Female,48,Silver,Shopee,Phuket,853,Fashion,FitStyle,False,3.6,No Promotion,0.0,Shopee,COD,2,2548.68,0.05,254.87,4842.5,3,13,11,3,0,1
LGS1ORD0003910,C000953,2025-11-06 15:00:00,Male,24,Bronze,Shopee,Nakhon Ratchasima,923,Home_Appliance,PureAir,True,4.0,Campaign,0.1,Shopee,COD,2,12626.79,0.13,3282.97,21970.62,3,15,11,3,0,0
LGS1ORD0003911,C000931,2025-11-06 17:00:00,Female,56,Gold,CallCenter,Bangkok,1058,Home_Appliance,HomePro,True,3.97,Clearance,0.2,Web,COD,1,9096.48,0.28,2547.01,6549.46,3,17,11,3,0,0
LGS1ORD0003912,C000328,2025-11-06 19:00:00,Female,40,Bronze,TV,Bangkok,1441,Cosmetics,Beauty Lab,True,4.21,Campaign,0.05,TV_Show,Credit_Card,4,1945.28,0.08,622.49,7158.63,5,19,11,3,0,0
LGS1ORD0003913,C000798,2025-11-06 21:00:00,Male,49,Platinum,Shopee,Khon Kaen,1418,Home_Appliance,HomePro,True,4.07,Campaign,0.1,Lazada,COD,3,1136.9,0.2,682.14,2728.56,3,21,11,3,0,0
LGS1ORD0003914,C000902,2025-11-06 23:00:00,Female,62,Silver,Lazada,Bangkok,1194,Fashion,SilkTouch,False,3.5,Clearance,0.2,CallCenter,Credit_Card,1,1939.82,0.25,484.96,1454.87,1,23,11,3,0,0
LGS1ORD0003915,C000667,2025-11-07 00:00:00,Male,48,Bronze,TV,Phuket,1362,Electronics,GadgetWorld,False,3.81,No Promotion,0.0,TV_Show,PromptPay,1,544.69,0.03,16.34,528.35,3,0,11,4,0,0
LGS1ORD0003916,C000253,2025-11-07 02:00:00,Female,60,Bronze,Shopee,Phuket,1657,Kitchen,CookEasy,False,4.09,Clearance,0.25,TV_Show,COD,1,1363.02,0.28,381.64,981.37,4,2,11,4,0,1
LGS1ORD0003917,C000612,2025-11-07 04:00:00,Female,41,Bronze,TV,Bangkok,1082,Fashion,FitStyle,True,3.85,Campaign,0.05,Lazada,COD,1,1185.2,0.08,94.82,1090.39,5,4,11,4,0,0
LGS1ORD0003918,C000698,2025-11-07 06:00:00,Female,47,Gold,TV,Chonburi,638,Fashion,SilkTouch,False,3.43,No Promotion,0.0,Lazada,Credit_Card,1,1324.09,0.08,105.93,1218.16,3,6,11,4,0,0
LGS1ORD0003919,C000340,2025-11-07 08:00:00,Female,28,Gold,Lazada,Songkhla,502,Cosmetics,SunSafe,True,4.2,Campaign,0.05,Shopee,Credit_Card,3,2327.9,0.13,907.88,6075.82,5,8,11,4,0,1
LGS1ORD0003920,C000126,2025-11-07 10:00:00,Male,28,Bronze,CallCenter,Khon Kaen,1206,Kitchen,ChefHome,False,3.83,Campaign,0.05,Web,PromptPay,1,2333.69,0.08,186.69,2146.99,5,10,11,4,0,0
LGS1ORD0003921,C000542,2025-11-07 12:00:00,Male,53,Platinum,TV,Nakhon Ratchasima,1147,Health,VitaLife,False,4.19,No Promotion,0.0,CallCenter,Bank_Transfer,1,3536.94,0.1,353.69,3183.25,4,12,11,4,0,1
LGS1ORD0003922,C000717,2025-11-07 14:00:00,Male,44,Bronze,TV,Phuket,807,Health,MediCare,False,4.15,Campaign,0.15,Shopee,COD,1,4217.04,0.18,759.07,3457.98,3,14,11,4,0,0
LGS1ORD0003923,C000767,2025-11-07 16:00:00,Female,31,Gold,Shopee,Bangkok,510,Cosmetics,FreshLook,True,3.9,Campaign,0.05,Web,PromptPay,2,1176.3,0.13,305.84,2046.76,3,16,11,4,0,0
LGS1ORD0003924,C000046,2025-11-07 18:00:00,Female,35,Bronze,CallCenter,Nakhon Ratchasima,1311,Fashion,SilkTouch,True,3.4,Campaign,0.05,Web,Credit_Card,2,1760.43,0.08,281.67,3239.19,3,18,11,4,0,0
LGS1ORD0003925,C000637,2025-11-07 19:00:00,Female,57,Bronze,Lazada,Nakhon Ratchasima,854,Electronics,NovaTech,False,3.92,Clearance,0.2,TV_Show,COD,1,8815.63,0.23,2027.59,6788.03,4,19,11,4,0,1
LGS1ORD0003926,C000026,2025-11-07 21:00:00,Female,49,Bronze,TV,Nakhon Ratchasima,403,Home_Appliance,PureAir,True,3.76,Campaign,0.15,CallCenter,COD,4,4009.8,0.18,2887.05,13152.14,1,21,11,4,0,0
LGS1ORD0003927,C000514,2025-11-07 23:00:00,Female,53,Bronze,TV,Remote_Area,633,Fashion,UrbanWear,True,3.71,Campaign,0.05,TV_Show,COD,1,665.84,0.08,53.27,612.58,1,23,11,4,0,1
LGS1ORD0003928,C000088,2025-11-08 01:00:00,Female,43,Bronze,Shopee,Chiang Mai,1616,Electronics,GadgetWorld,False,3.71,Campaign,0.15,TV_Show,COD,3,7340.4,0.18,3963.82,18057.4,3,1,11,5,1,1
LGS1ORD0003929,C000940,2025-11-08 03:00:00,Female,52,Silver,TV,Chonburi,1687,Health,WellPlus,False,4.32,Clearance,0.2,Shopee,Credit_Card,1,3147.74,0.25,786.94,2360.81,4,3,11,5,1,0
LGS1ORD0003930,C000836,2025-11-08 05:00:00,Male,31,Bronze,TV,Bangkok,1271,Fashion,UrbanWear,False,3.6,Clearance,0.25,CallCenter,COD,2,863.26,0.28,483.43,1243.1,1,5,11,5,1,0
LGS1ORD0003931,C000259,2025-11-08 07:00:00,Female,35,Bronze,Lazada,Remote_Area,1672,Electronics,ShieldCase,True,3.43,Clearance,0.25,TV_Show,COD,1,5451.89,0.28,1526.53,3925.36,5,7,11,5,1,1
LGS1ORD0003932,C000034,2025-11-08 09:00:00,Female,38,Bronze,Web,Khon Kaen,749,Kitchen,KitchenMax,False,3.83,No Promotion,0.0,CallCenter,Credit_Card,3,4098.12,0.03,368.83,11925.52,5,9,11,5,1,0
LGS1ORD0003933,C001149,2025-11-08 11:00:00,Female,44,Bronze,Web,Khon Kaen,1187,Health,MediCare,False,3.83,No Promotion,0.0,Shopee,COD,3,3432.94,0.03,308.96,9989.86,3,11,11,5,1,0
LGS1ORD0003934,C000332,2025-11-08 13:00:00,Female,43,Gold,Web,Nakhon Ratchasima,1187,Cosmetics,SunSafe,False,4.06,Clearance,0.2,TV_Show,COD,3,620.04,0.28,520.83,1339.28,5,13,11,5,1,1
LGS1ORD0003935,C000683,2025-11-08 14:00:00,Male,40,Bronze,Lazada,Remote_Area,911,Cosmetics,FreshLook,False,3.86,Campaign,0.05,Lazada,COD,1,2139.4,0.08,171.15,1968.25,3,14,11,5,1,1
LGS1ORD0003936,C000684,2025-11-08 16:00:00,Female,48,Platinum,Lazada,Chonburi,1444,Kitchen,CookEasy,False,4.05,Clearance,0.25,Shopee,COD,1,2262.65,0.35,791.93,1470.72,3,16,11,5,1,0
LGS1ORD0003937,C000271,2025-11-08 18:00:00,Female,39,Bronze,Web,Phuket,1482,Electronics,ShieldCase,False,3.54,Campaign,0.15,Shopee,PromptPay,1,5030.72,0.18,905.53,4125.19,4,18,11,5,1,0
LGS1ORD0003938,C000769,2025-11-08 20:00:00,Male,32,Bronze,Shopee,Chiang Mai,981,Home_Appliance,CleanMate,True,4.06,Campaign,0.1,TV_Show,COD,1,5133.94,0.13,667.41,4466.52,5,20,11,5,1,0
LGS1ORD0003939,C000612,2025-11-08 22:00:00,Female,41,Bronze,TV,Bangkok,1083,Kitchen,ChefHome,False,4.29,No Promotion,0.0,Web,Bank_Transfer,2,1243.21,0.03,74.59,2411.84,3,22,11,5,1,0
LGS1ORD0003940,C001187,2025-11-09 00:00:00,Male,58,Bronze,Shopee,Chiang Mai,1190,Cosmetics,Beauty Lab,False,4.11,Clearance,0.25,Shopee,Credit_Card,1,1739.05,0.28,486.93,1252.11,4,0,11,6,1,0
LGS1ORD0003941,C000945,2025-11-09 02:00:00,Female,28,Silver,Shopee,Khon Kaen,1518,Fashion,FitStyle,False,3.69,Campaign,0.15,TV_Show,COD,1,834.29,0.2,166.86,667.43,3,2,11,6,1,1
LGS1ORD0003942,C000654,2025-11-09 04:00:00,Female,57,Gold,TV,Chonburi,669,Electronics,GadgetWorld,False,3.86,No Promotion,0.0,TV_Show,COD,2,4711.39,0.08,753.82,8668.95,1,4,11,6,1,1
LGS1ORD0003943,C001185,2025-11-09 06:00:00,Female,40,Bronze,TV,Chonburi,1343,Electronics,GadgetWorld,False,3.61,Campaign,0.1,Shopee,Credit_Card,1,5100.0,0.13,663.0,4437.0,3,6,11,6,1,0
LGS1ORD0003944,C001090,2025-11-09 08:00:00,Male,53,Gold,TV,Bangkok,532,Cosmetics,Beauty Lab,False,3.79,Campaign,0.15,Shopee,COD,1,1340.91,0.2299999999999999,308.41,1032.5,1,8,11,6,1,0
LGS1ORD0003945,C000345,2025-11-09 09:00:00,Female,50,Bronze,CallCenter,Nakhon Ratchasima,1131,Fashion,FitStyle,False,3.53,Clearance,0.2,Lazada,Bank_Transfer,2,1711.96,0.23,787.5,2636.42,3,9,11,6,1,0
LGS1ORD0003946,C000405,2025-11-09 11:00:00,Female,48,Bronze,Shopee,Nakhon Ratchasima,1768,Home_Appliance,PureAir,False,3.96,Campaign,0.15,TV_Show,Bank_Transfer,2,3926.76,0.18,1413.63,6439.88,1,11,11,6,1,0
LGS1ORD0003947,C000453,2025-11-09 13:00:00,Female,45,Silver,Shopee,Remote_Area,1494,Health,WellPlus,False,4.14,Campaign,0.05,Web,COD,1,683.97,0.1,68.4,615.57,3,13,11,6,1,0
LGS1ORD0003948,C000226,2025-11-09 15:00:00,Female,27,Platinum,Lazada,Songkhla,1479,Kitchen,ChefHome,True,3.63,Campaign,0.05,CallCenter,PromptPay,3,363.32,0.15,163.5,926.48,4,15,11,6,1,0
LGS1ORD0003949,C000948,2025-11-09 17:00:00,Male,31,Bronze,Web,Chonburi,1192,Home_Appliance,PureAir,True,4.25,Clearance,0.2,Web,COD,1,15117.7,0.23,3477.07,11640.63,4,17,11,6,1,0
LGS1ORD0003950,C000487,2025-11-09 19:00:00,Female,45,Gold,CallCenter,Bangkok,1040,Cosmetics,FreshLook,False,4.12,No Promotion,0.0,TV_Show,Bank_Transfer,1,191.51,0.08,15.32,176.19,3,19,11,6,1,0
LGS1ORD0003951,C000712,2025-11-09 21:00:00,Female,37,Bronze,Web,Songkhla,1633,Fashion,FitStyle,False,3.75,Campaign,0.15,TV_Show,COD,1,2180.95,0.18,392.57,1788.38,1,21,11,6,1,0
LGS1ORD0003952,C000245,2025-11-09 23:00:00,Other,50,Bronze,CallCenter,Nakhon Ratchasima,413,Fashion,SilkTouch,False,3.87,Campaign,0.05,Web,Credit_Card,3,2503.29,0.08,600.79,6909.07,3,23,11,6,1,0
LGS1ORD0003953,C001067,2025-11-10 01:00:00,Female,56,Bronze,Web,Nakhon Ratchasima,1261,Fashion,FitStyle,False,3.36,Campaign,0.15,Shopee,COD,1,984.68,0.18,177.24,807.43,4,1,11,0,0,1
LGS1ORD0003954,C000562,2025-11-10 03:00:00,Male,54,Bronze,Lazada,Bangkok,1356,Fashion,UrbanWear,False,3.81,Clearance,0.2,Web,Bank_Transfer,2,1891.57,0.23,870.12,2913.01,4,3,11,0,0,0
LGS1ORD0003955,C000422,2025-11-10 04:00:00,Female,27,Bronze,Shopee,Bangkok,562,Fashion,FitStyle,False,3.53,Campaign,0.15,CallCenter,Credit_Card,2,1731.33,0.18,623.28,2839.37,3,4,11,0,0,0
LGS1ORD0003956,C000812,2025-11-10 06:00:00,Female,43,Silver,Web,Bangkok,1699,Fashion,FitStyle,False,3.18,Campaign,0.15,Lazada,COD,2,542.36,0.2,216.94,867.78,5,6,11,0,0,1
LGS1ORD0003957,C000296,2025-11-10 08:00:00,Female,47,Bronze,TV,Remote_Area,1369,Kitchen,KitchenMax,True,3.84,Campaign,0.15,Web,COD,4,4734.33,0.18,3408.71,15528.59,5,8,11,0,0,0
LGS1ORD0003958,C000500,2025-11-10 10:00:00,Male,47,Silver,Shopee,Bangkok,1299,Fashion,UrbanWear,False,3.51,Clearance,0.2,TV_Show,PromptPay,1,463.87,0.25,115.97,347.9,5,10,11,0,0,1
LGS1ORD0003959,C000113,2025-11-10 12:00:00,Male,30,Silver,Web,Khon Kaen,769,Health,WellPlus,False,4.29,No Promotion,0.0,Web,COD,3,2494.24,0.05,374.14,7108.59,5,12,11,0,0,0
LGS1ORD0003960,C000200,2025-11-10 14:00:00,Female,23,Platinum,TV,Bangkok,1105,Fashion,FitStyle,False,3.6,Clearance,0.2,TV_Show,COD,2,2465.38,0.3,1479.23,3451.53,1,14,11,0,0,0
LGS1ORD0003961,C000252,2025-11-10 16:00:00,Female,54,Bronze,Lazada,Khon Kaen,1554,Electronics,GadgetWorld,False,3.89,Clearance,0.25,Shopee,COD,1,3328.39,0.28,931.95,2396.44,3,16,11,0,0,0
LGS1ORD0003962,C000812,2025-11-10 18:00:00,Female,43,Silver,Web,Bangkok,1699,Health,VitaLife,True,4.05,Clearance,0.25,TV_Show,PromptPay,2,3861.14,0.3,2316.69,5405.6,3,18,11,0,0,1
LGS1ORD0003963,C001168,2025-11-10 20:00:00,Male,55,Silver,Shopee,Chonburi,1098,Cosmetics,SunSafe,True,4.7,No Promotion,0.0,Lazada,PromptPay,3,1522.4,0.05,228.36,4338.84,3,20,11,0,0,0
LGS1ORD0003964,C000906,2025-11-10 22:00:00,Female,28,Gold,Shopee,Nakhon Ratchasima,1552,Electronics,GadgetWorld,False,3.98,Clearance,0.2,TV_Show,COD,2,3291.04,0.28,1842.98,4739.1,1,22,11,0,0,0
LGS1ORD0003965,C001026,2025-11-10 23:00:00,Female,35,Silver,Lazada,Chiang Mai,924,Electronics,ShieldCase,False,3.77,Campaign,0.1,Shopee,Bank_Transfer,1,2681.48,0.15,402.22,2279.26,3,23,11,0,0,0
LGS1ORD0003966,C000206,2025-11-11 01:00:00,Male,30,Gold,Web,Bangkok,941,Kitchen,KitchenMax,True,3.84,Campaign,0.05,CallCenter,PromptPay,1,4676.53,0.13,607.95,4068.58,5,1,11,1,0,1
LGS1ORD0003967,C000445,2025-11-11 03:00:00,Female,30,Platinum,Shopee,Songkhla,1031,Fashion,UrbanWear,True,3.68,Campaign,0.15,Web,Credit_Card,1,2031.44,0.25,507.86,1523.58,4,3,11,1,0,0
LGS1ORD0003968,C000811,2025-11-11 05:00:00,Male,50,Bronze,CallCenter,Chiang Mai,631,Home_Appliance,CleanMate,False,3.82,Clearance,0.25,Lazada,Bank_Transfer,1,2029.01,0.28,568.12,1460.89,1,5,11,1,0,1
LGS1ORD0003969,C000257,2025-11-11 07:00:00,Male,46,Gold,Web,Bangkok,1481,Home_Appliance,PureAir,False,4.37,Clearance,0.25,Shopee,COD,2,5446.22,0.33,3594.51,7297.94,1,7,11,1,0,0
LGS1ORD0003970,C000667,2025-11-11 09:00:00,Male,48,Bronze,TV,Phuket,1366,Electronics,NovaTech,False,3.38,Clearance,0.2,Web,COD,4,8433.62,0.23,7758.93,25975.55,1,9,11,1,0,1
LGS1ORD0003971,C001197,2025-11-11 11:00:00,Female,30,Bronze,Web,Chiang Mai,1182,Cosmetics,FreshLook,False,4.22,Campaign,0.05,Shopee,COD,2,1555.76,0.08,248.92,2862.6,5,11,11,1,0,0
LGS1ORD0003972,C000841,2025-11-11 13:00:00,Female,50,Gold,Web,Remote_Area,377,Cosmetics,Beauty Lab,False,3.89,Clearance,0.25,Web,PromptPay,4,1115.01,0.33,1471.82,2988.24,1,13,11,1,0,0
LGS1ORD0003973,C000254,2025-11-11 15:00:00,Female,49,Gold,CallCenter,Bangkok,754,Home_Appliance,PureAir,True,4.0,No Promotion,0.0,CallCenter,Credit_Card,2,13124.97,0.08,2100.0,24149.95,3,15,11,1,0,0
LGS1ORD0003974,C001190,2025-11-11 17:00:00,Female,35,Gold,Lazada,Remote_Area,878,Electronics,ShieldCase,True,3.86,Clearance,0.25,Web,COD,1,4084.73,0.33,1347.96,2736.77,4,17,11,1,0,0
LGS1ORD0003975,C000611,2025-11-11 18:00:00,Male,49,Bronze,TV,Phuket,636,Home_Appliance,CleanMate,True,4.08,No Promotion,0.0,Web,PromptPay,2,13306.13,0.03,798.37,25813.89,3,18,11,1,0,0
LGS1ORD0003976,C000334,2025-11-11 20:00:00,Male,56,Bronze,TV,Remote_Area,1700,Electronics,NovaTech,False,3.81,Clearance,0.25,Shopee,Credit_Card,1,9979.33,0.28,2794.21,7185.12,1,20,11,1,0,1
LGS1ORD0003977,C000162,2025-11-11 22:00:00,Female,33,Gold,TV,Remote_Area,1513,Kitchen,KitchenMax,False,4.09,No Promotion,0.0,TV_Show,COD,1,5255.71,0.08,420.46,4835.26,3,22,11,1,0,0
LGS1ORD0003978,C000587,2025-11-12 00:00:00,Female,55,Bronze,Shopee,Remote_Area,1586,Kitchen,KitchenMax,False,4.09,Campaign,0.05,Shopee,COD,1,1238.1,0.08,99.05,1139.05,5,0,11,2,0,0
LGS1ORD0003979,C001193,2025-11-12 02:00:00,Male,47,Silver,Web,Chonburi,578,Home_Appliance,PureAir,False,4.02,No Promotion,0.0,CallCenter,COD,1,12265.14,0.05,613.26,11651.88,3,2,11,2,0,0
LGS1ORD0003980,C000396,2025-11-12 04:00:00,Male,66,Silver,Web,Remote_Area,1442,Home_Appliance,HomePro,True,3.76,Campaign,0.05,Shopee,COD,1,12781.16,0.1,1278.12,11503.05,4,4,11,2,0,0
LGS1ORD0003981,C000508,2025-11-12 06:00:00,Female,51,Silver,TV,Bangkok,615,Health,VitaLife,False,3.95,Clearance,0.2,TV_Show,Bank_Transfer,1,1791.82,0.25,447.95,1343.86,3,6,11,2,0,1
LGS1ORD0003982,C001186,2025-11-12 08:00:00,Female,64,Gold,CallCenter,Nakhon Ratchasima,1429,Fashion,FitStyle,True,3.85,Clearance,0.25,CallCenter,COD,1,1163.46,0.33,383.94,779.52,1,8,11,2,0,0
LGS1ORD0003983,C000559,2025-11-12 10:00:00,Female,30,Bronze,Lazada,Bangkok,642,Electronics,NovaTech,False,4.0,Campaign,0.15,CallCenter,COD,1,8301.36,0.18,1494.25,6807.12,3,10,11,2,0,0
LGS1ORD0003984,C000844,2025-11-12 12:00:00,Female,53,Silver,Web,Chonburi,550,Cosmetics,SunSafe,True,4.7,Campaign,0.15,Lazada,Credit_Card,3,1631.22,0.2,978.73,3914.94,1,12,11,2,0,0
LGS1ORD0003985,C000982,2025-11-12 14:00:00,Female,43,Bronze,Web,Chonburi,1523,Electronics,GadgetWorld,False,3.86,No Promotion,0.0,TV_Show,COD,2,4691.35,0.03,281.48,9101.22,1,14,11,2,0,0
LGS1ORD0003986,C000631,2025-11-12 15:00:00,Male,29,Gold,TV,Bangkok,1427,Kitchen,ChefHome,False,3.96,Clearance,0.25,TV_Show,PromptPay,4,4700.59,0.33,6204.78,12597.57,5,15,11,2,0,0
LGS1ORD0003987,C000949,2025-11-12 17:00:00,Male,29,Bronze,TV,Chiang Mai,1647,Home_Appliance,PureAir,True,4.14,Campaign,0.1,Web,COD,1,4231.24,0.13,550.06,3681.18,5,17,11,2,0,0
LGS1ORD0003988,C001086,2025-11-12 19:00:00,Female,33,Bronze,Shopee,Songkhla,1507,Cosmetics,Beauty Lab,True,4.08,Clearance,0.2,Lazada,COD,1,575.62,0.23,132.39,443.22,3,19,11,2,0,0
LGS1ORD0003989,C000327,2025-11-12 21:00:00,Male,43,Silver,Lazada,Bangkok,1471,Kitchen,ChefHome,False,4.29,Clearance,0.2,Shopee,Credit_Card,1,1295.66,0.25,323.91,971.74,5,21,11,2,0,0
LGS1ORD0003990,C000338,2025-11-12 23:00:00,Male,54,Bronze,Shopee,Khon Kaen,923,Cosmetics,FreshLook,False,4.2,Clearance,0.2,Lazada,COD,1,1441.22,0.23,331.48,1109.74,1,23,11,2,0,0
LGS1ORD0003991,C000846,2025-11-13 01:00:00,Male,56,Silver,Lazada,Songkhla,1161,Cosmetics,Beauty Lab,False,3.89,Clearance,0.2,Lazada,Credit_Card,2,1083.38,0.25,541.69,1625.07,1,1,11,3,0,1
LGS1ORD0003992,C000046,2025-11-13 03:00:00,Female,35,Bronze,CallCenter,Nakhon Ratchasima,1317,Electronics,NovaTech,False,3.92,No Promotion,0.0,Web,COD,1,9237.63,0.03,277.13,8960.51,1,3,11,3,0,0
LGS1ORD0003993,C000781,2025-11-13 05:00:00,Female,49,Bronze,Web,Khon Kaen,1330,Cosmetics,SunSafe,False,4.31,Campaign,0.05,Lazada,COD,4,1478.6,0.08,473.15,5441.26,5,5,11,3,0,0
LGS1ORD0003994,C000530,2025-11-13 07:00:00,Female,72,Bronze,TV,Songkhla,1334,Cosmetics,Beauty Lab,False,4.22,Campaign,0.05,Web,COD,1,1573.16,0.08,125.85,1447.31,5,7,11,3,0,0
LGS1ORD0003995,C001106,2025-11-13 09:00:00,Female,47,Bronze,Shopee,Bangkok,1201,Kitchen,CookEasy,False,4.01,No Promotion,0.0,TV_Show,Bank_Transfer,1,1880.1,0.03,56.4,1823.7,1,9,11,3,0,0
LGS1ORD0003996,C000983,2025-11-13 10:00:00,Female,45,Bronze,Web,Remote_Area,642,Kitchen,CookEasy,False,3.81,No Promotion,0.0,Shopee,Credit_Card,1,1590.05,0.03,47.7,1542.35,1,10,11,3,0,0
LGS1ORD0003997,C000352,2025-11-13 12:00:00,Female,37,Gold,Web,Songkhla,894,Health,WellPlus,False,4.37,Clearance,0.2,CallCenter,PromptPay,1,3597.67,0.28,1007.35,2590.32,3,12,11,3,0,0
LGS1ORD0003998,C000107,2025-11-13 14:00:00,Female,51,Bronze,TV,Chiang Mai,1328,Home_Appliance,CleanMate,True,3.73,Clearance,0.25,Web,PromptPay,1,2132.67,0.28,597.15,1535.52,4,14,11,3,0,0
LGS1ORD0003999,C000748,2025-11-13 16:00:00,Male,50,Bronze,Lazada,Chonburi,1735,Cosmetics,Beauty Lab,True,4.08,No Promotion,0.0,Lazada,Credit_Card,4,536.96,0.03,64.43,2083.39,1,16,11,3,0,0
LGS1ORD0004000,C000057,2025-11-13 18:00:00,Male,61,Bronze,TV,Bangkok,1449,Electronics,ShieldCase,False,3.82,Campaign,0.15,Lazada,COD,3,7081.79,0.18,3824.17,17421.21,4,18,11,3,0,0
LGS1ORD0004001,C001017,2025-11-13 20:00:00,Male,48,Bronze,TV,Khon Kaen,380,Cosmetics,Beauty Lab,True,4.08,Clearance,0.2,Web,Credit_Card,1,562.7,0.23,129.42,433.28,1,20,11,3,0,1
LGS1ORD0004002,C000749,2025-11-13 22:00:00,Male,18,Silver,TV,Bangkok,1018,Home_Appliance,PureAir,True,3.62,Clearance,0.25,Lazada,PromptPay,1,11652.92,0.3,3495.88,8157.04,4,22,11,3,0,1
LGS1ORD0004003,C001051,2025-11-14 00:00:00,Female,53,Silver,TV,Nakhon Ratchasima,1032,Home_Appliance,PureAir,True,4.2,Clearance,0.2,Web,Credit_Card,1,12634.72,0.25,3158.68,9476.04,3,0,11,4,0,0
LGS1ORD0004004,C000088,2025-11-14 02:00:00,Female,43,Bronze,Shopee,Chiang Mai,1622,Cosmetics,FreshLook,True,4.1,Campaign,0.05,Shopee,COD,1,1030.11,0.08,82.41,947.7,3,2,11,4,0,0
LGS1ORD0004005,C000441,2025-11-14 04:00:00,Female,18,Platinum,Web,Khon Kaen,1703,Fashion,FitStyle,False,4.0,Clearance,0.2,Web,COD,2,2531.19,0.3,1518.71,3543.66,4,4,11,4,0,0
LGS1ORD0004006,C000557,2025-11-14 05:00:00,Female,23,Bronze,Shopee,Bangkok,1208,Cosmetics,Beauty Lab,False,4.04,Campaign,0.1,Web,Bank_Transfer,1,2104.61,0.13,273.6,1831.01,3,5,11,4,0,1
LGS1ORD0004007,C000047,2025-11-14 07:00:00,Male,30,Silver,Web,Songkhla,1589,Home_Appliance,CleanMate,False,3.81,No Promotion,0.0,Lazada,COD,2,11743.36,0.05,1174.34,22312.39,1,7,11,4,0,1
LGS1ORD0004008,C000230,2025-11-14 09:00:00,Male,29,Bronze,Lazada,Nakhon Ratchasima,1461,Electronics,ShieldCase,False,4.03,Campaign,0.15,Shopee,Bank_Transfer,2,10474.44,0.18,3770.8,17178.08,3,9,11,4,0,0
LGS1ORD0004009,C001162,2025-11-14 11:00:00,Male,35,Bronze,CallCenter,Bangkok,1161,Kitchen,ChefHome,False,3.68,Clearance,0.2,Shopee,COD,2,3373.47,0.23,1551.8,5195.15,1,11,11,4,0,1
LGS1ORD0004010,C000497,2025-11-14 13:00:00,Female,46,Bronze,CallCenter,Chiang Mai,1077,Home_Appliance,PureAir,True,3.62,No Promotion,0.0,TV_Show,COD,2,10981.78,0.03,658.91,21304.66,1,13,11,4,0,0
LGS1ORD0004011,C001200,2025-11-14 15:00:00,Female,41,Silver,Web,Bangkok,436,Health,WellPlus,False,4.14,Campaign,0.15,TV_Show,Bank_Transfer,2,698.75,0.2,279.5,1118.0,4,15,11,4,0,0
LGS1ORD0004012,C001145,2025-11-14 17:00:00,Female,50,Silver,TV,Bangkok,1722,Electronics,NovaTech,False,3.68,Campaign,0.05,CallCenter,Credit_Card,1,4709.23,0.1,470.92,4238.31,5,17,11,4,0,0
LGS1ORD0004013,C000163,2025-11-14 19:00:00,Female,56,Bronze,Web,Nakhon Ratchasima,329,Cosmetics,FreshLook,False,3.93,No Promotion,0.0,Shopee,COD,2,1507.4,0.03,90.44,2924.36,4,19,11,4,0,0
LGS1ORD0004014,C000509,2025-11-14 21:00:00,Male,40,Silver,Web,Chonburi,1144,Health,VitaLife,False,4.26,Clearance,0.2,CallCenter,COD,1,442.76,0.25,110.69,332.07,1,21,11,4,0,0
LGS1ORD0004015,C000954,2025-11-14 23:00:00,Female,30,Silver,Shopee,Chiang Mai,898,Cosmetics,SunSafe,False,3.9,Clearance,0.25,CallCenter,Credit_Card,1,2094.57,0.3,628.37,1466.2,5,23,11,4,0,0
LGS1ORD0004016,C000760,2025-11-15 00:00:00,Male,31,Bronze,TV,Bangkok,1438,Home_Appliance,HomePro,True,3.97,Clearance,0.25,Lazada,COD,1,8796.65,0.28,2463.06,6333.59,4,0,11,5,1,0
LGS1ORD0004017,C001173,2025-11-15 02:00:00,Female,55,Gold,Web,Bangkok,545,Kitchen,ChefHome,False,4.2,Campaign,0.05,CallCenter,COD,1,3412.19,0.13,443.58,2968.61,4,2,11,5,1,0
LGS1ORD0004018,C000898,2025-11-15 04:00:00,Female,49,Silver,Shopee,Bangkok,1233,Cosmetics,SunSafe,True,3.96,No Promotion,0.0,Shopee,COD,1,295.77,0.05,14.79,280.98,4,4,11,5,1,1
LGS1ORD0004019,C000570,2025-11-15 06:00:00,Other,49,Bronze,Shopee,Chonburi,1221,Cosmetics,SunSafe,False,4.25,Campaign,0.05,TV_Show,COD,1,1276.15,0.08,102.09,1174.06,1,6,11,5,1,1
LGS1ORD0004020,C000772,2025-11-15 08:00:00,Male,40,Gold,Web,Bangkok,590,Cosmetics,FreshLook,False,4.07,Campaign,0.1,TV_Show,COD,2,1712.18,0.18,616.38,2807.98,1,8,11,5,1,0
LGS1ORD0004021,C001132,2025-11-15 10:00:00,Male,45,Gold,TV,Chiang Mai,982,Cosmetics,Beauty Lab,False,3.9,No Promotion,0.0,TV_Show,COD,3,1725.25,0.08,414.06,4761.69,1,10,11,5,1,0
LGS1ORD0004022,C000763,2025-11-15 12:00:00,Male,70,Bronze,TV,Bangkok,821,Cosmetics,Beauty Lab,True,4.21,Clearance,0.25,Lazada,COD,1,2073.92,0.28,580.7,1493.22,1,12,11,5,1,0
LGS1ORD0004023,C000913,2025-11-15 14:00:00,Female,64,Bronze,Lazada,Songkhla,916,Fashion,UrbanWear,False,3.45,No Promotion,0.0,Web,COD,1,1156.05,0.03,34.68,1121.37,5,14,11,5,1,0
LGS1ORD0004024,C000284,2025-11-15 16:00:00,Female,35,Silver,Shopee,Khon Kaen,780,Fashion,FitStyle,False,3.7,Campaign,0.15,CallCenter,COD,1,2393.54,0.2,478.71,1914.83,3,16,11,5,1,0
LGS1ORD0004025,C000496,2025-11-15 18:00:00,Male,55,Bronze,Web,Remote_Area,757,Home_Appliance,PureAir,False,4.11,Clearance,0.2,TV_Show,Bank_Transfer,2,6556.63,0.23,3016.05,10097.21,5,18,11,5,1,1
LGS1ORD0004026,C000735,2025-11-15 19:00:00,Female,38,Bronze,Web,Chonburi,1427,Fashion,FitStyle,False,3.41,Clearance,0.25,Shopee,COD,2,586.35,0.28,328.36,844.34,1,19,11,5,1,1
LGS1ORD0004027,C000434,2025-11-15 21:00:00,Male,47,Silver,Shopee,Khon Kaen,655,Electronics,GadgetWorld,False,4.07,Clearance,0.2,Lazada,Credit_Card,1,1207.87,0.25,301.97,905.9,4,21,11,5,1,0
LGS1ORD0004028,C000217,2025-11-15 23:00:00,Male,57,Bronze,TV,Remote_Area,469,Home_Appliance,CleanMate,True,4.06,No Promotion,0.0,Lazada,COD,2,5446.45,0.03,326.79,10566.11,5,23,11,5,1,0
LGS1ORD0004029,C000109,2025-11-16 01:00:00,Male,22,Bronze,CallCenter,Bangkok,1610,Home_Appliance,HomePro,False,4.29,Clearance,0.25,Web,COD,3,1632.09,0.28,1370.96,3525.32,4,1,11,6,1,0
LGS1ORD0004030,C000589,2025-11-16 03:00:00,Female,45,Platinum,Web,Chiang Mai,1560,Health,VitaLife,False,4.47,Clearance,0.2,TV_Show,PromptPay,2,913.9,0.3,548.34,1279.47,3,3,11,6,1,0
LGS1ORD0004031,C000042,2025-11-16 05:00:00,Female,54,Silver,CallCenter,Songkhla,1593,Fashion,SilkTouch,False,3.86,Clearance,0.2,TV_Show,COD,2,2125.43,0.25,1062.71,3188.14,5,5,11,6,1,1
LGS1ORD0004032,C000444,2025-11-16 07:00:00,Male,34,Gold,Shopee,Phuket,1421,Fashion,UrbanWear,True,3.77,No Promotion,0.0,TV_Show,Bank_Transfer,2,1903.48,0.08,304.56,3502.4,1,7,11,6,1,0
LGS1ORD0004033,C000268,2025-11-16 09:00:00,Female,36,Silver,Shopee,Khon Kaen,1304,Health,MediCare,False,4.51,Campaign,0.05,Web,COD,3,3246.45,0.1,973.94,8765.43,4,9,11,6,1,0
LGS1ORD0004034,C000955,2025-11-16 11:00:00,Female,65,Silver,TV,Nakhon Ratchasima,1363,Health,VitaLife,True,4.67,Campaign,0.05,Shopee,COD,2,3701.05,0.1,740.21,6661.89,3,11,11,6,1,0
LGS1ORD0004035,C000642,2025-11-16 13:00:00,Female,52,Bronze,CallCenter,Bangkok,554,Electronics,ShieldCase,False,4.03,No Promotion,0.0,Web,Credit_Card,2,10574.11,0.03,634.45,20513.77,3,13,11,6,1,1
LGS1ORD0004036,C000994,2025-11-16 14:00:00,Male,47,Bronze,Shopee,Bangkok,1025,Kitchen,KitchenMax,True,3.89,Clearance,0.2,Web,COD,3,3847.81,0.23,2654.99,8888.44,1,14,11,6,1,0
LGS1ORD0004037,C001106,2025-11-16 16:00:00,Female,47,Bronze,Shopee,Bangkok,1204,Electronics,ShieldCase,False,3.96,Campaign,0.15,Lazada,COD,1,3072.96,0.18,553.13,2519.83,3,16,11,6,1,1
LGS1ORD0004038,C000274,2025-11-16 18:00:00,Male,42,Bronze,CallCenter,Bangkok,998,Electronics,NovaTech,True,3.71,Campaign,0.15,Lazada,COD,1,1961.5,0.18,353.07,1608.43,5,18,11,6,1,1
LGS1ORD0004039,C000407,2025-11-16 20:00:00,Female,19,Bronze,Shopee,Remote_Area,553,Home_Appliance,PureAir,True,3.7,Clearance,0.25,Shopee,COD,1,3101.04,0.28,868.29,2232.75,1,20,11,6,1,1
LGS1ORD0004040,C001139,2025-11-16 22:00:00,Female,66,Bronze,CallCenter,Bangkok,371,Health,VitaLife,False,4.36,Campaign,0.15,Web,PromptPay,3,379.54,0.18,204.95,933.66,3,22,11,6,1,0
LGS1ORD0004041,C000899,2025-11-17 00:00:00,Female,51,Bronze,TV,Songkhla,773,Fashion,FitStyle,False,3.53,Campaign,0.05,Lazada,Credit_Card,2,1833.62,0.08,293.38,3373.87,4,0,11,0,0,0
LGS1ORD0004042,C000327,2025-11-17 02:00:00,Male,43,Silver,Lazada,Bangkok,1476,Cosmetics,FreshLook,False,3.86,Clearance,0.25,TV_Show,COD,2,2099.15,0.3,1259.49,2938.81,5,2,11,0,0,0
LGS1ORD0004043,C000336,2025-11-17 04:00:00,Female,18,Platinum,Lazada,Khon Kaen,1755,Fashion,UrbanWear,False,3.68,Campaign,0.05,Shopee,Bank_Transfer,3,975.54,0.15,438.99,2487.63,1,4,11,0,0,0
LGS1ORD0004044,C000934,2025-11-17 06:00:00,Male,18,Gold,Shopee,Bangkok,915,Fashion,UrbanWear,False,3.72,No Promotion,0.0,Shopee,COD,2,2543.26,0.08,406.92,4679.6,1,6,11,0,0,1
LGS1ORD0004045,C000454,2025-11-17 08:00:00,Female,60,Bronze,TV,Remote_Area,1080,Home_Appliance,PureAir,True,4.2,Campaign,0.05,TV_Show,COD,1,11092.99,0.08,887.44,10205.55,5,8,11,0,0,1
LGS1ORD0004046,C001103,2025-11-17 09:00:00,Female,36,Bronze,TV,Remote_Area,1277,Electronics,ShieldCase,True,3.63,Campaign,0.15,TV_Show,Credit_Card,1,3586.62,0.18,645.59,2941.03,3,9,11,0,0,1
LGS1ORD0004047,C000100,2025-11-17 11:00:00,Female,52,Gold,CallCenter,Bangkok,1083,Fashion,SilkTouch,False,3.5,Campaign,0.05,Web,COD,1,1924.84,0.13,250.23,1674.61,5,11,11,0,0,0
LGS1ORD0004048,C000669,2025-11-17 13:00:00,Female,18,Silver,CallCenter,Chonburi,684,Fashion,SilkTouch,True,3.91,Campaign,0.05,Shopee,COD,4,644.79,0.1,257.92,2321.25,3,13,11,0,0,1
LGS1ORD0004049,C000105,2025-11-17 15:00:00,Male,46,Silver,TV,Khon Kaen,813,Electronics,NovaTech,False,3.68,Campaign,0.05,Shopee,COD,1,4595.45,0.1,459.54,4135.9,1,15,11,0,0,0
LGS1ORD0004050,C000708,2025-11-17 17:00:00,Male,57,Silver,Shopee,Chonburi,1138,Home_Appliance,CleanMate,False,4.07,Campaign,0.15,CallCenter,Credit_Card,2,8430.72,0.2,3372.29,13489.15,3,17,11,0,0,0
LGS1ORD0004051,C000487,2025-11-17 19:00:00,Female,45,Gold,CallCenter,Bangkok,1048,Kitchen,ChefHome,True,4.23,Clearance,0.25,Shopee,COD,2,1910.1,0.33,1260.66,2559.53,3,19,11,0,0,0
LGS1ORD0004052,C001029,2025-11-17 21:00:00,Male,19,Bronze,Shopee,Bangkok,697,Fashion,UrbanWear,False,3.49,Campaign,0.05,Shopee,COD,2,500.81,0.08,80.13,921.49,5,21,11,0,0,0
LGS1ORD0004053,C000017,2025-11-17 23:00:00,Female,42,Silver,Shopee,Nakhon Ratchasima,1275,Fashion,UrbanWear,False,3.72,No Promotion,0.0,Web,COD,3,2587.86,0.05,388.18,7375.4,5,23,11,0,0,1
LGS1ORD0004054,C000436,2025-11-18 01:00:00,Female,70,Bronze,Web,Phuket,1614,Electronics,ShieldCase,False,3.9,Campaign,0.15,TV_Show,COD,1,2086.48,0.18,375.57,1710.92,3,1,11,1,0,1
LGS1ORD0004055,C000354,2025-11-18 03:00:00,Female,35,Bronze,Lazada,Nakhon Ratchasima,786,Electronics,GadgetWorld,True,4.17,Clearance,0.25,Lazada,Credit_Card,4,3027.46,0.28,3390.76,8719.1,1,3,11,1,0,0
LGS1ORD0004056,C000458,2025-11-18 04:00:00,Female,56,Silver,CallCenter,Remote_Area,802,Fashion,UrbanWear,True,3.68,Clearance,0.2,Shopee,COD,1,1870.31,0.25,467.58,1402.73,5,4,11,1,0,1
LGS1ORD0004057,C000208,2025-11-18 06:00:00,Female,35,Bronze,CallCenter,Songkhla,665,Electronics,GadgetWorld,False,3.83,Clearance,0.2,Lazada,Credit_Card,2,2370.53,0.23,1090.44,3650.62,5,6,11,1,0,0
LGS1ORD0004058,C000242,2025-11-18 08:00:00,Male,29,Gold,Web,Khon Kaen,947,Fashion,UrbanWear,False,3.6,Clearance,0.2,Shopee,Credit_Card,1,809.78,0.28,226.74,583.04,5,8,11,1,0,0
LGS1ORD0004059,C000592,2025-11-18 10:00:00,Male,44,Bronze,Lazada,Chonburi,1637,Cosmetics,FreshLook,False,4.22,Campaign,0.15,Shopee,COD,1,1501.46,0.18,270.26,1231.2,4,10,11,1,0,0
LGS1ORD0004060,C000440,2025-11-18 12:00:00,Female,60,Gold,Lazada,Bangkok,766,Home_Appliance,PureAir,True,3.62,Campaign,0.15,Lazada,COD,1,11113.49,0.2299999999999999,2556.1,8557.39,3,12,11,1,0,0
LGS1ORD0004061,C000310,2025-11-18 14:00:00,Female,64,Bronze,TV,Nakhon Ratchasima,1055,Home_Appliance,PureAir,True,4.14,Campaign,0.05,Shopee,COD,2,4115.47,0.08,658.47,7572.46,3,14,11,1,0,0
LGS1ORD0004062,C001155,2025-11-18 16:00:00,Male,42,Silver,CallCenter,Chonburi,540,Cosmetics,FreshLook,False,4.0,No Promotion,0.0,Lazada,Credit_Card,1,1970.33,0.05,98.52,1871.81,3,16,11,1,0,0
LGS1ORD0004063,C000969,2025-11-18 18:00:00,Female,31,Silver,TV,Songkhla,801,Electronics,GadgetWorld,False,3.74,Campaign,0.15,Lazada,COD,1,1378.16,0.2,275.63,1102.53,3,18,11,1,0,0
LGS1ORD0004064,C000936,2025-11-18 20:00:00,Male,36,Bronze,CallCenter,Chonburi,1207,Cosmetics,Beauty Lab,False,4.22,Campaign,0.1,TV_Show,COD,1,1640.35,0.13,213.25,1427.11,4,20,11,1,0,0
LGS1ORD0004065,C000458,2025-11-18 22:00:00,Female,56,Silver,CallCenter,Remote_Area,802,Electronics,GadgetWorld,False,3.66,Campaign,0.15,Web,Credit_Card,1,6121.03,0.2,1224.21,4896.82,4,22,11,1,0,1
LGS1ORD0004066,C001169,2025-11-18 23:00:00,Female,30,Bronze,Lazada,Chonburi,614,Kitchen,KitchenMax,True,3.98,Clearance,0.2,TV_Show,Bank_Transfer,4,2759.22,0.23,2538.48,8498.41,3,23,11,1,0,0
LGS1ORD0004067,C000628,2025-11-19 01:00:00,Male,43,Bronze,CallCenter,Bangkok,1126,Fashion,UrbanWear,True,3.77,Clearance,0.2,Web,PromptPay,1,1785.6,0.23,410.69,1374.91,3,1,11,2,0,0
LGS1ORD0004068,C001004,2025-11-19 03:00:00,Male,57,Silver,Web,Bangkok,977,Fashion,SilkTouch,False,3.65,Campaign,0.05,Lazada,COD,1,1713.66,0.1,171.37,1542.29,3,3,11,2,0,0
LGS1ORD0004069,C001058,2025-11-19 05:00:00,Female,45,Bronze,Web,Khon Kaen,458,Fashion,UrbanWear,False,3.75,Clearance,0.25,Shopee,COD,1,778.8,0.28,218.06,560.73,1,5,11,2,0,0
LGS1ORD0004070,C000217,2025-11-19 07:00:00,Male,57,Bronze,TV,Remote_Area,473,Home_Appliance,PureAir,True,3.92,Campaign,0.15,Lazada,COD,1,3361.53,0.18,605.07,2756.45,3,7,11,2,0,0
LGS1ORD0004071,C000708,2025-11-19 09:00:00,Male,57,Silver,Shopee,Chonburi,1140,Home_Appliance,HomePro,True,3.76,No Promotion,0.0,TV_Show,Credit_Card,3,12352.28,0.05,1852.84,35204.01,3,9,11,2,0,1
LGS1ORD0004072,C000099,2025-11-19 11:00:00,Female,37,Silver,TV,Chonburi,557,Health,VitaLife,True,4.67,Campaign,0.05,Web,Credit_Card,3,3589.18,0.1,1076.75,9690.78,4,11,11,2,0,0
LGS1ORD0004073,C001008,2025-11-19 13:00:00,Other,35,Bronze,TV,Bangkok,674,Cosmetics,Beauty Lab,False,4.5,No Promotion,0.0,CallCenter,PromptPay,1,1271.12,0.03,38.13,1232.98,3,13,11,2,0,0
LGS1ORD0004074,C000065,2025-11-19 15:00:00,Male,45,Bronze,Shopee,Chonburi,1078,Home_Appliance,HomePro,True,3.76,Campaign,0.15,Shopee,COD,1,12785.09,0.18,2301.32,10483.77,1,15,11,2,0,0
LGS1ORD0004075,C000394,2025-11-19 17:00:00,Male,40,Bronze,Shopee,Chiang Mai,582,Cosmetics,SunSafe,True,4.2,Campaign,0.05,Web,Credit_Card,1,2050.53,0.08,164.04,1886.49,1,17,11,2,0,1
LGS1ORD0004076,C000340,2025-11-19 18:00:00,Female,28,Gold,Lazada,Songkhla,514,Cosmetics,Beauty Lab,False,4.22,Campaign,0.15,Shopee,COD,1,1583.29,0.2299999999999999,364.16,1219.13,1,18,11,2,0,0
LGS1ORD0004077,C001098,2025-11-19 20:00:00,Male,39,Silver,Web,Phuket,1645,Home_Appliance,PureAir,True,3.62,No Promotion,0.0,TV_Show,COD,2,10074.49,0.05,1007.45,19141.52,4,20,11,2,0,1
LGS1ORD0004078,C000884,2025-11-19 22:00:00,Male,27,Bronze,Shopee,Chonburi,1562,Cosmetics,SunSafe,False,4.31,No Promotion,0.0,Shopee,Bank_Transfer,2,1403.49,0.03,84.21,2722.77,4,22,11,2,0,0
LGS1ORD0004079,C000132,2025-11-20 00:00:00,Female,18,Bronze,TV,Chonburi,993,Fashion,FitStyle,False,3.44,No Promotion,0.0,Shopee,Credit_Card,1,876.28,0.03,26.29,849.99,3,0,11,3,0,0
LGS1ORD0004080,C001163,2025-11-20 02:00:00,Male,37,Bronze,TV,Phuket,402,Health,MediCare,False,4.4,Clearance,0.2,Web,COD,1,4015.37,0.23,923.53,3091.83,1,2,11,3,0,0
LGS1ORD0004081,C000557,2025-11-20 04:00:00,Female,23,Bronze,Shopee,Bangkok,1214,Cosmetics,FreshLook,False,4.05,No Promotion,0.0,Shopee,COD,1,759.59,0.03,22.79,736.81,4,4,11,3,0,1
LGS1ORD0004082,C000903,2025-11-20 06:00:00,Female,31,Silver,TV,Chiang Mai,1776,Electronics,ShieldCase,True,3.7,Clearance,0.2,CallCenter,COD,1,10309.24,0.25,2577.31,7731.93,1,6,11,3,0,1
LGS1ORD0004083,C000103,2025-11-20 08:00:00,Male,42,Bronze,TV,Remote_Area,1400,Health,VitaLife,False,3.95,Campaign,0.1,Web,Bank_Transfer,1,1912.24,0.13,248.59,1663.65,3,8,11,3,0,0
LGS1ORD0004084,C000372,2025-11-20 10:00:00,Female,18,Gold,Web,Bangkok,1559,Kitchen,KitchenMax,True,3.89,Campaign,0.15,Shopee,COD,1,3861.57,0.2299999999999999,888.16,2973.41,4,10,11,3,0,0
LGS1ORD0004085,C000954,2025-11-20 12:00:00,Female,30,Silver,Shopee,Chiang Mai,904,Fashion,FitStyle,False,3.75,Clearance,0.25,Shopee,COD,1,2051.07,0.3,615.32,1435.75,1,12,11,3,0,0
LGS1ORD0004086,C000942,2025-11-20 14:00:00,Female,37,Gold,CallCenter,Khon Kaen,1301,Electronics,NovaTech,False,3.77,Campaign,0.05,CallCenter,COD,1,6131.15,0.13,797.05,5334.1,1,14,11,3,0,0
LGS1ORD0004087,C000901,2025-11-20 15:00:00,Other,35,Bronze,TV,Remote_Area,1670,Electronics,GadgetWorld,False,3.81,Campaign,0.15,TV_Show,COD,1,516.72,0.18,93.01,423.71,1,15,11,3,0,0
LGS1ORD0004088,C000321,2025-11-20 17:00:00,Female,33,Bronze,Shopee,Bangkok,1323,Cosmetics,SunSafe,True,4.42,Campaign,0.1,Web,Credit_Card,1,1736.53,0.13,225.75,1510.78,4,17,11,3,0,0
LGS1ORD0004089,C000922,2025-11-20 19:00:00,Female,64,Bronze,TV,Bangkok,514,Electronics,ShieldCase,False,3.96,Campaign,0.1,Shopee,COD,3,3277.92,0.13,1278.39,8555.37,5,19,11,3,0,0
LGS1ORD0004090,C000412,2025-11-20 21:00:00,Female,35,Platinum,Web,Khon Kaen,990,Fashion,FitStyle,False,3.69,No Promotion,0.0,Lazada,Credit_Card,4,860.69,0.1,344.27,3098.47,1,21,11,3,0,0
LGS1ORD0004091,C001150,2025-11-20 23:00:00,Female,55,Bronze,Lazada,Khon Kaen,556,Home_Appliance,CleanMate,True,4.1,Clearance,0.2,TV_Show,COD,2,1308.57,0.23,601.94,2015.2,3,23,11,3,0,0
LGS1ORD0004092,C001087,2025-11-21 01:00:00,Female,52,Bronze,TV,Khon Kaen,1096,Kitchen,ChefHome,True,3.95,No Promotion,0.0,Shopee,COD,4,1317.63,0.03,158.12,5112.42,5,1,11,4,0,0
LGS1ORD0004093,C001091,2025-11-21 03:00:00,Female,57,Bronze,TV,Bangkok,1169,Fashion,SilkTouch,False,3.75,Campaign,0.15,TV_Show,COD,1,1426.63,0.18,256.79,1169.83,1,3,11,4,0,0
LGS1ORD0004094,C000380,2025-11-21 05:00:00,Female,45,Gold,CallCenter,Chonburi,821,Health,MediCare,False,3.83,Campaign,0.15,Web,COD,3,3439.01,0.2299999999999999,2372.92,7944.11,1,5,11,4,0,0
LGS1ORD0004095,C000772,2025-11-21 07:00:00,Male,40,Gold,Web,Bangkok,596,Kitchen,ChefHome,True,3.63,Campaign,0.15,TV_Show,COD,2,354.21,0.2299999999999999,162.94,545.49,3,7,11,4,0,0
LGS1ORD0004096,C000026,2025-11-21 09:00:00,Female,49,Bronze,TV,Nakhon Ratchasima,417,Electronics,GadgetWorld,True,4.0,Campaign,0.15,CallCenter,COD,2,2646.65,0.18,952.79,4340.51,5,9,11,4,0,1
LGS1ORD0004097,C000872,2025-11-21 10:00:00,Female,47,Bronze,TV,Remote_Area,1303,Fashion,UrbanWear,False,3.82,No Promotion,0.0,Shopee,Credit_Card,1,636.27,0.03,19.09,617.18,1,10,11,4,0,0
LGS1ORD0004098,C001130,2025-11-21 12:00:00,Male,37,Bronze,TV,Bangkok,1739,Fashion,SilkTouch,False,3.87,Clearance,0.2,Web,COD,1,2381.27,0.23,547.69,1833.58,1,12,11,4,0,0
LGS1ORD0004099,C000174,2025-11-21 14:00:00,Female,51,Gold,Shopee,Khon Kaen,794,Fashion,SilkTouch,False,3.47,Clearance,0.25,Lazada,COD,1,1835.18,0.33,605.61,1229.57,4,14,11,4,0,1
LGS1ORD0004100,C000824,2025-11-21 16:00:00,Male,53,Gold,Shopee,Remote_Area,845,Cosmetics,Beauty Lab,False,3.79,Clearance,0.2,Shopee,Credit_Card,2,1483.65,0.28,830.85,2136.46,4,16,11,4,0,0
LGS1ORD0004101,C000863,2025-11-21 18:00:00,Female,32,Gold,Web,Khon Kaen,570,Kitchen,ChefHome,False,4.02,Clearance,0.2,Shopee,Credit_Card,1,623.99,0.28,174.72,449.27,5,18,11,4,0,0
LGS1ORD0004102,C001057,2025-11-21 20:00:00,Female,61,Silver,TV,Khon Kaen,1592,Fashion,SilkTouch,True,3.91,Campaign,0.05,Shopee,Bank_Transfer,2,666.16,0.1,133.23,1199.1,3,20,11,4,0,0
LGS1ORD0004103,C000120,2025-11-21 22:00:00,Male,48,Platinum,Web,Songkhla,1104,Fashion,UrbanWear,False,3.51,Clearance,0.25,Shopee,Credit_Card,3,462.59,0.35,485.72,902.05,3,22,11,4,0,0
LGS1ORD0004104,C000855,2025-11-22 00:00:00,Female,32,Gold,CallCenter,Songkhla,1623,Health,WellPlus,False,4.37,Campaign,0.15,Web,Credit_Card,4,3952.4,0.2299999999999999,3636.21,12173.4,5,0,11,5,1,0
LGS1ORD0004105,C000979,2025-11-22 02:00:00,Male,51,Bronze,TV,Khon Kaen,1061,Home_Appliance,PureAir,False,4.16,No Promotion,0.0,Lazada,COD,1,9388.87,0.03,281.67,9107.21,3,2,11,5,1,1
LGS1ORD0004106,C000644,2025-11-22 04:00:00,Male,36,Gold,CallCenter,Bangkok,1042,Fashion,SilkTouch,True,3.4,Clearance,0.2,TV_Show,COD,1,1762.47,0.28,493.49,1268.98,3,4,11,5,1,1
LGS1ORD0004107,C000435,2025-11-22 05:00:00,Female,66,Bronze,TV,Chonburi,1545,Electronics,NovaTech,False,3.87,No Promotion,0.0,Shopee,COD,3,2091.63,0.03,188.25,6086.65,5,5,11,5,1,0
LGS1ORD0004108,C001179,2025-11-22 07:00:00,Female,35,Bronze,TV,Chonburi,1307,Cosmetics,FreshLook,False,4.2,Clearance,0.25,Shopee,Credit_Card,2,1457.37,0.28,816.13,2098.61,3,7,11,5,1,0
LGS1ORD0004109,C000665,2025-11-22 09:00:00,Male,39,Silver,TV,Khon Kaen,942,Cosmetics,SunSafe,True,3.96,Campaign,0.15,TV_Show,COD,1,288.81,0.2,57.76,231.05,1,9,11,5,1,1
LGS1ORD0004110,C000082,2025-11-22 11:00:00,Female,56,Gold,Lazada,Songkhla,789,Health,VitaLife,False,3.95,Campaign,0.15,Lazada,COD,2,1886.88,0.2299999999999999,867.97,2905.8,1,11,11,5,1,0
LGS1ORD0004111,C000467,2025-11-22 13:00:00,Male,41,Bronze,CallCenter,Bangkok,1169,Fashion,UrbanWear,False,3.6,Clearance,0.2,CallCenter,Credit_Card,1,2259.82,0.23,519.76,1740.06,1,13,11,5,1,1
LGS1ORD0004112,C001170,2025-11-22 15:00:00,Male,44,Bronze,Web,Chiang Mai,1519,Electronics,NovaTech,False,3.7,Campaign,0.15,Shopee,COD,2,6429.14,0.18,2314.49,10543.79,1,15,11,5,1,1
LGS1ORD0004113,C000888,2025-11-22 17:00:00,Female,56,Bronze,TV,Khon Kaen,837,Home_Appliance,CleanMate,True,4.0,Campaign,0.05,Lazada,Credit_Card,3,10306.17,0.08,2473.48,28445.02,1,17,11,5,1,0
LGS1ORD0004114,C000168,2025-11-22 19:00:00,Female,32,Gold,Web,Chiang Mai,627,Home_Appliance,PureAir,False,4.37,No Promotion,0.0,TV_Show,PromptPay,1,5870.21,0.08,469.62,5400.59,1,19,11,5,1,0
LGS1ORD0004115,C001036,2025-11-22 21:00:00,Male,36,Gold,Lazada,Bangkok,1363,Kitchen,ChefHome,False,4.34,Campaign,0.1,Web,COD,1,2784.09,0.18,501.14,2282.95,5,21,11,5,1,0
LGS1ORD0004116,C001049,2025-11-22 23:00:00,Male,53,Bronze,Shopee,Remote_Area,773,Electronics,NovaTech,True,3.5,Clearance,0.25,Lazada,COD,1,7275.97,0.28,2037.27,5238.7,5,23,11,5,1,1
LGS1ORD0004117,C001005,2025-11-23 00:00:00,Male,46,Gold,Lazada,Nakhon Ratchasima,1175,Cosmetics,SunSafe,False,4.06,Campaign,0.1,TV_Show,COD,2,644.98,0.18,232.19,1057.76,1,0,11,6,1,0
LGS1ORD0004118,C000093,2025-11-23 02:00:00,Male,48,Bronze,Web,Remote_Area,1480,Electronics,ShieldCase,False,3.8,No Promotion,0.0,Shopee,PromptPay,1,6595.77,0.03,197.87,6397.89,1,2,11,6,1,0
LGS1ORD0004119,C000360,2025-11-23 04:00:00,Female,50,Platinum,Shopee,Songkhla,455,Fashion,FitStyle,False,3.36,Campaign,0.15,Shopee,COD,1,1053.21,0.25,263.3,789.91,5,4,11,6,1,1
LGS1ORD0004120,C000110,2025-11-23 06:00:00,Female,48,Gold,TV,Phuket,662,Cosmetics,FreshLook,False,4.21,Campaign,0.05,Lazada,PromptPay,1,480.73,0.13,62.5,418.24,5,6,11,6,1,0
LGS1ORD0004121,C000615,2025-11-23 08:00:00,Female,44,Bronze,TV,Remote_Area,1188,Electronics,ShieldCase,False,4.03,Campaign,0.15,Web,PromptPay,4,11182.71,0.18,8051.55,36679.3,5,8,11,6,1,0
LGS1ORD0004122,C000159,2025-11-23 10:00:00,Female,42,Bronze,CallCenter,Songkhla,1700,Electronics,ShieldCase,True,3.7,Campaign,0.15,Lazada,COD,1,9609.25,0.18,1729.67,7879.59,3,10,11,6,1,0
LGS1ORD0004123,C000677,2025-11-23 12:00:00,Female,52,Gold,Lazada,Bangkok,1090,Fashion,UrbanWear,False,3.6,Campaign,0.15,TV_Show,COD,1,815.08,0.2299999999999999,187.47,627.61,5,12,11,6,1,1
LGS1ORD0004124,C000436,2025-11-23 14:00:00,Female,70,Bronze,Web,Phuket,1619,Cosmetics,FreshLook,False,4.21,Campaign,0.15,TV_Show,COD,1,463.05,0.18,83.35,379.7,4,14,11,6,1,0
LGS1ORD0004125,C000815,2025-11-23 16:00:00,Female,45,Bronze,Shopee,Khon Kaen,787,Home_Appliance,PureAir,True,4.25,Campaign,0.15,TV_Show,COD,1,13959.14,0.18,2512.64,11446.49,3,16,11,6,1,0
LGS1ORD0004126,C000127,2025-11-23 18:00:00,Male,53,Bronze,Web,Nakhon Ratchasima,1333,Electronics,NovaTech,True,4.02,No Promotion,0.0,TV_Show,COD,1,11350.01,0.03,340.5,11009.51,5,18,11,6,1,0
LGS1ORD0004127,C000188,2025-11-23 19:00:00,Male,57,Bronze,TV,Chonburi,1341,Health,WellPlus,True,4.22,No Promotion,0.0,TV_Show,PromptPay,1,4480.26,0.03,134.41,4345.86,1,19,11,6,1,0
LGS1ORD0004128,C000623,2025-11-23 21:00:00,Male,46,Bronze,Shopee,Chonburi,1639,Home_Appliance,HomePro,True,4.33,Clearance,0.2,Shopee,COD,3,9706.66,0.23,6697.59,22422.38,5,21,11,6,1,0
LGS1ORD0004129,C000543,2025-11-23 23:00:00,Female,47,Bronze,Shopee,Phuket,457,Cosmetics,Beauty Lab,False,4.23,Clearance,0.25,CallCenter,COD,1,1410.62,0.28,394.97,1015.65,4,23,11,6,1,0
LGS1ORD0004130,C000080,2025-11-24 01:00:00,Female,39,Bronze,Web,Nakhon Ratchasima,540,Home_Appliance,CleanMate,False,4.58,Clearance,0.2,TV_Show,Credit_Card,2,2358.49,0.23,1084.91,3632.08,1,1,11,0,0,0
LGS1ORD0004131,C000289,2025-11-24 03:00:00,Male,66,Gold,Web,Remote_Area,1130,Health,VitaLife,False,4.39,No Promotion,0.0,Shopee,Credit_Card,2,2514.85,0.08,402.38,4627.33,1,3,11,0,0,0
LGS1ORD0004132,C000133,2025-11-24 05:00:00,Female,25,Bronze,Web,Khon Kaen,818,Kitchen,ChefHome,False,4.08,Campaign,0.15,Web,COD,2,5233.42,0.18,1884.03,8582.81,1,5,11,0,0,0
LGS1ORD0004133,C000190,2025-11-24 07:00:00,Female,46,Bronze,CallCenter,Remote_Area,1230,Electronics,ShieldCase,True,3.43,Clearance,0.2,Shopee,Credit_Card,3,5260.81,0.23,3629.96,12152.48,3,7,11,0,0,1
LGS1ORD0004134,C000991,2025-11-24 09:00:00,Female,42,Bronze,TV,Nakhon Ratchasima,1444,Home_Appliance,CleanMate,True,4.24,Clearance,0.2,Shopee,COD,1,7366.97,0.23,1694.4,5672.57,5,9,11,0,0,0
LGS1ORD0004135,C000985,2025-11-24 11:00:00,Female,45,Bronze,Web,Bangkok,1185,Kitchen,KitchenMax,True,4.1,Campaign,0.05,TV_Show,PromptPay,2,2818.37,0.08,450.94,5185.79,1,11,11,0,0,0
LGS1ORD0004136,C000116,2025-11-24 13:00:00,Female,63,Gold,Web,Khon Kaen,1620,Fashion,SilkTouch,True,3.4,Clearance,0.25,TV_Show,COD,1,1734.33,0.33,572.33,1162.0,1,13,11,0,0,1
LGS1ORD0004137,C000512,2025-11-24 14:00:00,Male,38,Bronze,CallCenter,Phuket,764,Electronics,ShieldCase,False,3.9,Clearance,0.25,TV_Show,Bank_Transfer,1,1895.37,0.28,530.7,1364.66,4,14,11,0,0,0
LGS1ORD0004138,C000135,2025-11-24 16:00:00,Female,58,Bronze,Web,Remote_Area,1363,Electronics,NovaTech,False,4.12,Clearance,0.25,TV_Show,COD,1,10534.25,0.28,2949.59,7584.66,3,16,11,0,0,1
LGS1ORD0004139,C000241,2025-11-24 18:00:00,Male,60,Gold,Web,Bangkok,1520,Home_Appliance,CleanMate,True,3.91,No Promotion,0.0,Lazada,Bank_Transfer,2,7836.11,0.08,1253.78,14418.44,1,18,11,0,0,0
LGS1ORD0004140,C000522,2025-11-24 20:00:00,Female,34,Silver,Lazada,Chiang Mai,1122,Fashion,SilkTouch,False,3.86,No Promotion,0.0,Shopee,Credit_Card,2,541.77,0.05,54.18,1029.37,1,20,11,0,0,1
LGS1ORD0004141,C000750,2025-11-24 22:00:00,Female,46,Bronze,Shopee,Phuket,1708,Cosmetics,SunSafe,True,4.7,Campaign,0.15,Lazada,Credit_Card,2,1701.58,0.18,612.57,2790.58,4,22,11,0,0,0
LGS1ORD0004142,C000552,2025-11-25 00:00:00,Female,34,Silver,TV,Khon Kaen,1622,Home_Appliance,PureAir,True,4.25,Campaign,0.05,TV_Show,COD,1,14713.68,0.1,1471.37,13242.31,5,0,11,1,0,0
LGS1ORD0004143,C000891,2025-11-25 02:00:00,Female,58,Bronze,Web,Bangkok,1513,Electronics,GadgetWorld,True,3.92,Clearance,0.2,Web,Credit_Card,1,6680.86,0.23,1536.6,5144.26,3,2,11,1,0,0
LGS1ORD0004144,C000864,2025-11-25 04:00:00,Male,59,Bronze,Web,Bangkok,1443,Cosmetics,Beauty Lab,False,4.23,No Promotion,0.0,TV_Show,Credit_Card,1,1469.55,0.03,44.09,1425.46,5,4,11,1,0,0
LGS1ORD0004145,C000083,2025-11-25 06:00:00,Female,31,Bronze,Web,Bangkok,1389,Cosmetics,FreshLook,False,4.2,Clearance,0.2,Web,Bank_Transfer,1,1570.19,0.23,361.14,1209.05,1,6,11,1,0,0
LGS1ORD0004146,C000096,2025-11-25 08:00:00,Female,42,Silver,TV,Chonburi,1501,Fashion,FitStyle,False,3.69,Campaign,0.05,Web,Credit_Card,1,867.5,0.1,86.75,780.75,1,8,11,1,0,0
LGS1ORD0004147,C000026,2025-11-25 09:00:00,Female,49,Bronze,TV,Nakhon Ratchasima,421,Health,VitaLife,True,3.9,Campaign,0.05,Web,COD,1,947.91,0.08,75.83,872.07,1,9,11,1,0,0
LGS1ORD0004148,C000146,2025-11-25 11:00:00,Female,53,Silver,TV,Remote_Area,552,Fashion,SilkTouch,False,3.75,No Promotion,0.0,Shopee,Credit_Card,1,1497.58,0.05,74.88,1422.7,1,11,11,1,0,0
LGS1ORD0004149,C000109,2025-11-25 13:00:00,Male,22,Bronze,CallCenter,Bangkok,1619,Fashion,SilkTouch,False,3.5,Clearance,0.2,TV_Show,COD,1,2065.63,0.23,475.09,1590.54,1,13,11,1,0,1
LGS1ORD0004150,C000888,2025-11-25 15:00:00,Female,56,Bronze,TV,Khon Kaen,840,Health,VitaLife,False,4.26,Campaign,0.15,Web,Credit_Card,1,433.07,0.18,77.95,355.12,1,15,11,1,0,0
LGS1ORD0004151,C000570,2025-11-25 17:00:00,Other,49,Bronze,Shopee,Chonburi,1231,Cosmetics,SunSafe,True,3.98,Campaign,0.05,TV_Show,Credit_Card,3,2084.29,0.08,500.23,5752.65,3,17,11,1,0,1
LGS1ORD0004152,C000329,2025-11-25 19:00:00,Male,52,Bronze,Web,Bangkok,443,Electronics,ShieldCase,False,3.77,No Promotion,0.0,TV_Show,COD,2,2834.62,0.03,170.08,5499.16,3,19,11,1,0,0
LGS1ORD0004153,C000989,2025-11-25 21:00:00,Female,56,Silver,Lazada,Chiang Mai,1747,Fashion,SilkTouch,False,3.73,Campaign,0.05,Shopee,COD,1,694.58,0.1,69.46,625.12,3,21,11,1,0,0
LGS1ORD0004154,C000176,2025-11-25 23:00:00,Female,49,Bronze,Lazada,Remote_Area,1533,Cosmetics,FreshLook,False,4.07,No Promotion,0.0,CallCenter,Bank_Transfer,1,1645.19,0.03,49.36,1595.83,1,23,11,1,0,0
LGS1ORD0004155,C000202,2025-11-26 01:00:00,Female,48,Silver,Web,Khon Kaen,650,Fashion,UrbanWear,False,3.82,Campaign,0.05,TV_Show,COD,3,680.34,0.1,204.1,1836.93,3,1,11,2,0,0
LGS1ORD0004156,C000392,2025-11-26 03:00:00,Female,34,Gold,Web,Khon Kaen,942,Electronics,GadgetWorld,True,3.82,Campaign,0.05,Lazada,Bank_Transfer,1,11545.9,0.13,1500.97,10044.93,1,3,11,2,0,0
LGS1ORD0004157,C001127,2025-11-26 04:00:00,Female,44,Gold,Web,Bangkok,1104,Electronics,GadgetWorld,True,3.81,Campaign,0.1,TV_Show,PromptPay,2,8750.71,0.18,3150.26,14351.16,1,4,11,2,0,0
LGS1ORD0004158,C000424,2025-11-26 06:00:00,Female,41,Gold,Lazada,Phuket,675,Health,MediCare,True,4.31,Campaign,0.15,CallCenter,COD,1,745.3,0.2299999999999999,171.42,573.88,4,6,11,2,0,0
LGS1ORD0004159,C000085,2025-11-26 08:00:00,Female,49,Platinum,TV,Bangkok,530,Electronics,GadgetWorld,False,3.61,Clearance,0.2,TV_Show,PromptPay,2,5100.34,0.3,3060.2,7140.48,4,8,11,2,0,1
LGS1ORD0004160,C000936,2025-11-26 10:00:00,Male,36,Bronze,CallCenter,Chonburi,1215,Home_Appliance,PureAir,False,4.11,Campaign,0.1,TV_Show,Bank_Transfer,1,6819.53,0.13,886.54,5932.99,1,10,11,2,0,1
LGS1ORD0004161,C000357,2025-11-26 12:00:00,Male,67,Bronze,TV,Bangkok,1335,Home_Appliance,PureAir,False,4.25,No Promotion,0.0,TV_Show,COD,1,7845.09,0.03,235.35,7609.74,1,12,11,2,0,0
LGS1ORD0004162,C000225,2025-11-26 14:00:00,Male,30,Silver,Web,Chiang Mai,1138,Electronics,GadgetWorld,False,3.78,Campaign,0.15,Lazada,COD,4,5692.13,0.2,4553.71,18214.83,4,14,11,2,0,1
LGS1ORD0004163,C000097,2025-11-26 16:00:00,Female,31,Bronze,TV,Chiang Mai,1058,Health,MediCare,False,4.77,No Promotion,0.0,Lazada,Credit_Card,2,247.33,0.03,14.84,479.82,1,16,11,2,0,0
LGS1ORD0004164,C000921,2025-11-26 18:00:00,Female,61,Bronze,TV,Remote_Area,1058,Electronics,ShieldCase,False,3.54,No Promotion,0.0,Shopee,COD,2,5060.4,0.03,303.62,9817.17,1,18,11,2,0,0
LGS1ORD0004165,C000359,2025-11-26 20:00:00,Female,43,Silver,TV,Bangkok,1099,Electronics,GadgetWorld,False,3.81,Campaign,0.15,CallCenter,Credit_Card,3,514.36,0.2,308.62,1234.46,4,20,11,2,0,0
LGS1ORD0004166,C000594,2025-11-26 22:00:00,Male,35,Gold,Web,Khon Kaen,401,Home_Appliance,PureAir,True,3.7,Clearance,0.25,Shopee,Credit_Card,1,3055.08,0.33,1008.18,2046.9,3,22,11,2,0,1
LGS1ORD0004167,C000634,2025-11-26 23:00:00,Female,66,Platinum,TV,Chonburi,453,Fashion,FitStyle,False,3.51,Campaign,0.15,TV_Show,PromptPay,1,882.44,0.25,220.61,661.83,4,23,11,2,0,1
LGS1ORD0004168,C000989,2025-11-27 01:00:00,Female,56,Silver,Lazada,Chiang Mai,1749,Kitchen,KitchenMax,True,4.13,Campaign,0.05,Web,PromptPay,2,485.72,0.1,97.14,874.29,3,1,11,3,0,0
LGS1ORD0004169,C000749,2025-11-27 03:00:00,Male,18,Silver,TV,Bangkok,1032,Home_Appliance,CleanMate,True,3.91,Campaign,0.15,CallCenter,COD,1,8485.27,0.2,1697.05,6788.22,1,3,11,3,0,0
LGS1ORD0004170,C000288,2025-11-27 05:00:00,Male,42,Bronze,Shopee,Khon Kaen,1464,Cosmetics,SunSafe,False,4.31,No Promotion,0.0,Web,PromptPay,2,1313.67,0.03,78.82,2548.53,4,5,11,3,0,0
LGS1ORD0004171,C000989,2025-11-27 07:00:00,Female,56,Silver,Lazada,Chiang Mai,1749,Health,WellPlus,False,4.32,Campaign,0.05,Web,Credit_Card,2,3217.95,0.1,643.59,5792.32,5,7,11,3,0,0
LGS1ORD0004172,C000145,2025-11-27 09:00:00,Female,52,Gold,Shopee,Khon Kaen,370,Fashion,SilkTouch,False,3.48,Campaign,0.15,TV_Show,Bank_Transfer,2,1527.08,0.2299999999999999,702.46,2351.71,5,9,11,3,0,1
LGS1ORD0004173,C000041,2025-11-27 11:00:00,Female,37,Silver,CallCenter,Khon Kaen,469,Electronics,NovaTech,True,3.46,No Promotion,0.0,Web,Credit_Card,3,7564.81,0.05,1134.72,21559.71,1,11,11,3,0,1
LGS1ORD0004174,C001124,2025-11-27 13:00:00,Male,29,Gold,Shopee,Bangkok,363,Kitchen,ChefHome,False,4.34,Clearance,0.25,Shopee,Credit_Card,3,2656.24,0.33,2629.67,5339.04,1,13,11,3,0,0
LGS1ORD0004175,C000014,2025-11-27 15:00:00,Male,44,Bronze,Shopee,Nakhon Ratchasima,472,Fashion,FitStyle,False,3.72,No Promotion,0.0,Lazada,Bank_Transfer,2,2045.45,0.03,122.73,3968.17,4,15,11,3,0,1
LGS1ORD0004176,C000428,2025-11-27 17:00:00,Female,35,Silver,Shopee,Chiang Mai,491,Fashion,UrbanWear,False,3.72,Campaign,0.05,Lazada,Bank_Transfer,1,2621.03,0.1,262.1,2358.93,1,17,11,3,0,0
LGS1ORD0004177,C000510,2025-11-27 18:00:00,Male,49,Gold,Web,Chonburi,1367,Kitchen,CookEasy,True,3.86,Campaign,0.05,Web,COD,1,1596.62,0.13,207.56,1389.06,4,18,11,3,0,0
LGS1ORD0004178,C000036,2025-11-27 20:00:00,Male,47,Bronze,Shopee,Chiang Mai,756,Cosmetics,SunSafe,True,4.7,Clearance,0.2,TV_Show,PromptPay,2,1678.13,0.23,771.94,2584.32,5,20,11,3,0,0
LGS1ORD0004179,C000290,2025-11-27 22:00:00,Female,50,Bronze,Shopee,Bangkok,535,Kitchen,ChefHome,False,4.32,No Promotion,0.0,TV_Show,COD,2,4489.14,0.03,269.35,8708.94,4,22,11,3,0,0
LGS1ORD0004180,C000706,2025-11-28 00:00:00,Female,49,Bronze,Lazada,Khon Kaen,1303,Health,MediCare,False,4.35,Clearance,0.2,CallCenter,COD,2,3492.76,0.23,1606.67,5378.86,1,0,11,4,0,0
LGS1ORD0004181,C000268,2025-11-28 02:00:00,Female,36,Silver,Shopee,Khon Kaen,1316,Kitchen,CookEasy,True,4.09,Clearance,0.2,TV_Show,Bank_Transfer,3,4420.01,0.25,3315.01,9945.02,4,2,11,4,0,0
LGS1ORD0004182,C001169,2025-11-28 04:00:00,Female,30,Bronze,Lazada,Chonburi,624,Kitchen,CookEasy,True,3.86,Clearance,0.2,Shopee,COD,1,1563.25,0.23,359.55,1203.7,4,4,11,4,0,1
LGS1ORD0004183,C000119,2025-11-28 06:00:00,Male,47,Bronze,TV,Songkhla,471,Fashion,FitStyle,False,3.44,No Promotion,0.0,Web,COD,1,821.19,0.03,24.64,796.56,4,6,11,4,0,1
LGS1ORD0004184,C000370,2025-11-28 08:00:00,Male,45,Silver,Lazada,Bangkok,347,Cosmetics,FreshLook,False,3.94,Campaign,0.05,Lazada,COD,1,991.86,0.1,99.19,892.67,3,8,11,4,0,0
LGS1ORD0004185,C000500,2025-11-28 10:00:00,Male,47,Silver,Shopee,Bangkok,1317,Fashion,FitStyle,False,3.36,Campaign,0.1,Web,PromptPay,1,995.31,0.15,149.3,846.02,3,10,11,4,0,0
LGS1ORD0004186,C000803,2025-11-28 12:00:00,Female,26,Gold,TV,Bangkok,1389,Electronics,GadgetWorld,False,3.8,Campaign,0.1,TV_Show,PromptPay,1,9104.42,0.18,1638.8,7465.62,5,12,11,4,0,0
LGS1ORD0004187,C000102,2025-11-28 14:00:00,Male,26,Bronze,TV,Chonburi,1573,Kitchen,ChefHome,False,4.34,No Promotion,0.0,Lazada,COD,1,5050.38,0.03,151.51,4898.87,1,14,11,4,0,0
LGS1ORD0004188,C001028,2025-11-28 15:00:00,Female,41,Gold,Web,Remote_Area,1660,Cosmetics,FreshLook,False,4.0,Campaign,0.15,Web,COD,4,2106.33,0.2299999999999999,1937.83,6487.5,1,15,11,4,0,0
LGS1ORD0004189,C000298,2025-11-28 17:00:00,Female,49,Silver,Shopee,Khon Kaen,708,Fashion,FitStyle,False,3.53,Campaign,0.1,Shopee,COD,4,1785.31,0.15,1071.19,6070.06,5,17,11,4,0,0
LGS1ORD0004190,C000700,2025-11-28 19:00:00,Female,72,Bronze,TV,Remote_Area,496,Fashion,FitStyle,False,3.6,Clearance,0.2,TV_Show,COD,1,2420.79,0.23,556.78,1864.01,1,19,11,4,0,1
LGS1ORD0004191,C000126,2025-11-28 21:00:00,Male,28,Bronze,CallCenter,Khon Kaen,1227,Kitchen,CookEasy,False,4.43,Campaign,0.15,Web,COD,3,3178.69,0.18,1716.49,7819.57,1,21,11,4,0,1
LGS1ORD0004192,C000708,2025-11-28 23:00:00,Male,57,Silver,Shopee,Chonburi,1149,Fashion,FitStyle,False,3.7,No Promotion,0.0,Web,Bank_Transfer,4,561.17,0.05,112.23,2132.43,5,23,11,4,0,0
LGS1ORD0004193,C000283,2025-11-29 01:00:00,Male,40,Bronze,TV,Chiang Mai,1052,Kitchen,ChefHome,False,3.68,Campaign,0.15,Web,COD,1,3038.57,0.18,546.94,2491.63,1,1,11,5,1,0
LGS1ORD0004194,C001063,2025-11-29 03:00:00,Male,58,Bronze,Shopee,Songkhla,776,Fashion,UrbanWear,False,3.51,Clearance,0.2,Web,COD,1,440.11,0.23,101.22,338.88,1,3,11,5,1,1
LGS1ORD0004195,C000783,2025-11-29 05:00:00,Female,34,Silver,Web,Remote_Area,1616,Kitchen,ChefHome,False,3.83,Campaign,0.05,Shopee,Credit_Card,1,2384.45,0.1,238.44,2146.0,5,5,11,5,1,0
LGS1ORD0004196,C001091,2025-11-29 07:00:00,Female,57,Bronze,TV,Bangkok,1177,Cosmetics,Beauty Lab,False,3.94,No Promotion,0.0,TV_Show,COD,4,1693.96,0.03,203.28,6572.56,5,7,11,5,1,0
LGS1ORD0004197,C000617,2025-11-29 09:00:00,Male,40,Bronze,TV,Khon Kaen,346,Home_Appliance,HomePro,True,3.76,Clearance,0.2,Lazada,COD,1,11887.2,0.23,2734.06,9153.14,5,9,11,5,1,0
LGS1ORD0004198,C000107,2025-11-29 10:00:00,Female,51,Bronze,TV,Chiang Mai,1344,Home_Appliance,CleanMate,False,3.81,No Promotion,0.0,Lazada,COD,3,12003.41,0.03,1080.31,34929.93,4,10,11,5,1,0
LGS1ORD0004199,C000777,2025-11-29 12:00:00,Female,29,Platinum,Lazada,Bangkok,924,Cosmetics,SunSafe,True,4.2,Campaign,0.05,Lazada,COD,2,2211.25,0.15,663.37,3759.12,4,12,11,5,1,0
LGS1ORD0004200,C000010,2025-11-29 14:00:00,Female,42,Bronze,Lazada,Songkhla,1618,Kitchen,CookEasy,False,4.09,Campaign,0.05,TV_Show,COD,1,5348.82,0.08,427.91,4920.91,3,14,11,5,1,0
LGS1ORD0004201,C000215,2025-11-29 16:00:00,Male,42,Bronze,Shopee,Bangkok,873,Electronics,ShieldCase,False,3.82,Campaign,0.15,Lazada,COD,1,7432.96,0.18,1337.93,6095.03,1,16,11,5,1,0
LGS1ORD0004202,C000433,2025-11-29 18:00:00,Female,42,Bronze,Shopee,Remote_Area,1652,Fashion,FitStyle,False,3.46,Clearance,0.2,Shopee,Credit_Card,2,1445.17,0.23,664.78,2225.57,5,18,11,5,1,1
LGS1ORD0004203,C000588,2025-11-29 20:00:00,Female,27,Gold,Web,Bangkok,1653,Home_Appliance,PureAir,False,4.0,Campaign,0.05,TV_Show,Credit_Card,1,10412.75,0.13,1353.66,9059.1,3,20,11,5,1,0
LGS1ORD0004204,C001052,2025-11-29 22:00:00,Female,39,Platinum,Web,Chiang Mai,798,Fashion,FitStyle,False,3.91,Clearance,0.25,TV_Show,Credit_Card,1,1306.95,0.35,457.43,849.52,5,22,11,5,1,1
LGS1ORD0004205,C000920,2025-11-30 00:00:00,Female,41,Bronze,TV,Songkhla,435,Home_Appliance,PureAir,False,4.1,No Promotion,0.0,TV_Show,Credit_Card,2,12507.95,0.03,750.48,24265.41,3,0,11,6,1,0
LGS1ORD0004206,C000722,2025-11-30 02:00:00,Male,40,Bronze,TV,Songkhla,1016,Fashion,UrbanWear,False,3.82,Campaign,0.15,TV_Show,Credit_Card,1,714.49,0.18,128.61,585.88,1,2,11,6,1,0
LGS1ORD0004207,C000095,2025-11-30 04:00:00,Male,69,Bronze,Lazada,Remote_Area,1790,Cosmetics,FreshLook,False,4.2,Campaign,0.05,Lazada,COD,4,1477.17,0.08,472.7,5436.0,1,4,11,6,1,0
LGS1ORD0004208,C000051,2025-11-30 05:00:00,Male,29,Bronze,Web,Bangkok,677,Electronics,GadgetWorld,False,3.71,No Promotion,0.0,TV_Show,COD,1,7527.21,0.03,225.82,7301.4,1,5,11,6,1,0
LGS1ORD0004209,C000213,2025-11-30 07:00:00,Female,54,Gold,Lazada,Bangkok,702,Fashion,SilkTouch,True,3.72,Campaign,0.15,Web,COD,2,1059.46,0.2299999999999999,487.35,1631.57,1,7,11,6,1,1
LGS1ORD0004210,C000968,2025-11-30 09:00:00,Male,34,Bronze,TV,Chiang Mai,802,Home_Appliance,CleanMate,False,4.58,No Promotion,0.0,Web,COD,4,2425.46,0.03,291.06,9410.79,3,9,11,6,1,0
LGS1ORD0004211,C000873,2025-11-30 11:00:00,Male,49,Gold,Lazada,Khon Kaen,847,Electronics,NovaTech,True,3.5,Campaign,0.1,Shopee,PromptPay,1,5171.09,0.18,930.8,4240.29,4,11,11,6,1,0
LGS1ORD0004212,C000059,2025-11-30 13:00:00,Male,27,Bronze,Lazada,Chiang Mai,1021,Fashion,UrbanWear,False,3.69,Campaign,0.05,TV_Show,COD,2,2143.61,0.08,342.98,3944.25,5,13,11,6,1,0
LGS1ORD0004213,C000361,2025-11-30 15:00:00,Female,41,Bronze,CallCenter,Phuket,390,Home_Appliance,HomePro,True,3.76,Campaign,0.15,Lazada,COD,3,11691.72,0.18,6313.53,28761.63,1,15,11,6,1,1
LGS1ORD0004214,C000163,2025-11-30 17:00:00,Female,56,Bronze,Web,Nakhon Ratchasima,345,Home_Appliance,PureAir,True,4.2,No Promotion,0.0,Web,COD,4,11080.29,0.03,1329.63,42991.53,3,17,11,6,1,0
LGS1ORD0004215,C000943,2025-11-30 19:00:00,Female,37,Bronze,Shopee,Bangkok,1557,Kitchen,CookEasy,True,3.86,No Promotion,0.0,Lazada,COD,3,1536.9,0.03,138.32,4472.39,1,19,11,6,1,0
LGS1ORD0004216,C000548,2025-11-30 21:00:00,Male,66,Gold,Shopee,Phuket,1625,Home_Appliance,HomePro,True,3.76,Campaign,0.1,TV_Show,COD,2,12441.35,0.18,4478.89,20403.82,4,21,11,6,1,1
LGS1ORD0004217,C000732,2025-11-30 23:00:00,Female,39,Gold,Lazada,Songkhla,520,Electronics,NovaTech,True,3.64,Clearance,0.2,TV_Show,COD,1,1518.87,0.28,425.28,1093.59,1,23,11,6,1,1
LGS1ORD0004218,C000317,2025-12-01 00:00:00,Female,40,Bronze,TV,Bangkok,1581,Fashion,FitStyle,False,3.46,Clearance,0.2,TV_Show,COD,1,1448.69,0.23,333.2,1115.49,3,0,12,0,0,1
LGS1ORD0004219,C000191,2025-12-01 02:00:00,Female,40,Bronze,Web,Phuket,1348,Electronics,GadgetWorld,False,3.71,Campaign,0.1,Shopee,COD,1,7420.49,0.13,964.66,6455.82,1,2,12,0,0,0
LGS1ORD0004220,C000333,2025-12-01 04:00:00,Female,52,Bronze,Shopee,Remote_Area,821,Fashion,UrbanWear,False,3.69,No Promotion,0.0,TV_Show,COD,1,493.16,0.03,14.79,478.36,3,4,12,0,0,1
LGS1ORD0004221,C001107,2025-12-01 06:00:00,Male,34,Bronze,Lazada,Remote_Area,1620,Electronics,ShieldCase,False,3.8,Clearance,0.2,Web,COD,1,6691.24,0.23,1538.99,5152.26,1,6,12,0,0,1
LGS1ORD0004222,C000379,2025-12-01 08:00:00,Female,33,Bronze,TV,Phuket,1026,Electronics,NovaTech,True,3.94,Clearance,0.25,Web,COD,1,977.81,0.28,273.79,704.02,5,8,12,0,0,0
LGS1ORD0004223,C000649,2025-12-01 10:00:00,Male,52,Silver,Lazada,Khon Kaen,604,Kitchen,CookEasy,False,4.09,Clearance,0.2,Shopee,Credit_Card,1,5762.57,0.25,1440.64,4321.93,5,10,12,0,0,0
LGS1ORD0004224,C001178,2025-12-01 12:00:00,Female,36,Bronze,Lazada,Khon Kaen,598,Home_Appliance,PureAir,False,4.16,Campaign,0.05,Shopee,PromptPay,1,10275.69,0.08,822.05,9453.63,4,12,12,0,0,0
LGS1ORD0004225,C000505,2025-12-01 14:00:00,Male,35,Silver,CallCenter,Khon Kaen,1321,Electronics,NovaTech,False,3.92,Campaign,0.05,Lazada,COD,1,8851.39,0.1,885.14,7966.25,1,14,12,0,0,0
LGS1ORD0004226,C000230,2025-12-01 16:00:00,Male,29,Bronze,Lazada,Nakhon Ratchasima,1478,Fashion,SilkTouch,False,3.21,Campaign,0.05,Web,PromptPay,1,1872.24,0.08,149.78,1722.46,5,16,12,0,0,0
LGS1ORD0004227,C001046,2025-12-01 18:00:00,Female,46,Bronze,Shopee,Songkhla,1133,Electronics,GadgetWorld,True,3.92,Campaign,0.05,CallCenter,Bank_Transfer,4,6740.73,0.08,2157.03,24805.9,4,18,12,0,0,0
LGS1ORD0004228,C001056,2025-12-01 19:00:00,Female,42,Silver,TV,Bangkok,1125,Electronics,NovaTech,True,3.64,Campaign,0.15,TV_Show,PromptPay,1,1627.51,0.2,325.5,1302.01,3,19,12,0,0,0
LGS1ORD0004229,C000768,2025-12-01 21:00:00,Other,47,Bronze,TV,Phuket,815,Kitchen,CookEasy,True,4.09,Campaign,0.15,Web,COD,3,4367.59,0.18,2358.5,10744.26,4,21,12,0,0,1
LGS1ORD0004230,C000768,2025-12-01 23:00:00,Other,47,Bronze,TV,Phuket,815,Fashion,FitStyle,False,3.51,Campaign,0.05,Shopee,COD,1,925.36,0.08,74.03,851.33,4,23,12,0,0,0
LGS1ORD0004231,C000625,2025-12-02 01:00:00,Male,54,Gold,TV,Phuket,420,Electronics,GadgetWorld,False,4.07,Campaign,0.1,Shopee,Credit_Card,2,1218.7,0.18,438.73,1998.68,3,1,12,1,0,0
LGS1ORD0004232,C001064,2025-12-02 03:00:00,Male,37,Gold,Shopee,Remote_Area,1672,Fashion,SilkTouch,False,3.5,Clearance,0.2,Web,COD,1,1935.09,0.28,541.82,1393.26,1,3,12,1,0,1
LGS1ORD0004233,C000697,2025-12-02 05:00:00,Male,34,Silver,Web,Bangkok,757,Kitchen,KitchenMax,False,3.83,Campaign,0.05,Shopee,COD,2,3976.54,0.1,795.31,7157.77,3,5,12,1,0,0
LGS1ORD0004234,C001051,2025-12-02 07:00:00,Female,53,Silver,TV,Nakhon Ratchasima,1050,Health,WellPlus,False,4.32,Clearance,0.2,Shopee,Bank_Transfer,2,3180.8,0.25,1590.4,4771.19,1,7,12,1,0,0
LGS1ORD0004235,C000009,2025-12-02 09:00:00,Male,51,Silver,TV,Chiang Mai,1055,Electronics,ShieldCase,False,3.63,Campaign,0.05,TV_Show,Credit_Card,1,5675.14,0.1,567.51,5107.63,3,9,12,1,0,0
LGS1ORD0004236,C000156,2025-12-02 11:00:00,Male,50,Silver,Web,Nakhon Ratchasima,957,Home_Appliance,CleanMate,False,4.07,No Promotion,0.0,Web,COD,1,8277.03,0.05,413.85,7863.18,3,11,12,1,0,0
LGS1ORD0004237,C000023,2025-12-02 13:00:00,Male,46,Bronze,Shopee,Bangkok,426,Electronics,ShieldCase,True,3.79,Clearance,0.25,TV_Show,Bank_Transfer,4,7358.86,0.28,8241.92,21193.52,5,13,12,1,0,0
LGS1ORD0004238,C000735,2025-12-02 14:00:00,Female,38,Bronze,Web,Chonburi,1444,Electronics,GadgetWorld,True,4.0,Clearance,0.2,Web,COD,4,2753.1,0.23,2532.85,8479.55,4,14,12,1,0,0
LGS1ORD0004239,C000384,2025-12-02 16:00:00,Female,35,Gold,Shopee,Bangkok,1738,Health,VitaLife,True,4.05,Campaign,0.15,Shopee,COD,4,3913.72,0.2299999999999999,3600.62,12054.26,5,16,12,1,0,0
LGS1ORD0004240,C000974,2025-12-02 18:00:00,Female,35,Bronze,TV,Remote_Area,1362,Electronics,NovaTech,False,4.12,Campaign,0.1,Shopee,Bank_Transfer,2,9627.36,0.13,2503.11,16751.61,5,18,12,1,0,0
LGS1ORD0004241,C000661,2025-12-02 20:00:00,Female,36,Platinum,Lazada,Bangkok,1593,Home_Appliance,CleanMate,True,4.11,No Promotion,0.0,Shopee,Bank_Transfer,1,7934.34,0.1,793.43,7140.91,3,20,12,1,0,0
LGS1ORD0004242,C000076,2025-12-02 22:00:00,Female,65,Platinum,Web,Nakhon Ratchasima,1676,Home_Appliance,PureAir,False,3.96,Campaign,0.1,CallCenter,COD,3,3863.8,0.2,2318.28,9273.12,1,22,12,1,0,0
LGS1ORD0004243,C000683,2025-12-03 00:00:00,Male,40,Bronze,Lazada,Remote_Area,936,Health,VitaLife,False,3.95,Campaign,0.05,Web,COD,2,1821.31,0.08,291.41,3351.22,3,0,12,2,0,0
LGS1ORD0004244,C001055,2025-12-03 02:00:00,Male,44,Gold,Lazada,Chiang Mai,1496,Fashion,UrbanWear,False,3.69,Campaign,0.15,Shopee,COD,2,2414.14,0.2299999999999999,1110.5,3717.77,5,2,12,2,0,0
LGS1ORD0004245,C000805,2025-12-03 04:00:00,Male,55,Silver,Shopee,Khon Kaen,1393,Electronics,GadgetWorld,True,4.0,Clearance,0.2,Lazada,COD,1,2543.75,0.25,635.94,1907.81,1,4,12,2,0,0
LGS1ORD0004246,C001187,2025-12-03 06:00:00,Male,58,Bronze,Shopee,Chiang Mai,1214,Cosmetics,Beauty Lab,False,3.76,No Promotion,0.0,TV_Show,COD,2,1788.76,0.03,107.33,3470.19,3,6,12,2,0,0
LGS1ORD0004247,C001133,2025-12-03 08:00:00,Female,29,Silver,TV,Bangkok,1701,Fashion,FitStyle,True,3.85,Campaign,0.15,Shopee,Bank_Transfer,1,1180.36,0.2,236.07,944.29,5,8,12,2,0,0
LGS1ORD0004248,C000654,2025-12-03 09:00:00,Female,57,Gold,TV,Chonburi,693,Cosmetics,SunSafe,False,4.31,Clearance,0.2,Lazada,Bank_Transfer,2,1297.16,0.28,726.41,1867.91,3,9,12,2,0,0
LGS1ORD0004249,C000145,2025-12-03 11:00:00,Female,52,Gold,Shopee,Khon Kaen,376,Health,VitaLife,False,4.19,Campaign,0.05,Web,Credit_Card,3,3342.16,0.13,1303.44,8723.05,5,11,12,2,0,0
LGS1ORD0004250,C001112,2025-12-03 13:00:00,Male,49,Silver,Web,Khon Kaen,1326,Health,MediCare,False,4.42,Campaign,0.05,CallCenter,COD,1,2204.28,0.1,220.43,1983.85,5,13,12,2,0,0
LGS1ORD0004251,C000551,2025-12-03 15:00:00,Male,56,Silver,Lazada,Bangkok,1700,Cosmetics,SunSafe,False,4.17,No Promotion,0.0,CallCenter,Bank_Transfer,3,1979.73,0.05,296.96,5642.23,5,15,12,2,0,0
LGS1ORD0004252,C000084,2025-12-03 17:00:00,Male,52,Silver,Shopee,Bangkok,1608,Fashion,FitStyle,False,3.18,No Promotion,0.0,Shopee,COD,2,589.5,0.05,58.95,1120.06,3,17,12,2,0,1
LGS1ORD0004253,C000161,2025-12-03 19:00:00,Female,36,Silver,Web,Chonburi,1013,Home_Appliance,PureAir,False,4.25,No Promotion,0.0,Lazada,PromptPay,2,7800.28,0.05,780.03,14820.54,4,19,12,2,0,0
LGS1ORD0004254,C000895,2025-12-03 21:00:00,Other,53,Bronze,CallCenter,Chiang Mai,1642,Home_Appliance,CleanMate,False,3.81,Campaign,0.05,Web,Bank_Transfer,1,5880.58,0.08,470.45,5410.13,1,21,12,2,0,0
LGS1ORD0004255,C001165,2025-12-03 23:00:00,Male,72,Bronze,TV,Remote_Area,1582,Electronics,GadgetWorld,True,4.17,No Promotion,0.0,Lazada,COD,2,3223.74,0.03,193.42,6254.05,1,23,12,2,0,0
LGS1ORD0004256,C000218,2025-12-04 01:00:00,Female,40,Bronze,Web,Phuket,1390,Electronics,ShieldCase,False,3.61,No Promotion,0.0,Lazada,Bank_Transfer,2,9151.46,0.03,549.09,17753.82,5,1,12,3,0,0
LGS1ORD0004257,C000523,2025-12-04 03:00:00,Male,18,Bronze,Lazada,Chiang Mai,871,Home_Appliance,PureAir,True,3.92,Campaign,0.05,TV_Show,Bank_Transfer,2,3318.45,0.08,530.95,6105.95,1,3,12,3,0,0
LGS1ORD0004258,C001018,2025-12-04 04:00:00,Female,32,Silver,Shopee,Chonburi,1347,Electronics,GadgetWorld,True,4.0,Campaign,0.1,Shopee,PromptPay,2,2635.18,0.15,790.55,4479.81,3,4,12,3,0,0
LGS1ORD0004259,C000267,2025-12-04 06:00:00,Female,42,Bronze,TV,Chiang Mai,723,Kitchen,ChefHome,False,4.15,Campaign,0.05,Shopee,COD,1,4302.15,0.08,344.17,3957.98,5,6,12,3,0,0
LGS1ORD0004260,C000848,2025-12-04 08:00:00,Female,42,Bronze,TV,Nakhon Ratchasima,1207,Home_Appliance,CleanMate,True,4.06,Campaign,0.05,Web,Bank_Transfer,1,5401.5,0.08,432.12,4969.38,5,8,12,3,0,0
LGS1ORD0004261,C000955,2025-12-04 10:00:00,Female,65,Silver,TV,Nakhon Ratchasima,1381,Electronics,GadgetWorld,False,3.66,Campaign,0.05,TV_Show,PromptPay,3,6380.74,0.1,1914.22,17228.0,4,10,12,3,0,0
LGS1ORD0004262,C000630,2025-12-04 12:00:00,Male,62,Gold,CallCenter,Chonburi,699,Kitchen,ChefHome,False,4.0,Campaign,0.1,TV_Show,COD,1,3435.31,0.18,618.36,2816.96,1,12,12,3,0,0
LGS1ORD0004263,C001184,2025-12-04 14:00:00,Male,32,Silver,Web,Bangkok,960,Fashion,UrbanWear,True,3.78,Campaign,0.1,CallCenter,Credit_Card,1,1568.18,0.15,235.23,1332.95,3,14,12,3,0,0
LGS1ORD0004264,C000612,2025-12-04 16:00:00,Female,41,Bronze,TV,Bangkok,1109,Health,VitaLife,False,4.16,Campaign,0.1,CallCenter,Bank_Transfer,1,3910.2,0.13,508.33,3401.87,3,16,12,3,0,0
LGS1ORD0004265,C001073,2025-12-04 18:00:00,Female,57,Gold,Web,Bangkok,1598,Cosmetics,SunSafe,False,4.25,No Promotion,0.0,CallCenter,Credit_Card,3,1353.35,0.08,324.81,3735.26,5,18,12,3,0,0
LGS1ORD0004266,C000657,2025-12-04 20:00:00,Male,60,Gold,Shopee,Bangkok,380,Kitchen,CookEasy,True,4.25,Campaign,0.1,Shopee,Bank_Transfer,1,2001.73,0.18,360.31,1641.42,3,20,12,3,0,0
LGS1ORD0004267,C000189,2025-12-04 22:00:00,Male,66,Bronze,CallCenter,Bangkok,1598,Health,VitaLife,False,3.95,No Promotion,0.0,Lazada,COD,3,1705.73,0.03,153.52,4963.69,3,22,12,3,0,1
LGS1ORD0004268,C000903,2025-12-04 23:00:00,Female,31,Silver,TV,Chiang Mai,1790,Cosmetics,Beauty Lab,False,3.79,Clearance,0.2,Web,COD,1,1465.58,0.25,366.4,1099.19,1,23,12,3,0,0
LGS1ORD0004269,C000228,2025-12-05 01:00:00,Female,50,Bronze,CallCenter,Phuket,1545,Fashion,UrbanWear,False,3.45,Campaign,0.05,Lazada,COD,2,885.0,0.08,141.6,1628.41,1,1,12,4,0,0
LGS1ORD0004270,C000095,2025-12-05 03:00:00,Male,69,Bronze,Lazada,Remote_Area,1795,Health,WellPlus,True,4.28,No Promotion,0.0,CallCenter,COD,2,1415.68,0.03,84.94,2746.43,5,3,12,4,0,0
LGS1ORD0004271,C001009,2025-12-05 05:00:00,Male,25,Gold,Web,Bangkok,413,Electronics,GadgetWorld,False,4.05,Campaign,0.1,Lazada,COD,1,3702.04,0.18,666.37,3035.68,5,5,12,4,0,0
LGS1ORD0004272,C000755,2025-12-05 07:00:00,Female,18,Platinum,CallCenter,Bangkok,1563,Electronics,ShieldCase,False,3.54,Campaign,0.05,Lazada,PromptPay,1,4976.07,0.15,746.41,4229.66,1,7,12,4,0,0
LGS1ORD0004273,C000162,2025-12-05 09:00:00,Female,33,Gold,TV,Remote_Area,1537,Fashion,UrbanWear,False,3.29,Campaign,0.15,Shopee,COD,1,1034.16,0.2299999999999999,237.86,796.3,4,9,12,4,0,1
LGS1ORD0004274,C000334,2025-12-05 11:00:00,Male,56,Bronze,TV,Remote_Area,1724,Fashion,SilkTouch,False,3.65,Campaign,0.15,Web,PromptPay,3,1907.5,0.18,1030.05,4692.46,3,11,12,4,0,1
LGS1ORD0004275,C000128,2025-12-05 13:00:00,Female,33,Gold,TV,Chonburi,1631,Fashion,UrbanWear,False,3.48,Clearance,0.2,Lazada,Credit_Card,2,698.85,0.28,391.36,1006.35,5,13,12,4,0,0
LGS1ORD0004276,C000165,2025-12-05 15:00:00,Male,29,Bronze,Shopee,Bangkok,1733,Home_Appliance,PureAir,False,4.16,Campaign,0.05,TV_Show,COD,1,10422.9,0.08,833.83,9589.06,3,15,12,4,0,0
LGS1ORD0004277,C000860,2025-12-05 17:00:00,Female,45,Silver,Lazada,Bangkok,356,Home_Appliance,CleanMate,True,4.11,Campaign,0.05,TV_Show,Bank_Transfer,3,7437.8,0.1,2231.34,20082.07,3,17,12,4,0,1
LGS1ORD0004278,C000051,2025-12-05 18:00:00,Male,29,Bronze,Web,Bangkok,682,Cosmetics,FreshLook,False,3.95,Campaign,0.05,Shopee,Credit_Card,3,1483.43,0.08,356.02,4094.28,3,18,12,4,0,1
LGS1ORD0004279,C001004,2025-12-05 20:00:00,Male,57,Silver,Web,Bangkok,993,Kitchen,CookEasy,False,3.92,Campaign,0.1,CallCenter,COD,2,2846.8,0.15,854.04,4839.57,1,20,12,4,0,0
LGS1ORD0004280,C000270,2025-12-05 22:00:00,Male,38,Bronze,Web,Songkhla,1168,Electronics,ShieldCase,False,3.54,Clearance,0.25,Lazada,Credit_Card,1,4799.22,0.28,1343.78,3455.44,1,22,12,4,0,0
LGS1ORD0004281,C000596,2025-12-06 00:00:00,Male,55,Silver,TV,Bangkok,1309,Electronics,NovaTech,False,3.89,Clearance,0.25,Web,Bank_Transfer,1,6783.22,0.3,2034.97,4748.25,5,0,12,5,1,0
LGS1ORD0004282,C000415,2025-12-06 02:00:00,Female,47,Gold,Lazada,Phuket,1354,Kitchen,KitchenMax,True,4.13,Campaign,0.05,Lazada,COD,1,481.51,0.13,62.6,418.91,4,2,12,5,1,0
LGS1ORD0004283,C000140,2025-12-06 04:00:00,Female,59,Gold,TV,Songkhla,742,Home_Appliance,PureAir,True,4.0,Clearance,0.25,CallCenter,PromptPay,1,15632.8,0.33,5158.82,10473.97,3,4,12,5,1,0
LGS1ORD0004284,C000284,2025-12-06 06:00:00,Female,35,Silver,Shopee,Khon Kaen,801,Kitchen,KitchenMax,False,4.01,No Promotion,0.0,Shopee,Credit_Card,1,3395.87,0.05,169.79,3226.08,3,6,12,5,1,0
LGS1ORD0004285,C000747,2025-12-06 08:00:00,Female,23,Gold,Web,Chiang Mai,406,Kitchen,KitchenMax,True,4.1,Campaign,0.05,TV_Show,PromptPay,1,2878.48,0.13,374.2,2504.28,3,8,12,5,1,0
LGS1ORD0004286,C000640,2025-12-06 10:00:00,Female,60,Bronze,Lazada,Bangkok,1517,Home_Appliance,PureAir,True,4.2,Campaign,0.05,TV_Show,COD,3,12159.88,0.08,2918.37,33561.27,1,10,12,5,1,0
LGS1ORD0004287,C000807,2025-12-06 12:00:00,Female,57,Bronze,TV,Remote_Area,1009,Health,VitaLife,False,4.26,Campaign,0.05,Shopee,COD,4,433.6,0.08,138.75,1595.66,3,12,12,5,1,0
LGS1ORD0004288,C000093,2025-12-06 14:00:00,Male,48,Bronze,Web,Remote_Area,1493,Fashion,SilkTouch,False,3.87,Campaign,0.1,Lazada,COD,1,2444.29,0.13,317.76,2126.54,4,14,12,5,1,1
LGS1ORD0004289,C001130,2025-12-06 15:00:00,Male,37,Bronze,TV,Bangkok,1754,Electronics,ShieldCase,False,3.69,Clearance,0.25,Web,COD,1,7179.94,0.28,2010.38,5169.56,4,15,12,5,1,1
LGS1ORD0004290,C000075,2025-12-06 17:00:00,Female,31,Bronze,CallCenter,Chonburi,990,Cosmetics,SunSafe,True,3.96,Campaign,0.1,Web,COD,3,299.59,0.13,116.84,781.93,3,17,12,5,1,0
LGS1ORD0004291,C000673,2025-12-06 19:00:00,Male,38,Gold,Shopee,Chiang Mai,608,Health,VitaLife,True,4.31,Campaign,0.05,Shopee,Bank_Transfer,2,3035.66,0.13,789.27,5282.05,4,19,12,5,1,0
LGS1ORD0004292,C000234,2025-12-06 21:00:00,Male,26,Gold,Shopee,Bangkok,835,Kitchen,KitchenMax,True,3.89,Campaign,0.05,Web,COD,3,3208.37,0.13,1251.26,8373.85,3,21,12,5,1,0
LGS1ORD0004293,C000857,2025-12-06 23:00:00,Female,56,Bronze,Shopee,Songkhla,1501,Fashion,UrbanWear,False,3.48,No Promotion,0.0,CallCenter,COD,1,721.72,0.03,21.65,700.07,3,23,12,5,1,1
LGS1ORD0004294,C000989,2025-12-07 01:00:00,Female,56,Silver,Lazada,Chiang Mai,1759,Fashion,FitStyle,False,3.7,Campaign,0.15,Web,COD,2,528.35,0.2,211.34,845.36,3,1,12,6,1,1
LGS1ORD0004295,C000535,2025-12-07 03:00:00,Female,50,Silver,Lazada,Bangkok,482,Electronics,ShieldCase,True,3.86,No Promotion,0.0,Shopee,COD,2,4201.6,0.05,420.16,7983.04,1,3,12,6,1,0
LGS1ORD0004296,C000693,2025-12-07 05:00:00,Female,18,Gold,Web,Bangkok,1219,Cosmetics,Beauty Lab,False,4.22,No Promotion,0.0,Web,Credit_Card,1,1579.92,0.08,126.39,1453.53,5,5,12,6,1,0
LGS1ORD0004297,C000501,2025-12-07 07:00:00,Male,40,Silver,Shopee,Nakhon Ratchasima,898,Kitchen,ChefHome,False,4.15,Campaign,0.05,Lazada,COD,1,4560.07,0.1,456.01,4104.06,3,7,12,6,1,0
LGS1ORD0004298,C001085,2025-12-07 09:00:00,Male,48,Bronze,CallCenter,Phuket,1006,Electronics,GadgetWorld,False,3.74,Clearance,0.2,CallCenter,COD,1,1553.11,0.23,357.21,1195.89,4,9,12,6,1,1
LGS1ORD0004299,C000901,2025-12-07 10:00:00,Other,35,Bronze,TV,Remote_Area,1687,Fashion,SilkTouch,False,3.73,Campaign,0.05,TV_Show,Bank_Transfer,1,664.05,0.08,53.12,610.92,1,10,12,6,1,1
LGS1ORD0004300,C000218,2025-12-07 12:00:00,Female,40,Bronze,Web,Phuket,1393,Electronics,NovaTech,False,4.0,Clearance,0.2,Lazada,COD,1,8468.91,0.23,1947.85,6521.06,1,12,12,6,1,0
LGS1ORD0004301,C000628,2025-12-07 14:00:00,Male,43,Bronze,CallCenter,Bangkok,1144,Fashion,SilkTouch,False,3.86,Clearance,0.2,TV_Show,COD,1,531.8,0.23,122.31,409.49,5,14,12,6,1,0
LGS1ORD0004302,C000072,2025-12-07 16:00:00,Male,44,Bronze,Web,Nakhon Ratchasima,1518,Electronics,GadgetWorld,False,3.78,Clearance,0.25,Shopee,COD,2,5707.93,0.28,3196.44,8219.42,3,16,12,6,1,1
LGS1ORD0004303,C000444,2025-12-07 18:00:00,Male,34,Gold,Shopee,Phuket,1442,Cosmetics,Beauty Lab,False,4.21,Campaign,0.15,TV_Show,COD,1,2135.55,0.2299999999999999,491.18,1644.37,5,18,12,6,1,0
LGS1ORD0004304,C000222,2025-12-07 20:00:00,Male,50,Silver,TV,Remote_Area,1027,Electronics,GadgetWorld,True,3.82,Clearance,0.25,Lazada,COD,1,10975.25,0.3,3292.58,7682.68,4,20,12,6,1,1
LGS1ORD0004305,C000114,2025-12-07 22:00:00,Female,57,Platinum,Lazada,Phuket,986,Kitchen,CookEasy,True,4.12,Campaign,0.05,TV_Show,COD,2,3355.75,0.15,1006.72,5704.77,4,22,12,6,1,0
LGS1ORD0004306,C000506,2025-12-08 00:00:00,Male,42,Gold,TV,Chonburi,837,Home_Appliance,PureAir,True,3.76,Campaign,0.15,Shopee,Credit_Card,1,4013.28,0.2299999999999999,923.05,3090.23,3,0,12,0,0,0
LGS1ORD0004307,C000660,2025-12-08 02:00:00,Female,24,Platinum,Shopee,Bangkok,1039,Fashion,FitStyle,False,3.53,Clearance,0.2,TV_Show,Credit_Card,1,1734.98,0.3,520.5,1214.49,5,2,12,0,0,1
LGS1ORD0004308,C001134,2025-12-08 04:00:00,Female,34,Bronze,CallCenter,Songkhla,908,Home_Appliance,CleanMate,False,3.81,Campaign,0.1,Lazada,COD,2,12531.43,0.13,3258.17,21804.69,5,4,12,0,0,1
LGS1ORD0004309,C000659,2025-12-08 05:00:00,Female,29,Bronze,TV,Remote_Area,421,Kitchen,ChefHome,False,4.15,Clearance,0.2,Lazada,COD,1,4373.39,0.23,1005.88,3367.51,5,5,12,0,0,1
LGS1ORD0004310,C000879,2025-12-08 07:00:00,Male,30,Bronze,TV,Phuket,877,Fashion,SilkTouch,False,3.87,Clearance,0.25,Web,COD,2,2453.99,0.28,1374.23,3533.74,5,7,12,0,0,0
LGS1ORD0004311,C000256,2025-12-08 09:00:00,Female,62,Bronze,Shopee,Remote_Area,1576,Kitchen,ChefHome,True,3.95,Clearance,0.2,Web,PromptPay,2,1313.23,0.23,604.09,2022.38,3,9,12,0,0,0
LGS1ORD0004312,C000771,2025-12-08 11:00:00,Female,51,Silver,Shopee,Bangkok,886,Cosmetics,Beauty Lab,False,4.03,Campaign,0.05,Shopee,Credit_Card,3,1817.04,0.1,545.11,4906.01,4,11,12,0,0,0
LGS1ORD0004313,C000562,2025-12-08 13:00:00,Male,54,Bronze,Lazada,Bangkok,1384,Electronics,NovaTech,False,3.75,Campaign,0.05,TV_Show,COD,2,9493.35,0.08,1518.94,17467.76,1,13,12,0,0,0
LGS1ORD0004314,C000563,2025-12-08 15:00:00,Female,36,Bronze,TV,Nakhon Ratchasima,917,Health,MediCare,False,3.83,Clearance,0.25,Web,Credit_Card,1,3461.87,0.28,969.32,2492.55,1,15,12,0,0,0
LGS1ORD0004315,C001105,2025-12-08 17:00:00,Other,52,Platinum,TV,Chonburi,1369,Cosmetics,FreshLook,False,3.94,No Promotion,0.0,Lazada,PromptPay,2,437.12,0.1,87.42,786.82,3,17,12,0,0,0
LGS1ORD0004316,C000351,2025-12-08 19:00:00,Female,18,Silver,Web,Nakhon Ratchasima,1702,Electronics,GadgetWorld,False,3.61,No Promotion,0.0,Web,COD,1,4840.45,0.05,242.02,4598.42,3,19,12,0,0,0
LGS1ORD0004317,C000259,2025-12-08 21:00:00,Female,35,Bronze,Lazada,Remote_Area,1702,Electronics,NovaTech,False,4.0,Campaign,0.15,Web,COD,2,8441.65,0.18,3039.0,13844.31,3,21,12,0,0,1
LGS1ORD0004318,C000188,2025-12-08 23:00:00,Male,57,Bronze,TV,Chonburi,1356,Fashion,FitStyle,False,3.72,Campaign,0.15,TV_Show,COD,4,2090.07,0.18,1504.85,6855.41,4,23,12,0,0,0
LGS1ORD0004319,C000984,2025-12-09 00:00:00,Female,44,Silver,Lazada,Bangkok,1503,Home_Appliance,HomePro,True,4.1,No Promotion,0.0,CallCenter,PromptPay,4,3110.02,0.05,622.0,11818.09,3,0,12,1,0,0
LGS1ORD0004320,C000442,2025-12-09 02:00:00,Male,51,Bronze,Shopee,Bangkok,1003,Electronics,ShieldCase,True,3.7,Campaign,0.05,TV_Show,COD,2,9983.25,0.08,1597.32,18369.18,3,2,12,1,0,1
LGS1ORD0004321,C001089,2025-12-09 04:00:00,Male,52,Bronze,TV,Phuket,1163,Fashion,SilkTouch,False,3.86,No Promotion,0.0,Web,COD,2,2088.12,0.03,125.29,4050.95,3,4,12,1,0,0
LGS1ORD0004322,C000603,2025-12-09 06:00:00,Female,64,Bronze,Lazada,Chiang Mai,1112,Fashion,UrbanWear,False,3.22,Clearance,0.25,TV_Show,COD,2,916.97,0.28,513.5,1320.43,1,6,12,1,0,1
LGS1ORD0004323,C000606,2025-12-09 08:00:00,Female,42,Silver,Web,Bangkok,705,Fashion,UrbanWear,True,3.77,No Promotion,0.0,Shopee,COD,1,1935.7,0.05,96.78,1838.91,1,8,12,1,0,0
LGS1ORD0004324,C000448,2025-12-09 10:00:00,Female,35,Silver,Shopee,Nakhon Ratchasima,1097,Kitchen,ChefHome,False,4.27,Campaign,0.1,TV_Show,PromptPay,1,4201.9,0.15,630.29,3571.62,3,10,12,1,0,0
LGS1ORD0004325,C000375,2025-12-09 12:00:00,Male,51,Gold,TV,Nakhon Ratchasima,766,Home_Appliance,HomePro,True,4.33,No Promotion,0.0,TV_Show,COD,3,10748.61,0.08,2579.67,29666.17,4,12,12,1,0,0
LGS1ORD0004326,C000673,2025-12-09 14:00:00,Male,38,Gold,Shopee,Chiang Mai,611,Cosmetics,FreshLook,False,4.16,No Promotion,0.0,Web,COD,1,2202.91,0.08,176.23,2026.68,3,14,12,1,0,1
LGS1ORD0004327,C000211,2025-12-09 16:00:00,Male,46,Bronze,Lazada,Chonburi,1374,Cosmetics,SunSafe,True,3.98,Clearance,0.2,TV_Show,COD,2,2240.71,0.23,1030.73,3450.7,1,16,12,1,0,0
LGS1ORD0004328,C000938,2025-12-09 18:00:00,Female,30,Gold,TV,Chonburi,1246,Health,VitaLife,False,4.26,Campaign,0.05,Lazada,PromptPay,2,414.81,0.13,107.85,721.77,4,18,12,1,0,0
LGS1ORD0004329,C001136,2025-12-09 19:00:00,Male,31,Silver,TV,Chiang Mai,1541,Fashion,UrbanWear,False,3.61,Campaign,0.05,Web,PromptPay,3,877.92,0.1,263.37,2370.37,4,19,12,1,0,0
LGS1ORD0004330,C000081,2025-12-09 21:00:00,Male,45,Bronze,CallCenter,Remote_Area,543,Fashion,FitStyle,False,3.41,Clearance,0.2,Web,COD,3,607.95,0.23,419.48,1404.36,1,21,12,1,0,1
LGS1ORD0004331,C001145,2025-12-09 23:00:00,Female,50,Silver,TV,Bangkok,1747,Electronics,ShieldCase,False,3.9,Clearance,0.25,Web,PromptPay,1,1890.91,0.3,567.27,1323.64,4,23,12,1,0,1
LGS1ORD0004332,C000216,2025-12-10 01:00:00,Male,43,Bronze,CallCenter,Nakhon Ratchasima,967,Home_Appliance,PureAir,True,4.25,Campaign,0.1,TV_Show,COD,2,15140.66,0.13,3936.57,26344.75,1,1,12,2,0,0
LGS1ORD0004333,C000621,2025-12-10 03:00:00,Male,39,Silver,TV,Chiang Mai,796,Electronics,ShieldCase,True,4.04,Campaign,0.15,CallCenter,PromptPay,1,11909.88,0.2,2381.98,9527.9,3,3,12,2,0,0
LGS1ORD0004334,C000230,2025-12-10 05:00:00,Male,29,Bronze,Lazada,Nakhon Ratchasima,1487,Electronics,GadgetWorld,False,4.05,Clearance,0.2,Shopee,COD,3,3944.49,0.23,2721.7,9111.77,3,5,12,2,0,1
LGS1ORD0004335,C000921,2025-12-10 07:00:00,Female,61,Bronze,TV,Remote_Area,1072,Cosmetics,SunSafe,True,4.7,Campaign,0.15,Web,COD,1,1723.92,0.18,310.3,1413.61,3,7,12,2,0,0
LGS1ORD0004336,C001068,2025-12-10 09:00:00,Female,48,Platinum,TV,Khon Kaen,521,Electronics,GadgetWorld,False,3.89,No Promotion,0.0,Lazada,Credit_Card,3,3274.34,0.1,982.3,8840.71,1,9,12,2,0,0
LGS1ORD0004337,C000173,2025-12-10 11:00:00,Male,49,Bronze,Web,Chiang Mai,853,Home_Appliance,CleanMate,True,4.32,Campaign,0.15,TV_Show,PromptPay,3,3993.42,0.18,2156.45,9823.81,5,11,12,2,0,1
LGS1ORD0004338,C000090,2025-12-10 13:00:00,Male,29,Bronze,Web,Bangkok,1780,Fashion,FitStyle,False,3.41,Campaign,0.05,TV_Show,COD,1,574.12,0.08,45.93,528.19,5,13,12,2,0,1
LGS1ORD0004339,C000096,2025-12-10 14:00:00,Female,42,Silver,TV,Chonburi,1516,Fashion,SilkTouch,False,3.48,Campaign,0.15,Web,COD,1,1675.49,0.2,335.1,1340.39,3,14,12,2,0,0
LGS1ORD0004340,C000867,2025-12-10 16:00:00,Male,45,Bronze,Shopee,Remote_Area,1703,Home_Appliance,PureAir,True,3.62,No Promotion,0.0,Lazada,COD,2,10203.12,0.03,612.19,19794.06,3,16,12,2,0,1
LGS1ORD0004341,C000123,2025-12-10 18:00:00,Male,20,Silver,TV,Bangkok,359,Fashion,UrbanWear,False,3.29,No Promotion,0.0,Web,COD,1,1031.27,0.05,51.56,979.71,4,18,12,2,0,0
LGS1ORD0004342,C000347,2025-12-10 20:00:00,Male,68,Bronze,Shopee,Khon Kaen,880,Home_Appliance,PureAir,False,4.2,Campaign,0.15,TV_Show,COD,1,15582.37,0.18,2804.83,12777.54,5,20,12,2,0,0
LGS1ORD0004343,C000495,2025-12-10 22:00:00,Female,63,Gold,Web,Bangkok,367,Electronics,NovaTech,True,3.5,Clearance,0.2,CallCenter,Credit_Card,1,7060.85,0.28,1977.04,5083.81,5,22,12,2,0,0
LGS1ORD0004344,C001146,2025-12-11 00:00:00,Female,44,Bronze,Shopee,Chiang Mai,1094,Kitchen,KitchenMax,True,3.89,Campaign,0.15,Web,COD,1,3160.12,0.18,568.82,2591.3,1,0,12,3,0,0
LGS1ORD0004345,C001154,2025-12-11 02:00:00,Female,40,Bronze,TV,Remote_Area,1147,Home_Appliance,PureAir,True,4.08,No Promotion,0.0,CallCenter,COD,1,1469.33,0.03,44.08,1425.25,3,2,12,3,0,0
LGS1ORD0004346,C000450,2025-12-11 04:00:00,Female,55,Gold,TV,Chonburi,1011,Health,VitaLife,False,3.95,No Promotion,0.0,Lazada,Bank_Transfer,1,1743.81,0.08,139.5,1604.31,1,4,12,3,0,0
LGS1ORD0004347,C000058,2025-12-11 06:00:00,Male,43,Silver,TV,Remote_Area,912,Electronics,GadgetWorld,False,4.07,Campaign,0.15,Lazada,COD,1,1187.26,0.2,237.45,949.81,3,6,12,3,0,1
LGS1ORD0004348,C000501,2025-12-11 08:00:00,Male,40,Silver,Shopee,Nakhon Ratchasima,902,Fashion,UrbanWear,False,3.49,Campaign,0.15,Web,Credit_Card,1,492.19,0.2,98.44,393.75,4,8,12,3,0,0
LGS1ORD0004349,C001067,2025-12-11 09:00:00,Female,56,Bronze,Web,Nakhon Ratchasima,1292,Cosmetics,SunSafe,False,4.25,No Promotion,0.0,Web,Credit_Card,2,1303.39,0.03,78.2,2528.58,1,9,12,3,0,0
LGS1ORD0004350,C000323,2025-12-11 11:00:00,Female,43,Silver,Shopee,Khon Kaen,1545,Home_Appliance,HomePro,True,3.76,Clearance,0.2,Web,Bank_Transfer,4,12981.82,0.25,12981.82,38945.47,3,11,12,3,0,1
LGS1ORD0004351,C000507,2025-12-11 13:00:00,Male,49,Bronze,Lazada,Phuket,1799,Cosmetics,FreshLook,False,4.05,Clearance,0.2,Shopee,PromptPay,3,759.46,0.23,524.03,1754.35,3,13,12,3,0,0
LGS1ORD0004352,C000727,2025-12-11 15:00:00,Other,43,Silver,Lazada,Songkhla,1351,Home_Appliance,PureAir,False,4.42,Campaign,0.05,Web,PromptPay,1,9444.9,0.1,944.49,8500.41,5,15,12,3,0,0
LGS1ORD0004353,C001108,2025-12-11 17:00:00,Male,64,Silver,Shopee,Remote_Area,1639,Cosmetics,SunSafe,True,4.02,Campaign,0.05,Lazada,COD,1,1042.11,0.1,104.21,937.9,5,17,12,3,0,0
LGS1ORD0004354,C000675,2025-12-11 19:00:00,Male,54,Bronze,Lazada,Chonburi,519,Fashion,SilkTouch,False,3.87,Campaign,0.15,TV_Show,COD,3,2508.11,0.18,1354.38,6169.96,4,19,12,3,0,0
LGS1ORD0004355,C001028,2025-12-11 21:00:00,Female,41,Gold,Web,Remote_Area,1673,Home_Appliance,CleanMate,True,3.75,Campaign,0.15,TV_Show,Credit_Card,1,5599.57,0.2299999999999999,1287.9,4311.67,5,21,12,3,0,0
LGS1ORD0004356,C001094,2025-12-11 23:00:00,Male,61,Gold,Web,Remote_Area,788,Fashion,UrbanWear,False,3.45,No Promotion,0.0,Web,COD,1,975.08,0.08,78.01,897.08,3,23,12,3,0,1
LGS1ORD0004357,C000734,2025-12-12 01:00:00,Female,59,Bronze,TV,Phuket,1070,Electronics,GadgetWorld,True,4.17,No Promotion,0.0,Shopee,COD,4,3048.22,0.03,365.79,11827.11,3,1,12,4,0,0
LGS1ORD0004358,C000534,2025-12-12 03:00:00,Female,43,Bronze,CallCenter,Chiang Mai,1768,Fashion,UrbanWear,False,3.45,No Promotion,0.0,Lazada,COD,1,990.17,0.03,29.7,960.46,5,3,12,4,0,0
LGS1ORD0004359,C000282,2025-12-12 04:00:00,Male,47,Bronze,Web,Bangkok,493,Cosmetics,FreshLook,False,4.16,No Promotion,0.0,Shopee,COD,2,2196.49,0.03,131.79,4261.18,5,4,12,4,0,0
LGS1ORD0004360,C000782,2025-12-12 06:00:00,Female,33,Silver,TV,Khon Kaen,1347,Home_Appliance,CleanMate,True,3.91,Campaign,0.15,TV_Show,PromptPay,2,8485.36,0.2,3394.14,13576.58,1,6,12,4,0,0
LGS1ORD0004361,C001062,2025-12-12 08:00:00,Female,29,Gold,Shopee,Khon Kaen,1170,Fashion,SilkTouch,True,3.4,Clearance,0.2,TV_Show,COD,1,1649.85,0.28,461.96,1187.89,5,8,12,4,0,0
LGS1ORD0004362,C000718,2025-12-12 10:00:00,Female,31,Bronze,Shopee,Songkhla,1282,Electronics,ShieldCase,False,3.7,Clearance,0.25,Lazada,COD,2,11707.66,0.28,6556.29,16859.03,1,10,12,4,0,1
LGS1ORD0004363,C000024,2025-12-12 12:00:00,Male,26,Bronze,Shopee,Songkhla,614,Electronics,GadgetWorld,False,3.86,Campaign,0.05,Web,PromptPay,1,4691.11,0.08,375.29,4315.82,5,12,12,4,0,0
LGS1ORD0004364,C000746,2025-12-12 14:00:00,Female,22,Silver,TV,Bangkok,1101,Home_Appliance,PureAir,True,3.7,No Promotion,0.0,TV_Show,COD,1,3004.53,0.05,150.23,2854.3,1,14,12,4,0,0
LGS1ORD0004365,C000182,2025-12-12 16:00:00,Male,53,Bronze,Web,Khon Kaen,1324,Home_Appliance,HomePro,True,3.76,Clearance,0.25,CallCenter,COD,2,12561.58,0.28,7034.48,18088.67,3,16,12,4,0,0
LGS1ORD0004366,C000203,2025-12-12 18:00:00,Female,24,Bronze,Shopee,Bangkok,1652,Cosmetics,SunSafe,False,3.75,No Promotion,0.0,TV_Show,COD,2,2103.88,0.03,126.23,4081.52,3,18,12,4,0,0
LGS1ORD0004367,C000256,2025-12-12 20:00:00,Female,62,Bronze,Shopee,Remote_Area,1580,Home_Appliance,PureAir,False,4.0,Clearance,0.2,CallCenter,COD,1,10794.34,0.23,2482.7,8311.64,4,20,12,4,0,1
LGS1ORD0004368,C000924,2025-12-12 22:00:00,Male,32,Silver,TV,Khon Kaen,1523,Fashion,FitStyle,False,3.6,Campaign,0.1,Web,COD,2,2734.72,0.15,820.42,4649.02,4,22,12,4,0,0
LGS1ORD0004369,C001187,2025-12-12 23:00:00,Male,58,Bronze,Shopee,Chiang Mai,1223,Kitchen,KitchenMax,False,4.01,Campaign,0.15,TV_Show,COD,1,3447.67,0.18,620.58,2827.09,3,23,12,4,0,0
LGS1ORD0004370,C000888,2025-12-13 01:00:00,Female,56,Bronze,TV,Khon Kaen,858,Fashion,UrbanWear,False,3.49,Campaign,0.15,Shopee,COD,1,526.11,0.18,94.7,431.41,3,1,12,5,1,1
LGS1ORD0004371,C000352,2025-12-13 03:00:00,Female,37,Gold,Web,Songkhla,924,Fashion,FitStyle,False,3.4,Clearance,0.25,Shopee,COD,2,2336.13,0.33,1541.84,3130.41,3,3,12,5,1,1
LGS1ORD0004372,C000828,2025-12-13 05:00:00,Female,52,Bronze,Lazada,Phuket,501,Home_Appliance,CleanMate,True,3.73,No Promotion,0.0,Web,Bank_Transfer,1,2040.77,0.03,61.22,1979.55,3,5,12,5,1,0
LGS1ORD0004373,C000677,2025-12-13 07:00:00,Female,52,Gold,Lazada,Bangkok,1110,Home_Appliance,PureAir,False,4.02,Clearance,0.2,Web,PromptPay,1,12644.0,0.28,3540.32,9103.68,1,7,12,5,1,0
LGS1ORD0004374,C001157,2025-12-13 09:00:00,Female,53,Bronze,Lazada,Songkhla,1293,Fashion,UrbanWear,False,3.8,Campaign,0.05,Web,PromptPay,3,942.22,0.08,226.13,2600.53,3,9,12,5,1,0
LGS1ORD0004375,C000536,2025-12-13 11:00:00,Female,55,Silver,Web,Chonburi,499,Cosmetics,FreshLook,False,4.13,Campaign,0.05,TV_Show,PromptPay,2,872.77,0.1,174.55,1570.99,5,11,12,5,1,0
LGS1ORD0004376,C000065,2025-12-13 13:00:00,Male,45,Bronze,Shopee,Chonburi,1102,Kitchen,ChefHome,True,4.23,Clearance,0.25,CallCenter,Bank_Transfer,1,2045.46,0.28,572.73,1472.73,5,13,12,5,1,0
LGS1ORD0004377,C000502,2025-12-13 15:00:00,Female,53,Platinum,TV,Bangkok,867,Kitchen,KitchenMax,True,3.84,Campaign,0.05,TV_Show,Credit_Card,2,5280.19,0.15,1584.06,8976.33,1,15,12,5,1,0
LGS1ORD0004378,C001168,2025-12-13 17:00:00,Male,55,Silver,Shopee,Chonburi,1131,Fashion,SilkTouch,False,3.43,Campaign,0.1,Web,PromptPay,1,1298.03,0.15,194.7,1103.33,5,17,12,5,1,0
LGS1ORD0004379,C000852,2025-12-13 18:00:00,Male,72,Bronze,Shopee,Nakhon Ratchasima,528,Cosmetics,FreshLook,True,4.1,Campaign,0.15,Shopee,COD,2,993.62,0.18,357.7,1629.54,4,18,12,5,1,0
LGS1ORD0004380,C000990,2025-12-13 20:00:00,Male,46,Bronze,Web,Bangkok,1175,Electronics,GadgetWorld,False,3.57,Campaign,0.1,Lazada,Credit_Card,1,575.65,0.13,74.83,500.81,5,20,12,5,1,0
LGS1ORD0004381,C000538,2025-12-13 22:00:00,Female,44,Silver,Web,Bangkok,912,Cosmetics,SunSafe,False,4.17,Campaign,0.1,TV_Show,Bank_Transfer,1,1905.22,0.15,285.78,1619.44,5,22,12,5,1,0
LGS1ORD0004382,C000810,2025-12-14 00:00:00,Male,51,Bronze,TV,Songkhla,489,Cosmetics,SunSafe,False,4.06,Clearance,0.25,TV_Show,COD,1,622.74,0.28,174.37,448.37,4,0,12,6,1,0
LGS1ORD0004383,C000529,2025-12-14 02:00:00,Female,44,Bronze,TV,Remote_Area,1370,Kitchen,KitchenMax,False,4.0,Campaign,0.1,CallCenter,COD,1,5081.74,0.13,660.63,4421.11,1,2,12,6,1,0
LGS1ORD0004384,C000921,2025-12-14 04:00:00,Female,61,Bronze,TV,Remote_Area,1076,Electronics,NovaTech,True,3.71,Campaign,0.15,Lazada,COD,2,1839.75,0.18,662.31,3017.19,1,4,12,6,1,1
LGS1ORD0004385,C000571,2025-12-14 06:00:00,Male,27,Bronze,Lazada,Chonburi,1255,Kitchen,CookEasy,True,3.86,Campaign,0.15,CallCenter,COD,2,1676.87,0.18,603.67,2750.07,1,6,12,6,1,0
LGS1ORD0004386,C000642,2025-12-14 08:00:00,Female,52,Bronze,CallCenter,Bangkok,582,Electronics,ShieldCase,False,3.82,No Promotion,0.0,Lazada,COD,1,7092.11,0.03,212.76,6879.35,3,8,12,6,1,0
LGS1ORD0004387,C000805,2025-12-14 10:00:00,Male,55,Silver,Shopee,Khon Kaen,1404,Home_Appliance,HomePro,False,4.09,Campaign,0.1,Web,Bank_Transfer,1,14769.37,0.15,2215.41,12553.97,1,10,12,6,1,1
LGS1ORD0004388,C000887,2025-12-14 12:00:00,Male,36,Bronze,CallCenter,Bangkok,1551,Fashion,FitStyle,True,3.85,Campaign,0.05,Shopee,COD,2,1122.12,0.08,179.54,2064.7,3,12,12,6,1,0
LGS1ORD0004389,C000061,2025-12-14 14:00:00,Male,27,Platinum,Web,Nakhon Ratchasima,722,Fashion,FitStyle,False,3.7,No Promotion,0.0,Shopee,Bank_Transfer,1,519.95,0.1,51.99,467.95,3,14,12,6,1,1
LGS1ORD0004390,C001070,2025-12-14 15:00:00,Male,22,Bronze,Shopee,Bangkok,627,Kitchen,ChefHome,False,4.2,Campaign,0.05,Lazada,COD,1,3490.64,0.08,279.25,3211.39,1,15,12,6,1,0
LGS1ORD0004391,C000639,2025-12-14 17:00:00,Male,54,Bronze,Shopee,Bangkok,1750,Home_Appliance,PureAir,True,4.2,Campaign,0.1,Shopee,COD,4,11335.79,0.13,5894.61,39448.53,5,17,12,6,1,0
LGS1ORD0004392,C000579,2025-12-14 19:00:00,Male,27,Gold,TV,Songkhla,481,Home_Appliance,CleanMate,False,3.89,No Promotion,0.0,Web,Bank_Transfer,1,10115.98,0.08,809.28,9306.7,3,19,12,6,1,0
LGS1ORD0004393,C000884,2025-12-14 21:00:00,Male,27,Bronze,Shopee,Chonburi,1587,Kitchen,ChefHome,False,4.15,Campaign,0.15,TV_Show,Bank_Transfer,2,4498.41,0.18,1619.43,7377.39,1,21,12,6,1,1
LGS1ORD0004394,C000740,2025-12-14 23:00:00,Male,32,Platinum,Lazada,Songkhla,1491,Home_Appliance,PureAir,True,3.76,Campaign,0.1,CallCenter,COD,1,4424.72,0.2,884.94,3539.77,3,23,12,6,1,0
LGS1ORD0004395,C000596,2025-12-15 01:00:00,Male,55,Silver,TV,Bangkok,1318,Electronics,NovaTech,True,4.02,Clearance,0.2,Shopee,COD,1,10230.13,0.25,2557.53,7672.59,1,1,12,0,0,0
LGS1ORD0004396,C000382,2025-12-15 03:00:00,Male,63,Silver,Shopee,Bangkok,1406,Electronics,GadgetWorld,False,3.78,Clearance,0.2,TV_Show,Credit_Card,1,5600.08,0.25,1400.02,4200.06,1,3,12,0,0,1
LGS1ORD0004397,C000166,2025-12-15 05:00:00,Male,22,Silver,Web,Chiang Mai,1650,Fashion,FitStyle,False,3.36,No Promotion,0.0,Lazada,COD,2,945.52,0.05,94.55,1796.48,5,5,12,0,0,0
LGS1ORD0004398,C000280,2025-12-15 07:00:00,Other,59,Bronze,Shopee,Songkhla,824,Cosmetics,FreshLook,True,4.1,Clearance,0.25,Lazada,Credit_Card,1,962.13,0.28,269.4,692.73,3,7,12,0,0,0
LGS1ORD0004399,C000826,2025-12-15 09:00:00,Male,41,Bronze,TV,Chonburi,1698,Kitchen,CookEasy,False,4.09,Campaign,0.05,Shopee,PromptPay,1,5020.54,0.08,401.64,4618.9,1,9,12,0,0,0
LGS1ORD0004400,C000874,2025-12-15 10:00:00,Male,18,Bronze,Web,Bangkok,1784,Home_Appliance,CleanMate,False,3.82,Campaign,0.15,TV_Show,PromptPay,1,2177.55,0.18,391.96,1785.59,1,10,12,0,0,0
LGS1ORD0004401,C001064,2025-12-15 12:00:00,Male,37,Gold,Shopee,Remote_Area,1685,Home_Appliance,PureAir,False,4.2,No Promotion,0.0,Lazada,COD,1,15119.93,0.08,1209.59,13910.34,3,12,12,0,0,0
LGS1ORD0004402,C000176,2025-12-15 14:00:00,Female,49,Bronze,Lazada,Remote_Area,1553,Home_Appliance,CleanMate,False,3.81,Campaign,0.05,Web,COD,1,12136.21,0.08,970.9,11165.32,4,14,12,0,0,0
LGS1ORD0004403,C000633,2025-12-15 16:00:00,Female,47,Gold,Web,Bangkok,752,Kitchen,ChefHome,False,4.08,No Promotion,0.0,Web,COD,2,5286.61,0.08,845.86,9727.36,1,16,12,0,0,0
LGS1ORD0004404,C000640,2025-12-15 18:00:00,Female,60,Bronze,Lazada,Bangkok,1526,Fashion,SilkTouch,False,3.47,Campaign,0.05,TV_Show,COD,2,1827.02,0.08,292.32,3361.73,1,18,12,0,0,0
LGS1ORD0004405,C000359,2025-12-15 20:00:00,Female,43,Silver,TV,Bangkok,1118,Health,VitaLife,True,4.67,Campaign,0.15,Web,Credit_Card,1,3501.66,0.2,700.33,2801.33,3,20,12,0,0,0
LGS1ORD0004406,C000953,2025-12-15 22:00:00,Male,24,Bronze,Shopee,Nakhon Ratchasima,962,Kitchen,KitchenMax,False,4.0,Clearance,0.25,TV_Show,COD,1,5011.1,0.28,1403.11,3607.99,4,22,12,0,0,0
LGS1ORD0004407,C000707,2025-12-16 00:00:00,Male,49,Gold,Web,Songkhla,1155,Kitchen,CookEasy,True,4.12,No Promotion,0.0,TV_Show,COD,2,3153.71,0.08,504.59,5802.83,5,0,12,1,0,0
LGS1ORD0004408,C000835,2025-12-16 02:00:00,Female,52,Gold,Lazada,Bangkok,999,Home_Appliance,PureAir,True,4.04,Campaign,0.05,TV_Show,Credit_Card,2,7817.47,0.13,2032.54,13602.4,1,2,12,1,0,1
LGS1ORD0004409,C001016,2025-12-16 04:00:00,Female,27,Bronze,Lazada,Bangkok,395,Kitchen,KitchenMax,True,3.98,No Promotion,0.0,Web,COD,1,2734.77,0.03,82.04,2652.73,3,4,12,1,0,0
LGS1ORD0004410,C000530,2025-12-16 05:00:00,Female,72,Bronze,TV,Songkhla,1367,Cosmetics,FreshLook,False,4.0,Clearance,0.25,TV_Show,Credit_Card,2,2237.2,0.28,1252.83,3221.57,3,5,12,1,0,0
LGS1ORD0004411,C000689,2025-12-16 07:00:00,Female,48,Bronze,Shopee,Bangkok,1133,Home_Appliance,PureAir,True,4.0,Campaign,0.15,Web,COD,1,16530.47,0.18,2975.48,13554.98,3,7,12,1,0,0
LGS1ORD0004412,C000516,2025-12-16 09:00:00,Male,50,Bronze,Lazada,Chonburi,400,Electronics,GadgetWorld,False,3.66,Campaign,0.15,Web,PromptPay,1,6486.22,0.18,1167.52,5318.7,4,9,12,1,0,0
LGS1ORD0004413,C000559,2025-12-16 11:00:00,Female,30,Bronze,Lazada,Bangkok,676,Fashion,UrbanWear,False,3.72,Campaign,0.15,Web,COD,1,2555.06,0.18,459.91,2095.15,3,11,12,1,0,0
LGS1ORD0004414,C000558,2025-12-16 13:00:00,Male,49,Silver,Lazada,Nakhon Ratchasima,1326,Fashion,FitStyle,False,3.59,Campaign,0.15,Lazada,Credit_Card,1,470.31,0.2,94.06,376.25,1,13,12,1,0,0
LGS1ORD0004415,C000880,2025-12-16 15:00:00,Female,26,Gold,Shopee,Chonburi,790,Fashion,UrbanWear,False,3.82,Campaign,0.1,CallCenter,Bank_Transfer,2,684.5,0.18,246.42,1122.57,5,15,12,1,0,0
LGS1ORD0004416,C000069,2025-12-16 17:00:00,Female,26,Bronze,Lazada,Khon Kaen,1091,Cosmetics,Beauty Lab,False,4.22,Clearance,0.25,CallCenter,COD,2,1723.7,0.28,965.27,2482.13,3,17,12,1,0,0
LGS1ORD0004417,C000920,2025-12-16 19:00:00,Female,41,Bronze,TV,Songkhla,451,Fashion,FitStyle,False,3.53,No Promotion,0.0,Web,Credit_Card,2,1812.87,0.03,108.77,3516.98,1,19,12,1,0,1
LGS1ORD0004418,C000164,2025-12-16 21:00:00,Female,48,Bronze,TV,Remote_Area,1087,Electronics,GadgetWorld,False,3.89,Campaign,0.05,Web,COD,2,3228.51,0.08,516.56,5940.45,1,21,12,1,0,0
LGS1ORD0004419,C000359,2025-12-16 23:00:00,Female,43,Silver,TV,Bangkok,1119,Fashion,FitStyle,False,3.72,Campaign,0.15,Web,COD,2,1989.95,0.2,795.98,3183.92,3,23,12,1,0,0
LGS1ORD0004420,C001132,2025-12-17 00:00:00,Male,45,Gold,TV,Chiang Mai,1014,Cosmetics,FreshLook,True,3.9,Campaign,0.15,Shopee,COD,1,1202.71,0.2299999999999999,276.62,926.09,5,0,12,2,0,0
LGS1ORD0004421,C000046,2025-12-17 02:00:00,Female,35,Bronze,CallCenter,Nakhon Ratchasima,1351,Fashion,FitStyle,False,3.59,Campaign,0.05,TV_Show,COD,3,1779.71,0.08,427.13,4911.99,5,2,12,2,0,0
LGS1ORD0004422,C000272,2025-12-17 04:00:00,Female,43,Platinum,CallCenter,Chonburi,1650,Electronics,NovaTech,False,3.68,Campaign,0.1,CallCenter,COD,2,4416.78,0.2,1766.71,7066.84,3,4,12,2,0,0
LGS1ORD0004423,C001126,2025-12-17 06:00:00,Female,61,Bronze,TV,Phuket,1394,Home_Appliance,CleanMate,True,4.32,Campaign,0.15,Lazada,COD,1,4110.3,0.18,739.85,3370.44,5,6,12,2,0,0
LGS1ORD0004424,C000278,2025-12-17 08:00:00,Female,48,Bronze,CallCenter,Chonburi,677,Cosmetics,FreshLook,False,4.21,No Promotion,0.0,Lazada,COD,2,477.38,0.03,28.64,926.11,5,8,12,2,0,1
LGS1ORD0004425,C000996,2025-12-17 10:00:00,Male,42,Gold,Shopee,Nakhon Ratchasima,1732,Fashion,FitStyle,False,3.55,Campaign,0.15,Shopee,Bank_Transfer,1,801.97,0.2299999999999999,184.45,617.52,5,10,12,2,0,0
LGS1ORD0004426,C000586,2025-12-17 12:00:00,Male,51,Bronze,TV,Phuket,653,Fashion,SilkTouch,False,3.65,Campaign,0.1,Shopee,COD,2,1890.19,0.13,491.45,3288.94,3,12,12,2,0,1
LGS1ORD0004427,C000080,2025-12-17 14:00:00,Female,39,Bronze,Web,Nakhon Ratchasima,563,Home_Appliance,PureAir,True,3.62,Campaign,0.05,Web,PromptPay,2,11286.27,0.08,1805.8,20766.73,3,14,12,2,0,0
LGS1ORD0004428,C000587,2025-12-17 16:00:00,Female,55,Bronze,Shopee,Remote_Area,1621,Electronics,NovaTech,True,3.64,Campaign,0.05,Shopee,COD,2,1531.69,0.08,245.07,2818.32,1,16,12,2,0,1
LGS1ORD0004429,C000603,2025-12-17 18:00:00,Female,64,Bronze,Lazada,Chiang Mai,1120,Home_Appliance,PureAir,True,3.62,Campaign,0.1,Lazada,COD,1,10536.81,0.13,1369.79,9167.03,1,18,12,2,0,0
LGS1ORD0004430,C000445,2025-12-17 19:00:00,Female,30,Platinum,Shopee,Songkhla,1067,Home_Appliance,HomePro,True,4.1,Campaign,0.05,Shopee,PromptPay,1,2976.9,0.15,446.54,2530.37,3,19,12,2,0,0
LGS1ORD0004431,C000300,2025-12-17 21:00:00,Female,43,Bronze,TV,Remote_Area,1480,Kitchen,CookEasy,True,3.96,Campaign,0.15,Web,COD,3,2972.48,0.18,1605.14,7312.31,5,21,12,2,0,0
LGS1ORD0004432,C001064,2025-12-17 23:00:00,Male,37,Gold,Shopee,Remote_Area,1687,Kitchen,ChefHome,False,4.13,No Promotion,0.0,TV_Show,Credit_Card,4,5058.35,0.08,1618.67,18614.73,5,23,12,2,0,1
LGS1ORD0004433,C001008,2025-12-18 01:00:00,Other,35,Bronze,TV,Bangkok,703,Kitchen,ChefHome,False,4.0,No Promotion,0.0,Lazada,Credit_Card,1,3385.23,0.03,101.56,3283.68,5,1,12,3,0,0
LGS1ORD0004434,C000575,2025-12-18 03:00:00,Female,27,Bronze,TV,Chonburi,504,Cosmetics,FreshLook,False,4.22,No Promotion,0.0,TV_Show,COD,1,1490.06,0.03,44.7,1445.36,3,3,12,3,0,1
LGS1ORD0004435,C000102,2025-12-18 05:00:00,Male,26,Bronze,TV,Chonburi,1593,Fashion,UrbanWear,False,3.48,No Promotion,0.0,CallCenter,COD,3,750.82,0.03,67.57,2184.87,3,5,12,3,0,0
LGS1ORD0004436,C000722,2025-12-18 07:00:00,Male,40,Bronze,TV,Songkhla,1034,Home_Appliance,CleanMate,True,4.1,No Promotion,0.0,Shopee,COD,2,1379.49,0.03,82.77,2676.22,1,7,12,3,0,1
LGS1ORD0004437,C001004,2025-12-18 09:00:00,Male,57,Silver,Web,Bangkok,1006,Fashion,SilkTouch,False,3.47,No Promotion,0.0,Shopee,PromptPay,2,1758.97,0.05,175.9,3342.05,1,9,12,3,0,0
LGS1ORD0004438,C000839,2025-12-18 11:00:00,Male,21,Bronze,Web,Khon Kaen,644,Home_Appliance,CleanMate,True,4.0,No Promotion,0.0,Web,COD,1,10541.64,0.03,316.25,10225.39,3,11,12,3,0,0
LGS1ORD0004439,C000484,2025-12-18 13:00:00,Female,27,Bronze,Web,Bangkok,1506,Electronics,NovaTech,False,3.6,Clearance,0.2,Shopee,PromptPay,1,8416.03,0.23,1935.69,6480.34,1,13,12,3,0,1
LGS1ORD0004440,C000379,2025-12-18 14:00:00,Female,33,Bronze,TV,Phuket,1043,Home_Appliance,CleanMate,True,3.73,Clearance,0.25,Shopee,COD,3,2118.22,0.28,1779.31,4575.36,3,14,12,3,0,0
LGS1ORD0004441,C001080,2025-12-18 16:00:00,Male,40,Gold,Lazada,Bangkok,1356,Fashion,UrbanWear,False,3.61,Campaign,0.15,Lazada,PromptPay,1,1661.85,0.2299999999999999,382.22,1279.62,1,16,12,3,0,0
LGS1ORD0004442,C001167,2025-12-18 18:00:00,Female,66,Bronze,Web,Khon Kaen,1521,Health,MediCare,False,4.55,Campaign,0.05,Shopee,COD,1,828.0,0.08,66.24,761.76,3,18,12,3,0,0
LGS1ORD0004443,C000329,2025-12-18 20:00:00,Male,52,Bronze,Web,Bangkok,466,Fashion,FitStyle,False,3.7,Campaign,0.15,TV_Show,Credit_Card,1,2273.7,0.18,409.27,1864.44,4,20,12,3,0,0
LGS1ORD0004444,C000533,2025-12-18 22:00:00,Female,50,Silver,Shopee,Khon Kaen,1531,Electronics,NovaTech,True,3.71,No Promotion,0.0,Shopee,COD,1,2011.36,0.05,100.57,1910.79,3,22,12,3,0,1
LGS1ORD0004445,C000008,2025-12-19 00:00:00,Male,34,Silver,TV,Bangkok,1377,Fashion,UrbanWear,False,3.72,No Promotion,0.0,Shopee,Credit_Card,1,2220.01,0.05,111.0,2109.01,1,0,12,4,0,0
LGS1ORD0004446,C000174,2025-12-19 02:00:00,Female,51,Gold,Shopee,Khon Kaen,822,Electronics,ShieldCase,False,3.8,Campaign,0.15,Shopee,Credit_Card,4,6492.18,0.2299999999999999,5972.81,19995.92,1,2,12,4,0,0
LGS1ORD0004447,C001064,2025-12-19 04:00:00,Male,37,Gold,Shopee,Remote_Area,1689,Cosmetics,Beauty Lab,False,3.9,Campaign,0.05,TV_Show,Credit_Card,2,1745.36,0.13,453.79,3036.92,3,4,12,4,0,0
LGS1ORD0004448,C000599,2025-12-19 06:00:00,Male,56,Bronze,TV,Remote_Area,1596,Cosmetics,Beauty Lab,False,4.18,Clearance,0.2,Lazada,COD,1,535.12,0.23,123.08,412.05,3,6,12,4,0,0
LGS1ORD0004449,C000740,2025-12-19 08:00:00,Male,32,Platinum,Lazada,Songkhla,1496,Kitchen,KitchenMax,True,4.03,Campaign,0.05,Web,COD,3,4919.69,0.15,2213.86,12545.22,1,8,12,4,0,0
LGS1ORD0004450,C000805,2025-12-19 09:00:00,Male,55,Silver,Shopee,Khon Kaen,1409,Fashion,SilkTouch,False,3.65,Clearance,0.2,TV_Show,PromptPay,1,1896.06,0.25,474.02,1422.05,1,9,12,4,0,1
LGS1ORD0004451,C000452,2025-12-19 11:00:00,Female,40,Bronze,Web,Songkhla,425,Home_Appliance,CleanMate,True,4.0,Campaign,0.15,Shopee,COD,2,11351.28,0.18,4086.46,18616.1,3,11,12,4,0,1
LGS1ORD0004452,C001199,2025-12-19 13:00:00,Male,72,Bronze,Web,Khon Kaen,988,Kitchen,CookEasy,True,3.86,Campaign,0.05,CallCenter,Bank_Transfer,3,1714.56,0.08,411.49,4732.18,3,13,12,4,0,0
LGS1ORD0004453,C000748,2025-12-19 15:00:00,Male,50,Bronze,Lazada,Chonburi,1771,Cosmetics,SunSafe,True,4.02,Campaign,0.15,TV_Show,COD,1,1032.2,0.18,185.8,846.41,3,15,12,4,0,0
LGS1ORD0004454,C000810,2025-12-19 17:00:00,Male,51,Bronze,TV,Songkhla,494,Home_Appliance,PureAir,False,4.16,Campaign,0.1,Web,COD,2,9729.39,0.13,2529.64,16929.15,4,17,12,4,0,1
LGS1ORD0004455,C001022,2025-12-19 19:00:00,Female,43,Silver,Lazada,Bangkok,1391,Electronics,GadgetWorld,False,4.07,Clearance,0.2,Web,COD,2,1066.56,0.25,533.28,1599.84,1,19,12,4,0,0
LGS1ORD0004456,C000026,2025-12-19 21:00:00,Female,49,Bronze,TV,Nakhon Ratchasima,445,Home_Appliance,PureAir,True,3.62,Campaign,0.1,Lazada,COD,1,11156.34,0.13,1450.32,9706.02,5,21,12,4,0,0
LGS1ORD0004457,C000019,2025-12-19 23:00:00,Male,61,Platinum,TV,Phuket,1505,Fashion,UrbanWear,False,3.48,Clearance,0.25,Shopee,Credit_Card,1,750.05,0.35,262.52,487.53,1,23,12,4,0,0
LGS1ORD0004458,C000701,2025-12-20 01:00:00,Female,43,Bronze,Lazada,Bangkok,1282,Kitchen,KitchenMax,False,3.83,Clearance,0.2,CallCenter,PromptPay,2,4295.1,0.23,1975.74,6614.45,3,1,12,5,1,0
LGS1ORD0004459,C001001,2025-12-20 03:00:00,Male,40,Silver,TV,Songkhla,885,Fashion,FitStyle,False,3.18,Campaign,0.1,Shopee,COD,1,568.83,0.15,85.32,483.51,5,3,12,5,1,1
LGS1ORD0004460,C000454,2025-12-20 04:00:00,Female,60,Bronze,TV,Remote_Area,1113,Kitchen,ChefHome,False,4.08,No Promotion,0.0,CallCenter,COD,1,5273.01,0.03,158.19,5114.82,5,4,12,5,1,0
LGS1ORD0004461,C001176,2025-12-20 06:00:00,Female,45,Silver,Shopee,Khon Kaen,1429,Fashion,SilkTouch,False,3.62,Campaign,0.05,Web,COD,1,1897.33,0.1,189.73,1707.6,5,6,12,5,1,1
LGS1ORD0004462,C000863,2025-12-20 08:00:00,Female,32,Gold,Web,Khon Kaen,599,Health,VitaLife,True,4.31,Campaign,0.15,Web,PromptPay,2,3199.84,0.2299999999999999,1471.93,4927.76,1,8,12,5,1,0
LGS1ORD0004463,C001087,2025-12-20 10:00:00,Female,52,Bronze,TV,Khon Kaen,1125,Cosmetics,Beauty Lab,False,3.94,Clearance,0.2,Shopee,Credit_Card,2,1631.19,0.23,750.35,2512.02,5,10,12,5,1,0
LGS1ORD0004464,C000537,2025-12-20 12:00:00,Female,33,Platinum,TV,Chiang Mai,1051,Home_Appliance,CleanMate,True,4.11,Clearance,0.2,Shopee,COD,1,7786.98,0.3,2336.09,5450.89,5,12,12,5,1,1
LGS1ORD0004465,C001169,2025-12-20 14:00:00,Female,30,Bronze,Lazada,Chonburi,646,Kitchen,ChefHome,False,4.02,No Promotion,0.0,TV_Show,COD,2,647.68,0.03,38.86,1256.49,3,14,12,5,1,0
LGS1ORD0004466,C000382,2025-12-20 16:00:00,Male,63,Silver,Shopee,Bangkok,1411,Home_Appliance,PureAir,True,4.0,Clearance,0.2,Shopee,Credit_Card,1,14043.44,0.25,3510.86,10532.58,1,16,12,5,1,0
LGS1ORD0004467,C000560,2025-12-20 18:00:00,Female,51,Bronze,CallCenter,Bangkok,1314,Health,WellPlus,False,4.32,Clearance,0.2,Shopee,COD,2,3367.89,0.23,1549.23,5186.56,4,18,12,5,1,0
LGS1ORD0004468,C000694,2025-12-20 20:00:00,Female,39,Gold,Shopee,Chiang Mai,1298,Home_Appliance,CleanMate,True,3.75,Campaign,0.1,Web,Credit_Card,3,5465.74,0.18,2951.5,13445.71,3,20,12,5,1,0
LGS1ORD0004469,C000654,2025-12-20 22:00:00,Female,57,Gold,TV,Chonburi,710,Fashion,UrbanWear,True,3.77,Campaign,0.15,Lazada,Credit_Card,1,2089.92,0.2299999999999999,480.68,1609.23,4,22,12,5,1,0
LGS1ORD0004470,C000864,2025-12-20 23:00:00,Male,59,Bronze,Web,Bangkok,1468,Electronics,ShieldCase,True,3.7,No Promotion,0.0,Web,PromptPay,2,10037.77,0.03,602.27,19473.28,1,23,12,5,1,0
LGS1ORD0004471,C000432,2025-12-21 01:00:00,Female,45,Bronze,Web,Songkhla,766,Kitchen,ChefHome,False,3.83,Clearance,0.25,Lazada,COD,1,2204.89,0.28,617.37,1587.52,5,1,12,6,1,0
LGS1ORD0004472,C000825,2025-12-21 03:00:00,Male,38,Silver,Shopee,Khon Kaen,629,Cosmetics,SunSafe,False,4.25,No Promotion,0.0,TV_Show,COD,1,1379.5,0.05,68.98,1310.53,1,3,12,6,1,0
LGS1ORD0004473,C000722,2025-12-21 05:00:00,Male,40,Bronze,TV,Songkhla,1037,Electronics,GadgetWorld,True,4.0,Campaign,0.15,CallCenter,Credit_Card,3,2579.19,0.18,1392.76,6344.81,4,5,12,6,1,0
LGS1ORD0004474,C000169,2025-12-21 07:00:00,Male,42,Bronze,Web,Chiang Mai,1535,Health,MediCare,False,4.39,Campaign,0.1,CallCenter,Credit_Card,1,4224.45,0.13,549.18,3675.28,5,7,12,6,1,0
LGS1ORD0004475,C000056,2025-12-21 09:00:00,Female,33,Silver,Web,Bangkok,1343,Fashion,SilkTouch,False,3.9,Clearance,0.25,CallCenter,Credit_Card,2,682.5,0.3,409.5,955.51,4,9,12,6,1,0
LGS1ORD0004476,C000021,2025-12-21 11:00:00,Male,27,Bronze,Shopee,Nakhon Ratchasima,863,Cosmetics,SunSafe,True,4.2,No Promotion,0.0,Lazada,COD,3,2101.57,0.03,189.14,6115.58,3,11,12,6,1,0
LGS1ORD0004477,C000266,2025-12-21 13:00:00,Female,44,Bronze,CallCenter,Khon Kaen,1263,Home_Appliance,PureAir,True,4.0,Clearance,0.25,Web,COD,1,12123.36,0.28,3394.54,8728.82,1,13,12,6,1,0
LGS1ORD0004478,C000599,2025-12-21 15:00:00,Male,56,Bronze,TV,Remote_Area,1598,Fashion,UrbanWear,True,3.77,Campaign,0.05,Lazada,COD,1,1829.4,0.08,146.35,1683.04,5,15,12,6,1,1
LGS1ORD0004479,C000592,2025-12-21 17:00:00,Male,44,Bronze,Lazada,Chonburi,1670,Electronics,GadgetWorld,False,3.8,Campaign,0.15,Shopee,Bank_Transfer,3,8930.79,0.18,4822.63,21969.74,3,17,12,6,1,0
LGS1ORD0004480,C000496,2025-12-21 18:00:00,Male,55,Bronze,Web,Remote_Area,793,Kitchen,CookEasy,False,3.92,Clearance,0.25,Web,PromptPay,1,2936.19,0.28,822.13,2114.05,4,18,12,6,1,0
LGS1ORD0004481,C000853,2025-12-21 20:00:00,Male,34,Gold,Shopee,Songkhla,1636,Home_Appliance,CleanMate,True,3.73,Clearance,0.2,TV_Show,COD,2,2010.73,0.28,1126.01,2895.45,3,20,12,6,1,1
LGS1ORD0004482,C000766,2025-12-21 22:00:00,Male,46,Gold,Lazada,Bangkok,1271,Fashion,SilkTouch,False,3.86,Campaign,0.15,Web,Credit_Card,1,2171.73,0.2299999999999999,499.5,1672.23,5,22,12,6,1,0
LGS1ORD0004483,C000941,2025-12-22 00:00:00,Female,55,Gold,TV,Bangkok,680,Cosmetics,Beauty Lab,False,4.23,Clearance,0.2,Web,PromptPay,1,1442.24,0.28,403.83,1038.41,1,0,12,0,0,0
LGS1ORD0004484,C000155,2025-12-22 02:00:00,Male,44,Gold,CallCenter,Songkhla,1142,Cosmetics,Beauty Lab,False,4.15,No Promotion,0.0,TV_Show,COD,2,1150.95,0.08,184.15,2117.75,4,2,12,0,0,0
LGS1ORD0004485,C000331,2025-12-22 04:00:00,Other,25,Silver,CallCenter,Chonburi,499,Home_Appliance,HomePro,True,3.76,Clearance,0.25,Lazada,COD,2,13707.29,0.3,8224.37,19190.21,5,4,12,0,0,0
LGS1ORD0004486,C000657,2025-12-22 06:00:00,Male,60,Gold,Shopee,Bangkok,398,Fashion,SilkTouch,False,3.86,Campaign,0.15,TV_Show,Credit_Card,1,510.81,0.2299999999999999,117.49,393.33,5,6,12,0,0,0
LGS1ORD0004487,C000163,2025-12-22 08:00:00,Female,56,Bronze,Web,Nakhon Ratchasima,367,Fashion,SilkTouch,False,3.21,Campaign,0.15,Web,PromptPay,2,1971.08,0.18,709.59,3232.56,4,8,12,0,0,0
LGS1ORD0004488,C000461,2025-12-22 10:00:00,Male,37,Silver,TV,Khon Kaen,1332,Home_Appliance,CleanMate,True,4.24,Campaign,0.05,Web,COD,1,7315.49,0.1,731.55,6583.94,5,10,12,0,0,0
LGS1ORD0004489,C000007,2025-12-22 12:00:00,Male,27,Gold,CallCenter,Phuket,1545,Electronics,NovaTech,False,4.0,Campaign,0.05,Lazada,COD,1,8319.58,0.13,1081.55,7238.04,4,12,12,0,0,0
LGS1ORD0004490,C000369,2025-12-22 14:00:00,Male,47,Silver,Lazada,Bangkok,1677,Home_Appliance,CleanMate,True,3.71,No Promotion,0.0,TV_Show,Credit_Card,4,9134.96,0.05,1826.99,34712.83,1,14,12,0,0,0
LGS1ORD0004491,C000898,2025-12-22 15:00:00,Female,49,Silver,Shopee,Bangkok,1270,Home_Appliance,HomePro,True,4.07,Clearance,0.2,Web,COD,2,1128.94,0.25,564.47,1693.41,3,15,12,0,0,0
LGS1ORD0004492,C000565,2025-12-22 17:00:00,Female,58,Bronze,TV,Remote_Area,1801,Electronics,GadgetWorld,True,4.0,Clearance,0.2,CallCenter,Credit_Card,2,2764.09,0.23,1271.48,4256.69,1,17,12,0,0,0
LGS1ORD0004493,C000116,2025-12-22 19:00:00,Female,63,Gold,Web,Khon Kaen,1648,Cosmetics,Beauty Lab,False,3.89,Campaign,0.15,Web,PromptPay,1,1046.22,0.2299999999999999,240.63,805.59,3,19,12,0,0,0
LGS1ORD0004494,C000905,2025-12-22 21:00:00,Male,40,Bronze,TV,Songkhla,618,Home_Appliance,PureAir,True,4.2,No Promotion,0.0,CallCenter,PromptPay,1,11306.52,0.03,339.2,10967.33,1,21,12,0,0,0
LGS1ORD0004495,C000383,2025-12-22 23:00:00,Male,29,Bronze,TV,Khon Kaen,480,Home_Appliance,CleanMate,True,4.11,Campaign,0.1,CallCenter,COD,1,7689.51,0.13,999.64,6689.87,3,23,12,0,0,0
LGS1ORD0004496,C000137,2025-12-23 01:00:00,Male,50,Bronze,Web,Songkhla,1600,Electronics,NovaTech,False,3.6,Campaign,0.15,CallCenter,Bank_Transfer,1,8453.83,0.18,1521.69,6932.14,4,1,12,1,0,1
LGS1ORD0004497,C000197,2025-12-23 03:00:00,Male,27,Bronze,Shopee,Remote_Area,448,Electronics,NovaTech,False,3.75,No Promotion,0.0,Shopee,Credit_Card,3,9458.41,0.03,851.26,27523.98,3,3,12,1,0,0
LGS1ORD0004498,C000039,2025-12-23 05:00:00,Female,48,Bronze,Shopee,Bangkok,1763,Kitchen,CookEasy,False,3.81,No Promotion,0.0,Lazada,PromptPay,3,1497.42,0.03,134.77,4357.5,1,5,12,1,0,0
LGS1ORD0004499,C000619,2025-12-23 07:00:00,Female,70,Bronze,TV,Nakhon Ratchasima,1337,Electronics,NovaTech,True,3.46,Clearance,0.2,Web,COD,1,7476.83,0.23,1719.67,5757.16,1,7,12,1,0,1
LGS1ORD0004500,C000703,2025-12-23 09:00:00,Female,48,Bronze,Web,Bangkok,856,Electronics,NovaTech,True,3.5,Campaign,0.15,Shopee,COD,1,7320.79,0.18,1317.74,6003.05,1,9,12,1,0,1
LGS1ORD0004501,C000874,2025-12-23 10:00:00,Male,18,Bronze,Web,Bangkok,1792,Health,MediCare,False,3.83,Campaign,0.15,TV_Show,COD,1,3479.63,0.18,626.33,2853.3,1,10,12,1,0,0
LGS1ORD0004502,C000103,2025-12-23 12:00:00,Male,42,Bronze,TV,Remote_Area,1433,Home_Appliance,HomePro,True,3.97,Clearance,0.25,TV_Show,COD,1,9312.21,0.28,2607.42,6704.79,3,12,12,1,0,0
LGS1ORD0004503,C000916,2025-12-23 14:00:00,Male,62,Bronze,Shopee,Bangkok,1441,Home_Appliance,HomePro,False,4.29,Clearance,0.2,CallCenter,COD,2,1430.18,0.23,657.88,2202.48,5,14,12,1,0,0
LGS1ORD0004504,C000411,2025-12-23 16:00:00,Female,34,Bronze,TV,Nakhon Ratchasima,1084,Cosmetics,FreshLook,False,3.94,Campaign,0.15,Web,Credit_Card,1,975.83,0.18,175.65,800.18,3,16,12,1,0,0
LGS1ORD0004505,C000239,2025-12-23 18:00:00,Male,63,Bronze,Shopee,Chonburi,900,Electronics,ShieldCase,False,3.7,No Promotion,0.0,Shopee,COD,1,12229.26,0.03,366.88,11862.38,3,18,12,1,0,0
LGS1ORD0004506,C000255,2025-12-23 20:00:00,Male,68,Bronze,CallCenter,Chonburi,592,Electronics,ShieldCase,False,3.77,Campaign,0.15,TV_Show,COD,1,2596.96,0.18,467.45,2129.5,1,20,12,1,0,0
LGS1ORD0004507,C000046,2025-12-23 22:00:00,Female,35,Bronze,CallCenter,Nakhon Ratchasima,1357,Health,MediCare,False,4.39,Campaign,0.15,Shopee,Credit_Card,1,4321.39,0.18,777.85,3543.54,3,22,12,1,0,0
LGS1ORD0004508,C000467,2025-12-24 00:00:00,Male,41,Bronze,CallCenter,Bangkok,1201,Fashion,UrbanWear,False,3.68,Campaign,0.15,Shopee,Credit_Card,3,1027.43,0.18,554.81,2527.49,5,0,12,2,0,0
LGS1ORD0004509,C000749,2025-12-24 02:00:00,Male,18,Silver,TV,Bangkok,1059,Cosmetics,SunSafe,True,3.96,Campaign,0.15,TV_Show,Credit_Card,3,285.22,0.2,171.13,684.53,3,2,12,2,0,0
LGS1ORD0004510,C000984,2025-12-24 04:00:00,Female,44,Silver,Lazada,Bangkok,1518,Fashion,UrbanWear,True,3.71,Clearance,0.25,TV_Show,COD,2,675.55,0.3,405.33,945.77,3,4,12,2,0,1
LGS1ORD0004511,C001063,2025-12-24 05:00:00,Male,58,Bronze,Shopee,Songkhla,801,Kitchen,ChefHome,False,4.02,No Promotion,0.0,Web,Credit_Card,1,626.45,0.03,18.79,607.65,5,5,12,2,0,0
LGS1ORD0004512,C000652,2025-12-24 07:00:00,Female,28,Gold,Shopee,Phuket,1597,Electronics,GadgetWorld,False,4.07,Clearance,0.2,TV_Show,COD,3,1073.35,0.28,901.61,2318.43,5,7,12,2,0,0
LGS1ORD0004513,C000334,2025-12-24 09:00:00,Male,56,Bronze,TV,Remote_Area,1743,Electronics,NovaTech,False,3.6,No Promotion,0.0,Web,COD,4,9048.45,0.03,1085.81,35107.99,5,9,12,2,0,1
LGS1ORD0004514,C000422,2025-12-24 11:00:00,Female,27,Bronze,Shopee,Bangkok,606,Cosmetics,SunSafe,False,4.24,Campaign,0.05,Web,Credit_Card,1,1915.32,0.08,153.23,1762.09,1,11,12,2,0,0
LGS1ORD0004515,C000135,2025-12-24 13:00:00,Female,58,Bronze,Web,Remote_Area,1393,Cosmetics,FreshLook,False,4.07,Campaign,0.05,TV_Show,COD,2,1680.41,0.08,268.87,3091.95,3,13,12,2,0,0
LGS1ORD0004516,C001032,2025-12-24 15:00:00,Male,48,Silver,TV,Chonburi,1242,Cosmetics,FreshLook,False,4.0,No Promotion,0.0,Lazada,COD,3,367.41,0.05,55.11,1047.11,3,15,12,2,0,0
LGS1ORD0004517,C000818,2025-12-24 17:00:00,Female,59,Bronze,Web,Chonburi,1096,Home_Appliance,PureAir,True,3.62,Campaign,0.1,TV_Show,COD,1,10057.66,0.13,1307.5,8750.17,1,17,12,2,0,0
LGS1ORD0004518,C000798,2025-12-24 19:00:00,Male,49,Platinum,Shopee,Khon Kaen,1466,Fashion,UrbanWear,False,3.68,Clearance,0.2,Lazada,COD,1,947.56,0.3,284.27,663.29,3,19,12,2,0,0
LGS1ORD0004519,C001040,2025-12-24 21:00:00,Female,50,Silver,Web,Chiang Mai,377,Health,WellPlus,False,4.15,No Promotion,0.0,TV_Show,COD,1,2377.89,0.05,118.89,2259.0,3,21,12,2,0,0
LGS1ORD0004520,C000351,2025-12-24 23:00:00,Female,18,Silver,Web,Nakhon Ratchasima,1718,Electronics,GadgetWorld,False,3.83,Campaign,0.1,TV_Show,Credit_Card,1,2288.91,0.15,343.34,1945.57,1,23,12,2,0,0
LGS1ORD0004521,C001025,2025-12-25 00:00:00,Male,44,Silver,TV,Khon Kaen,1327,Electronics,GadgetWorld,True,4.17,Clearance,0.2,Web,Credit_Card,1,3053.76,0.25,763.44,2290.32,3,0,12,3,0,0
LGS1ORD0004522,C000773,2025-12-25 02:00:00,Female,51,Bronze,Shopee,Khon Kaen,1071,Fashion,FitStyle,False,3.6,Clearance,0.25,Shopee,COD,1,2630.72,0.28,736.6,1894.12,3,2,12,3,0,1
LGS1ORD0004523,C001030,2025-12-25 04:00:00,Female,59,Silver,Web,Chonburi,826,Cosmetics,FreshLook,False,4.12,Campaign,0.15,Lazada,Credit_Card,1,183.66,0.2,36.73,146.93,3,4,12,3,0,0
LGS1ORD0004524,C001123,2025-12-25 06:00:00,Female,18,Bronze,Shopee,Bangkok,1272,Kitchen,CookEasy,True,4.12,Clearance,0.2,Web,COD,2,3338.82,0.23,1535.86,5141.79,4,6,12,3,0,0
LGS1ORD0004525,C000453,2025-12-25 08:00:00,Female,45,Silver,Shopee,Remote_Area,1540,Fashion,UrbanWear,False,3.6,Campaign,0.15,CallCenter,PromptPay,2,2243.06,0.2,897.22,3588.89,5,8,12,3,0,0
LGS1ORD0004526,C000238,2025-12-25 10:00:00,Female,53,Bronze,Web,Bangkok,908,Cosmetics,SunSafe,False,4.53,No Promotion,0.0,Lazada,COD,1,769.29,0.03,23.08,746.22,1,10,12,3,0,0
LGS1ORD0004527,C000507,2025-12-25 12:00:00,Male,49,Bronze,Lazada,Phuket,1813,Home_Appliance,CleanMate,True,4.1,Campaign,0.05,Shopee,COD,2,1311.86,0.08,209.9,2413.81,5,12,12,3,0,0
LGS1ORD0004528,C000250,2025-12-25 14:00:00,Male,40,Silver,TV,Chonburi,1201,Cosmetics,FreshLook,False,4.21,Campaign,0.15,Shopee,Bank_Transfer,1,915.94,0.2,183.19,732.75,1,14,12,3,0,0
LGS1ORD0004529,C000737,2025-12-25 16:00:00,Male,51,Bronze,CallCenter,Bangkok,1697,Kitchen,CookEasy,True,4.12,Campaign,0.05,CallCenter,PromptPay,3,3193.73,0.08,766.5,8814.7,1,16,12,3,0,0
LGS1ORD0004530,C001060,2025-12-25 18:00:00,Male,32,Bronze,Shopee,Songkhla,1429,Electronics,NovaTech,False,3.92,Clearance,0.2,Lazada,COD,1,8789.31,0.23,2021.54,6767.77,1,18,12,3,0,1
LGS1ORD0004531,C000993,2025-12-25 19:00:00,Male,42,Silver,Lazada,Chiang Mai,1652,Fashion,FitStyle,False,3.59,Clearance,0.25,Shopee,COD,1,440.68,0.3,132.2,308.48,5,19,12,3,0,0
LGS1ORD0004532,C000378,2025-12-25 21:00:00,Male,45,Silver,TV,Bangkok,1668,Fashion,FitStyle,False,3.59,No Promotion,0.0,CallCenter,COD,1,1756.82,0.05,87.84,1668.98,5,21,12,3,0,0
LGS1ORD0004533,C001010,2025-12-25 23:00:00,Male,29,Bronze,Lazada,Remote_Area,1521,Kitchen,ChefHome,True,3.95,Campaign,0.05,TV_Show,Credit_Card,2,1260.6,0.08,201.7,2319.5,5,23,12,3,0,0
LGS1ORD0004534,C000558,2025-12-26 01:00:00,Male,49,Silver,Lazada,Nakhon Ratchasima,1336,Cosmetics,FreshLook,False,4.26,Clearance,0.2,Web,COD,1,2089.22,0.25,522.3,1566.91,1,1,12,4,0,0
LGS1ORD0004535,C001083,2025-12-26 03:00:00,Female,51,Bronze,Lazada,Bangkok,671,Home_Appliance,PureAir,True,4.14,No Promotion,0.0,Web,Credit_Card,1,4089.01,0.03,122.67,3966.34,5,3,12,4,0,0
LGS1ORD0004536,C000115,2025-12-26 05:00:00,Male,47,Bronze,Shopee,Khon Kaen,844,Fashion,UrbanWear,False,3.6,Campaign,0.15,Web,COD,1,871.34,0.18,156.84,714.5,5,5,12,4,0,1
LGS1ORD0004537,C000900,2025-12-26 07:00:00,Female,48,Silver,Shopee,Bangkok,1665,Home_Appliance,CleanMate,True,4.1,Clearance,0.25,Web,Bank_Transfer,2,1310.78,0.3,786.47,1835.09,1,7,12,4,0,0
LGS1ORD0004538,C001050,2025-12-26 09:00:00,Male,49,Bronze,Lazada,Chonburi,1463,Kitchen,ChefHome,False,4.16,Campaign,0.15,Lazada,COD,2,1669.28,0.18,600.94,2737.62,1,9,12,4,0,0
LGS1ORD0004539,C000519,2025-12-26 11:00:00,Female,40,Silver,TV,Khon Kaen,1604,Kitchen,ChefHome,False,4.2,Campaign,0.15,Lazada,COD,2,3438.81,0.2,1375.52,5502.09,1,11,12,4,0,0
LGS1ORD0004540,C000354,2025-12-26 13:00:00,Female,35,Bronze,Lazada,Nakhon Ratchasima,824,Home_Appliance,PureAir,False,4.11,No Promotion,0.0,CallCenter,COD,2,6120.7,0.03,367.24,11874.16,3,13,12,4,0,0
LGS1ORD0004541,C000754,2025-12-26 14:00:00,Female,32,Gold,Web,Bangkok,521,Cosmetics,SunSafe,False,4.36,No Promotion,0.0,Web,COD,2,629.14,0.08,100.66,1157.61,3,14,12,4,0,0
LGS1ORD0004542,C000905,2025-12-26 16:00:00,Male,40,Bronze,TV,Songkhla,622,Cosmetics,Beauty Lab,True,4.06,No Promotion,0.0,Lazada,COD,1,764.67,0.03,22.94,741.73,1,16,12,4,0,1
LGS1ORD0004543,C000061,2025-12-26 18:00:00,Male,27,Platinum,Web,Nakhon Ratchasima,734,Kitchen,KitchenMax,False,3.83,Campaign,0.1,Web,PromptPay,1,3963.32,0.2,792.66,3170.66,5,18,12,4,0,0
LGS1ORD0004544,C001190,2025-12-26 20:00:00,Female,35,Gold,Lazada,Remote_Area,923,Health,WellPlus,False,4.23,Clearance,0.2,Shopee,COD,2,1515.96,0.28,848.94,2182.98,4,20,12,4,0,1
LGS1ORD0004545,C000945,2025-12-26 22:00:00,Female,28,Silver,Shopee,Khon Kaen,1565,Home_Appliance,PureAir,True,4.08,Campaign,0.1,Shopee,Credit_Card,1,1549.63,0.15,232.44,1317.18,3,22,12,4,0,0
LGS1ORD0004546,C000080,2025-12-27 00:00:00,Female,39,Bronze,Web,Nakhon Ratchasima,573,Home_Appliance,HomePro,True,4.16,Clearance,0.25,Lazada,Credit_Card,1,8943.97,0.28,2504.31,6439.66,1,0,12,5,1,0
LGS1ORD0004547,C000023,2025-12-27 02:00:00,Male,46,Bronze,Shopee,Bangkok,451,Fashion,UrbanWear,False,3.81,Campaign,0.05,Web,Credit_Card,1,1859.34,0.08,148.75,1710.6,5,2,12,5,1,0
LGS1ORD0004548,C001087,2025-12-27 04:00:00,Female,52,Bronze,TV,Khon Kaen,1132,Home_Appliance,PureAir,False,4.19,Campaign,0.15,Lazada,PromptPay,3,5576.97,0.18,3011.56,13719.35,3,4,12,5,1,0
LGS1ORD0004549,C001063,2025-12-27 06:00:00,Male,58,Bronze,Shopee,Songkhla,804,Home_Appliance,HomePro,True,3.73,Clearance,0.25,Lazada,COD,1,9880.25,0.28,2766.47,7113.78,3,6,12,5,1,1
LGS1ORD0004550,C000917,2025-12-27 08:00:00,Female,36,Gold,Lazada,Nakhon Ratchasima,1777,Fashion,UrbanWear,False,3.51,Campaign,0.1,Web,COD,1,457.37,0.18,82.33,375.04,5,8,12,5,1,0
LGS1ORD0004551,C000513,2025-12-27 09:00:00,Male,59,Silver,CallCenter,Bangkok,1384,Electronics,ShieldCase,False,3.7,Campaign,0.05,CallCenter,COD,2,11470.5,0.1,2294.1,20646.89,4,9,12,5,1,0
LGS1ORD0004552,C000785,2025-12-27 11:00:00,Male,51,Gold,CallCenter,Khon Kaen,1344,Kitchen,KitchenMax,True,3.89,Clearance,0.2,CallCenter,COD,2,3891.88,0.28,2179.45,5604.31,3,11,12,5,1,1
LGS1ORD0004553,C001010,2025-12-27 13:00:00,Male,29,Bronze,Lazada,Remote_Area,1523,Electronics,NovaTech,True,3.5,Campaign,0.15,TV_Show,COD,4,5041.15,0.18,3629.63,16534.97,3,13,12,5,1,1
LGS1ORD0004554,C000835,2025-12-27 15:00:00,Female,52,Gold,Lazada,Bangkok,1010,Home_Appliance,PureAir,False,4.37,No Promotion,0.0,Web,COD,1,5590.28,0.08,447.22,5143.06,4,15,12,5,1,0
LGS1ORD0004555,C001032,2025-12-27 17:00:00,Male,48,Silver,TV,Chonburi,1245,Electronics,ShieldCase,False,3.96,Campaign,0.05,CallCenter,COD,3,3232.51,0.1,969.75,8727.77,4,17,12,5,1,0
LGS1ORD0004556,C000862,2025-12-27 19:00:00,Female,39,Silver,TV,Khon Kaen,1702,Kitchen,CookEasy,False,3.81,Campaign,0.15,Web,PromptPay,2,1537.13,0.2,614.85,2459.4,1,19,12,5,1,0
LGS1ORD0004557,C000108,2025-12-27 21:00:00,Female,53,Bronze,Shopee,Bangkok,1052,Cosmetics,SunSafe,False,3.75,Campaign,0.05,TV_Show,Bank_Transfer,1,2234.52,0.08,178.76,2055.76,1,21,12,5,1,0
LGS1ORD0004558,C000242,2025-12-27 23:00:00,Male,29,Gold,Web,Khon Kaen,986,Fashion,FitStyle,False,3.51,Campaign,0.1,Lazada,COD,2,883.63,0.18,318.11,1449.16,1,23,12,5,1,1
LGS1ORD0004559,C000611,2025-12-28 01:00:00,Male,49,Bronze,TV,Phuket,683,Home_Appliance,PureAir,True,4.2,Campaign,0.15,TV_Show,Credit_Card,1,6000.71,0.18,1080.13,4920.58,4,1,12,6,1,0
LGS1ORD0004560,C001127,2025-12-28 03:00:00,Female,44,Gold,Web,Bangkok,1136,Home_Appliance,HomePro,True,3.97,No Promotion,0.0,Web,Credit_Card,1,9002.24,0.08,720.18,8282.06,5,3,12,6,1,0
LGS1ORD0004561,C000268,2025-12-28 04:00:00,Female,36,Silver,Shopee,Khon Kaen,1346,Fashion,SilkTouch,True,3.72,Clearance,0.25,CallCenter,Credit_Card,4,954.55,0.3,1145.46,2672.74,5,4,12,6,1,1
LGS1ORD0004562,C000553,2025-12-28 06:00:00,Male,53,Bronze,TV,Khon Kaen,1761,Fashion,UrbanWear,False,3.69,Campaign,0.1,TV_Show,Credit_Card,1,510.19,0.13,66.32,443.86,1,6,12,6,1,0
LGS1ORD0004563,C000628,2025-12-28 08:00:00,Male,43,Bronze,CallCenter,Bangkok,1165,Electronics,ShieldCase,False,3.9,Campaign,0.15,TV_Show,COD,1,1997.66,0.18,359.58,1638.08,5,8,12,6,1,0
LGS1ORD0004564,C000756,2025-12-28 10:00:00,Female,34,Bronze,TV,Remote_Area,1063,Health,MediCare,True,4.31,Campaign,0.05,TV_Show,PromptPay,1,699.43,0.08,55.95,643.47,1,10,12,6,1,1
LGS1ORD0004565,C000165,2025-12-28 12:00:00,Male,29,Bronze,Shopee,Bangkok,1756,Cosmetics,FreshLook,False,4.2,No Promotion,0.0,TV_Show,COD,3,1550.02,0.03,139.5,4510.55,1,12,12,6,1,0
LGS1ORD0004566,C000856,2025-12-28 14:00:00,Male,24,Bronze,Web,Songkhla,1072,Electronics,ShieldCase,True,3.7,Clearance,0.2,Web,Credit_Card,1,9376.69,0.23,2156.64,7220.05,1,14,12,6,1,1
LGS1ORD0004567,C000786,2025-12-28 16:00:00,Female,61,Bronze,CallCenter,Chiang Mai,1613,Electronics,NovaTech,True,3.46,Clearance,0.25,CallCenter,COD,1,7729.49,0.28,2164.26,5565.23,5,16,12,6,1,1
LGS1ORD0004568,C000682,2025-12-28 18:00:00,Male,36,Bronze,Shopee,Phuket,439,Fashion,UrbanWear,False,3.61,No Promotion,0.0,Shopee,COD,3,1640.8,0.03,147.67,4774.74,4,18,12,6,1,1
LGS1ORD0004569,C000230,2025-12-28 20:00:00,Male,29,Bronze,Lazada,Nakhon Ratchasima,1505,Fashion,SilkTouch,True,3.72,Campaign,0.15,TV_Show,Credit_Card,1,957.27,0.18,172.31,784.96,4,20,12,6,1,0
LGS1ORD0004570,C000851,2025-12-28 22:00:00,Male,18,Bronze,Lazada,Chiang Mai,1362,Cosmetics,Beauty Lab,False,3.76,Campaign,0.05,TV_Show,COD,2,1759.27,0.08,281.48,3237.05,1,22,12,6,1,1
LGS1ORD0004571,C000169,2025-12-28 23:00:00,Male,42,Bronze,Web,Chiang Mai,1542,Electronics,NovaTech,True,3.64,No Promotion,0.0,CallCenter,COD,2,1447.96,0.03,86.88,2809.04,3,23,12,6,1,0
LGS1ORD0004572,C001088,2025-12-29 01:00:00,Male,44,Platinum,Lazada,Chonburi,1285,Home_Appliance,CleanMate,True,3.71,Campaign,0.1,Shopee,COD,1,9904.44,0.2,1980.89,7923.55,3,1,12,0,0,0
LGS1ORD0004573,C000364,2025-12-29 03:00:00,Female,36,Silver,TV,Bangkok,1107,Electronics,GadgetWorld,False,3.86,No Promotion,0.0,CallCenter,COD,1,4739.99,0.05,237.0,4502.99,1,3,12,0,0,0
LGS1ORD0004574,C000910,2025-12-29 05:00:00,Female,37,Platinum,Shopee,Khon Kaen,1170,Home_Appliance,HomePro,True,4.1,Clearance,0.25,TV_Show,COD,2,3147.49,0.35,2203.24,4091.74,5,5,12,0,0,0
LGS1ORD0004575,C000681,2025-12-29 07:00:00,Male,42,Platinum,TV,Songkhla,1368,Kitchen,KitchenMax,False,4.46,No Promotion,0.0,Web,COD,1,2394.83,0.1,239.48,2155.34,5,7,12,0,0,0
LGS1ORD0004576,C000895,2025-12-29 09:00:00,Other,53,Bronze,CallCenter,Chiang Mai,1668,Home_Appliance,PureAir,False,4.19,No Promotion,0.0,Web,COD,4,5189.26,0.03,622.71,20134.32,4,9,12,0,0,1
LGS1ORD0004577,C000289,2025-12-29 11:00:00,Male,66,Gold,Web,Remote_Area,1165,Cosmetics,Beauty Lab,False,4.04,No Promotion,0.0,TV_Show,COD,1,2174.07,0.08,173.93,2000.15,3,11,12,0,0,1
LGS1ORD0004578,C000631,2025-12-29 13:00:00,Male,29,Gold,TV,Bangkok,1474,Kitchen,KitchenMax,True,4.13,No Promotion,0.0,TV_Show,Credit_Card,2,489.84,0.08,78.37,901.31,4,13,12,0,0,0
LGS1ORD0004579,C000458,2025-12-29 15:00:00,Female,56,Silver,CallCenter,Remote_Area,843,Cosmetics,Beauty Lab,False,4.03,Campaign,0.05,Shopee,COD,1,1850.36,0.1,185.04,1665.32,1,15,12,0,0,1
LGS1ORD0004580,C000989,2025-12-29 17:00:00,Female,56,Silver,Lazada,Chiang Mai,1781,Electronics,GadgetWorld,True,3.92,No Promotion,0.0,TV_Show,COD,1,7342.96,0.05,367.15,6975.81,1,17,12,0,0,0
LGS1ORD0004581,C000600,2025-12-29 18:00:00,Male,42,Platinum,Web,Khon Kaen,1278,Health,VitaLife,True,4.67,Campaign,0.05,Shopee,Credit_Card,1,3601.91,0.15,540.29,3061.62,5,18,12,0,0,0
LGS1ORD0004582,C001177,2025-12-29 20:00:00,Female,57,Gold,Web,Khon Kaen,779,Cosmetics,SunSafe,True,4.02,Campaign,0.05,Shopee,Bank_Transfer,1,1075.38,0.13,139.8,935.58,1,20,12,0,0,1
LGS1ORD0004583,C000373,2025-12-29 22:00:00,Male,35,Bronze,Lazada,Khon Kaen,431,Cosmetics,Beauty Lab,True,4.08,No Promotion,0.0,Lazada,Credit_Card,1,581.47,0.03,17.44,564.03,5,22,12,0,0,0
LGS1ORD0004584,C000052,2025-12-30 00:00:00,Female,61,Silver,Web,Phuket,1638,Kitchen,ChefHome,False,3.68,Campaign,0.15,Web,Bank_Transfer,1,3145.24,0.2,629.05,2516.19,1,0,12,1,0,1
LGS1ORD0004585,C000079,2025-12-30 02:00:00,Female,53,Bronze,TV,Bangkok,383,Fashion,FitStyle,False,3.18,Campaign,0.15,Web,Credit_Card,2,539.46,0.18,194.2,884.71,1,2,12,1,0,1
LGS1ORD0004586,C000396,2025-12-30 04:00:00,Male,66,Silver,Web,Remote_Area,1490,Kitchen,ChefHome,False,4.0,Clearance,0.2,Lazada,PromptPay,2,3415.83,0.25,1707.92,5123.75,5,4,12,1,0,0
LGS1ORD0004587,C000160,2025-12-30 06:00:00,Female,59,Silver,TV,Khon Kaen,483,Home_Appliance,CleanMate,True,4.0,Campaign,0.1,Web,COD,2,11528.08,0.15,3458.42,19597.74,5,6,12,1,0,1
LGS1ORD0004588,C000178,2025-12-30 08:00:00,Female,42,Gold,TV,Chonburi,1347,Cosmetics,SunSafe,False,4.53,Campaign,0.05,Lazada,COD,2,976.24,0.13,253.82,1698.65,5,8,12,1,0,0
LGS1ORD0004589,C001027,2025-12-30 10:00:00,Female,55,Bronze,Lazada,Nakhon Ratchasima,429,Home_Appliance,PureAir,True,3.76,Campaign,0.15,Shopee,Credit_Card,2,4374.43,0.18,1574.79,7174.06,3,10,12,1,0,0
LGS1ORD0004590,C000874,2025-12-30 12:00:00,Male,18,Bronze,Web,Bangkok,1799,Cosmetics,SunSafe,True,4.1,No Promotion,0.0,CallCenter,PromptPay,1,637.26,0.03,19.12,618.14,3,12,12,1,0,0
LGS1ORD0004591,C001147,2025-12-30 13:00:00,Male,33,Platinum,TV,Chiang Mai,1041,Cosmetics,SunSafe,True,4.42,Campaign,0.15,Shopee,COD,3,1909.31,0.25,1431.99,4295.96,1,13,12,1,0,0
LGS1ORD0004592,C000745,2025-12-30 15:00:00,Male,53,Silver,Shopee,Nakhon Ratchasima,1590,Health,VitaLife,False,4.39,No Promotion,0.0,Web,PromptPay,2,2412.73,0.05,241.27,4584.19,3,15,12,1,0,0
LGS1ORD0004593,C000189,2025-12-30 17:00:00,Male,66,Bronze,CallCenter,Bangkok,1624,Kitchen,KitchenMax,False,4.46,Campaign,0.1,Web,COD,1,2437.86,0.13,316.92,2120.94,5,17,12,1,0,0
LGS1ORD0004594,C000920,2025-12-30 19:00:00,Female,41,Bronze,TV,Songkhla,465,Cosmetics,Beauty Lab,False,4.03,Campaign,0.15,TV_Show,Bank_Transfer,2,1734.44,0.18,624.4,2844.48,5,19,12,1,0,0
LGS1ORD0004595,C000170,2025-12-30 21:00:00,Male,50,Silver,TV,Bangkok,1323,Electronics,GadgetWorld,False,4.05,No Promotion,0.0,Web,COD,1,3995.01,0.05,199.75,3795.26,1,21,12,1,0,0
LGS1ORD0004596,C000187,2025-12-30 23:00:00,Male,40,Platinum,CallCenter,Bangkok,696,Fashion,UrbanWear,False,3.8,Campaign,0.1,Lazada,Bank_Transfer,2,1046.87,0.2,418.75,1674.99,1,23,12,1,0,0
LGS1ORD0004597,C000003,2025-12-31 01:00:00,Male,32,Platinum,TV,Phuket,708,Fashion,FitStyle,False,3.36,Campaign,0.1,Shopee,COD,3,980.04,0.2,588.02,2352.09,5,1,12,2,0,1
LGS1ORD0004598,C000838,2025-12-31 03:00:00,Male,58,Bronze,TV,Songkhla,1429,Fashion,UrbanWear,False,3.6,Clearance,0.2,Lazada,COD,1,2359.36,0.23,542.65,1816.71,5,3,12,2,0,1
LGS1ORD0004599,C000398,2025-12-31 05:00:00,Female,43,Silver,TV,Phuket,823,Health,WellPlus,True,4.28,No Promotion,0.0,CallCenter,COD,1,1497.03,0.05,74.85,1422.18,1,5,12,2,0,0
LGS1ORD0004600,C000035,2025-12-31 07:00:00,Female,37,Gold,TV,Chiang Mai,700,Fashion,SilkTouch,False,3.86,Clearance,0.2,Shopee,Bank_Transfer,4,550.46,0.28,616.51,1585.32,4,7,12,2,0,0
LGS1ORD0004601,C000807,2025-12-31 09:00:00,Female,57,Bronze,TV,Remote_Area,1034,Fashion,SilkTouch,False,3.48,Clearance,0.2,TV_Show,COD,2,1785.83,0.23,821.48,2750.17,1,9,12,2,0,1
LGS1ORD0004602,C000410,2025-12-31 10:00:00,Female,18,Silver,Shopee,Chonburi,1786,Kitchen,KitchenMax,True,3.89,No Promotion,0.0,Web,Credit_Card,1,3082.36,0.05,154.12,2928.24,1,10,12,2,0,1
LGS1ORD0004603,C000438,2025-12-31 12:00:00,Male,29,Silver,Web,Khon Kaen,522,Electronics,NovaTech,True,3.71,Campaign,0.15,Shopee,COD,2,2082.6,0.2,833.04,3332.16,4,12,12,2,0,1
LGS1ORD0004604,C001198,2025-12-31 14:00:00,Female,18,Silver,TV,Bangkok,1058,Fashion,UrbanWear,True,3.68,No Promotion,0.0,Web,COD,1,1834.49,0.05,91.72,1742.77,4,14,12,2,0,1
LGS1ORD0004605,C000363,2025-12-31 16:00:00,Male,39,Bronze,TV,Bangkok,653,Electronics,GadgetWorld,True,3.81,Campaign,0.1,CallCenter,Credit_Card,2,9045.89,0.13,2351.93,15739.84,1,16,12,2,0,0
LGS1ORD0004606,C000250,2025-12-31 18:00:00,Male,40,Silver,TV,Chonburi,1207,Home_Appliance,HomePro,True,4.07,No Promotion,0.0,Lazada,Credit_Card,2,1224.86,0.05,122.49,2327.24,1,18,12,2,0,0
LGS1ORD0004607,C000548,2025-12-31 20:00:00,Male,66,Gold,Shopee,Phuket,1656,Fashion,UrbanWear,False,3.45,Campaign,0.05,Web,COD,1,1194.06,0.13,155.23,1038.83,3,20,12,2,0,0
LGS1ORD0004608,C000425,2025-12-31 22:00:00,Male,24,Silver,Shopee,Nakhon Ratchasima,1473,Fashion,UrbanWear,False,3.29,Clearance,0.2,Web,COD,2,1009.71,0.25,504.85,1514.56,1,22,12,2,0,0
LGS1ORD0004609,C000710,2026-01-01 00:00:00,Male,44,Platinum,CallCenter,Songkhla,1073,Cosmetics,SunSafe,True,4.1,Clearance,0.25,Lazada,Credit_Card,2,613.77,0.35,429.64,797.9,5,0,1,3,0,0
LGS1ORD0004610,C000650,2026-01-01 02:00:00,Female,36,Bronze,Web,Bangkok,1008,Electronics,GadgetWorld,False,3.71,Clearance,0.25,TV_Show,Bank_Transfer,1,7164.53,0.28,2006.07,5158.46,3,2,1,3,0,0
LGS1ORD0004611,C000910,2026-01-01 04:00:00,Female,37,Platinum,Shopee,Khon Kaen,1173,Cosmetics,FreshLook,True,3.9,No Promotion,0.0,TV_Show,COD,4,1241.68,0.1,496.67,4470.03,3,4,1,3,0,0
LGS1ORD0004612,C001083,2026-01-01 05:00:00,Female,51,Bronze,Lazada,Bangkok,677,Home_Appliance,PureAir,True,4.14,Campaign,0.1,Web,COD,1,4132.17,0.13,537.18,3594.98,5,5,1,3,0,0
LGS1ORD0004613,C000864,2026-01-01 07:00:00,Male,59,Bronze,Web,Bangkok,1480,Fashion,SilkTouch,False,3.73,Clearance,0.25,Shopee,Bank_Transfer,1,722.98,0.28,202.44,520.55,3,7,1,3,0,0
LGS1ORD0004614,C000550,2026-01-01 09:00:00,Female,41,Silver,CallCenter,Nakhon Ratchasima,1254,Fashion,UrbanWear,False,3.29,Campaign,0.1,TV_Show,COD,1,1090.58,0.15,163.59,926.99,5,9,1,3,0,1
LGS1ORD0004615,C000621,2026-01-01 11:00:00,Male,39,Silver,TV,Chiang Mai,818,Home_Appliance,PureAir,True,4.04,Campaign,0.15,Shopee,COD,1,7849.54,0.2,1569.91,6279.63,3,11,1,3,0,0
LGS1ORD0004616,C000734,2026-01-01 13:00:00,Female,59,Bronze,TV,Phuket,1090,Kitchen,ChefHome,True,4.18,Campaign,0.15,Lazada,COD,1,2510.08,0.18,451.81,2058.27,1,13,1,3,0,1
LGS1ORD0004617,C000940,2026-01-01 15:00:00,Female,52,Silver,TV,Chonburi,1741,Fashion,FitStyle,False,3.55,No Promotion,0.0,TV_Show,Bank_Transfer,1,865.13,0.05,43.26,821.87,1,15,1,3,0,1
LGS1ORD0004618,C000895,2026-01-01 17:00:00,Other,53,Bronze,CallCenter,Chiang Mai,1671,Electronics,GadgetWorld,True,4.17,Campaign,0.05,Shopee,PromptPay,1,2981.58,0.08,238.53,2743.06,5,17,1,3,0,0
LGS1ORD0004619,C000611,2026-01-01 19:00:00,Male,49,Bronze,TV,Phuket,687,Health,MediCare,False,3.79,Campaign,0.15,Shopee,COD,1,343.13,0.18,61.76,281.37,1,19,1,3,0,1
LGS1ORD0004620,C000563,2026-01-01 21:00:00,Female,36,Bronze,TV,Nakhon Ratchasima,941,Fashion,UrbanWear,True,3.78,Campaign,0.1,Shopee,Credit_Card,2,1626.22,0.13,422.82,2829.62,1,21,1,3,0,1
LGS1ORD0004621,C000390,2026-01-01 23:00:00,Male,46,Bronze,CallCenter,Remote_Area,451,Cosmetics,SunSafe,True,3.98,Clearance,0.2,TV_Show,COD,1,2240.44,0.23,515.3,1725.14,4,23,1,3,0,1
LGS1ORD0004622,C000580,2026-01-02 00:00:00,Female,51,Silver,Shopee,Phuket,1176,Electronics,NovaTech,True,3.46,No Promotion,0.0,TV_Show,Credit_Card,3,7152.98,0.05,1072.95,20386.0,3,0,1,4,0,0
LGS1ORD0004623,C000372,2026-01-02 02:00:00,Female,18,Gold,Web,Bangkok,1602,Fashion,UrbanWear,False,3.45,Campaign,0.05,Lazada,COD,1,891.11,0.13,115.84,775.26,4,2,1,4,0,0
LGS1ORD0004624,C000781,2026-01-02 04:00:00,Female,49,Bronze,Web,Khon Kaen,1380,Home_Appliance,CleanMate,False,4.58,Clearance,0.25,TV_Show,Bank_Transfer,1,2274.3,0.28,636.8,1637.49,3,4,1,4,0,0
LGS1ORD0004625,C001156,2026-01-02 06:00:00,Female,42,Silver,Web,Chiang Mai,852,Cosmetics,Beauty Lab,False,3.89,Campaign,0.15,TV_Show,Credit_Card,1,1078.21,0.2,215.64,862.57,3,6,1,4,0,1
LGS1ORD0004626,C000636,2026-01-02 08:00:00,Male,56,Bronze,TV,Remote_Area,566,Kitchen,KitchenMax,False,4.46,No Promotion,0.0,Lazada,COD,4,2522.94,0.03,302.75,9789.03,3,8,1,4,0,0
LGS1ORD0004627,C000283,2026-01-02 10:00:00,Male,40,Bronze,TV,Chiang Mai,1086,Cosmetics,FreshLook,False,3.94,Clearance,0.2,Lazada,Bank_Transfer,2,990.59,0.23,455.67,1525.51,3,10,1,4,0,0
LGS1ORD0004628,C000792,2026-01-02 12:00:00,Male,64,Bronze,Shopee,Nakhon Ratchasima,646,Fashion,SilkTouch,False,3.47,Clearance,0.2,Web,Credit_Card,2,1813.13,0.23,834.04,2792.22,1,12,1,4,0,0
LGS1ORD0004629,C000284,2026-01-02 14:00:00,Female,35,Silver,Shopee,Khon Kaen,828,Kitchen,KitchenMax,True,4.03,Campaign,0.15,Lazada,PromptPay,1,5411.61,0.2,1082.32,4329.29,1,14,1,4,0,0
LGS1ORD0004630,C000552,2026-01-02 16:00:00,Female,34,Silver,TV,Khon Kaen,1660,Kitchen,ChefHome,False,4.34,Campaign,0.15,Web,COD,1,4964.7,0.2,992.94,3971.76,1,16,1,4,0,0
LGS1ORD0004631,C000612,2026-01-02 18:00:00,Female,41,Bronze,TV,Bangkok,1138,Cosmetics,SunSafe,False,4.31,No Promotion,0.0,CallCenter,PromptPay,2,1290.87,0.03,77.45,2504.3,1,18,1,4,0,0
LGS1ORD0004632,C000442,2026-01-02 19:00:00,Male,51,Bronze,Shopee,Bangkok,1027,Home_Appliance,PureAir,False,4.02,Campaign,0.15,TV_Show,COD,2,12858.77,0.18,4629.16,21088.39,3,19,1,4,0,0
LGS1ORD0004633,C001077,2026-01-02 21:00:00,Male,37,Silver,Web,Khon Kaen,833,Electronics,NovaTech,False,4.0,No Promotion,0.0,Lazada,Credit_Card,1,8325.12,0.05,416.26,7908.87,1,21,1,4,0,0
LGS1ORD0004634,C000796,2026-01-02 23:00:00,Female,52,Gold,TV,Chiang Mai,1267,Cosmetics,FreshLook,False,4.05,Campaign,0.1,Shopee,COD,2,717.86,0.18,258.43,1177.29,3,23,1,4,0,0
LGS1ORD0004635,C000237,2026-01-03 01:00:00,Male,59,Gold,Shopee,Nakhon Ratchasima,1708,Electronics,ShieldCase,False,3.8,No Promotion,0.0,TV_Show,PromptPay,1,7095.47,0.08,567.64,6527.83,1,1,1,5,1,0
LGS1ORD0004636,C000933,2026-01-03 03:00:00,Male,39,Gold,Shopee,Chiang Mai,1580,Electronics,NovaTech,False,3.7,No Promotion,0.0,CallCenter,Credit_Card,2,6396.3,0.08,1023.41,11769.18,3,3,1,5,1,0
LGS1ORD0004637,C001003,2026-01-03 05:00:00,Male,38,Gold,Web,Chonburi,484,Health,WellPlus,True,4.28,Campaign,0.05,Web,COD,1,1421.61,0.13,184.81,1236.8,3,5,1,5,1,0
LGS1ORD0004638,C000911,2026-01-03 07:00:00,Female,55,Gold,CallCenter,Bangkok,1493,Cosmetics,FreshLook,False,4.21,Campaign,0.1,Lazada,PromptPay,2,457.71,0.18,164.78,750.65,4,7,1,5,1,0
LGS1ORD0004639,C000787,2026-01-03 09:00:00,Other,40,Silver,Shopee,Nakhon Ratchasima,1164,Fashion,UrbanWear,False,3.6,Campaign,0.05,TV_Show,Credit_Card,2,790.85,0.1,158.17,1423.53,4,9,1,5,1,1
LGS1ORD0004640,C000561,2026-01-03 11:00:00,Male,41,Bronze,TV,Nakhon Ratchasima,968,Fashion,UrbanWear,False,3.75,Clearance,0.2,Lazada,Credit_Card,1,752.09,0.23,172.98,579.11,4,11,1,5,1,0
LGS1ORD0004641,C000514,2026-01-03 13:00:00,Female,53,Bronze,TV,Remote_Area,690,Kitchen,ChefHome,False,4.38,No Promotion,0.0,Lazada,Credit_Card,1,4399.52,0.03,131.99,4267.54,1,13,1,5,1,0
LGS1ORD0004642,C000720,2026-01-03 14:00:00,Other,38,Bronze,Lazada,Bangkok,478,Kitchen,ChefHome,False,4.29,Campaign,0.05,Web,PromptPay,1,1306.16,0.08,104.49,1201.67,1,14,1,5,1,0
LGS1ORD0004643,C000155,2026-01-03 16:00:00,Male,44,Gold,CallCenter,Songkhla,1154,Electronics,ShieldCase,True,3.43,Campaign,0.15,Web,COD,2,5591.3,0.2299999999999999,2572.0,8610.61,3,16,1,5,1,1
LGS1ORD0004644,C001035,2026-01-03 18:00:00,Male,36,Silver,Shopee,Khon Kaen,826,Home_Appliance,PureAir,True,4.2,Clearance,0.2,Shopee,Credit_Card,2,11253.55,0.25,5626.77,16880.32,5,18,1,5,1,0
LGS1ORD0004645,C000402,2026-01-03 20:00:00,Female,35,Bronze,Shopee,Bangkok,761,Fashion,UrbanWear,False,3.72,Campaign,0.05,TV_Show,COD,2,2236.46,0.08,357.83,4115.08,5,20,1,5,1,1
LGS1ORD0004646,C001080,2026-01-03 22:00:00,Male,40,Gold,Lazada,Bangkok,1372,Home_Appliance,CleanMate,True,4.24,No Promotion,0.0,Web,Credit_Card,1,7493.02,0.08,599.44,6893.58,4,22,1,5,1,1
LGS1ORD0004647,C000368,2026-01-04 00:00:00,Male,54,Silver,CallCenter,Chonburi,1019,Fashion,UrbanWear,False,3.45,Clearance,0.2,Web,COD,1,958.84,0.25,239.71,719.13,4,0,1,6,1,0
LGS1ORD0004648,C001059,2026-01-04 02:00:00,Male,42,Bronze,TV,Songkhla,989,Kitchen,KitchenMax,False,4.01,Clearance,0.2,TV_Show,COD,1,3413.34,0.23,785.07,2628.27,3,2,1,6,1,0
LGS1ORD0004649,C001109,2026-01-04 04:00:00,Male,31,Bronze,Shopee,Chiang Mai,583,Home_Appliance,PureAir,True,3.62,Clearance,0.2,CallCenter,COD,1,10555.67,0.23,2427.8,8127.86,5,4,1,6,1,1
LGS1ORD0004650,C000780,2026-01-04 06:00:00,Male,43,Gold,TV,Bangkok,1712,Fashion,FitStyle,False,3.53,Campaign,0.15,Web,PromptPay,1,1768.78,0.2299999999999999,406.82,1361.96,1,6,1,6,1,1
LGS1ORD0004651,C000404,2026-01-04 08:00:00,Male,27,Bronze,TV,Remote_Area,498,Electronics,GadgetWorld,True,4.17,Campaign,0.15,Lazada,Bank_Transfer,1,2845.45,0.18,512.18,2333.27,3,8,1,6,1,0
LGS1ORD0004652,C000701,2026-01-04 09:00:00,Female,43,Bronze,Lazada,Bangkok,1297,Health,VitaLife,True,3.9,Campaign,0.1,CallCenter,COD,2,840.43,0.13,218.51,1462.35,3,9,1,6,1,0
LGS1ORD0004653,C000242,2026-01-04 11:00:00,Male,29,Gold,Web,Khon Kaen,994,Health,VitaLife,False,4.16,Campaign,0.1,TV_Show,Bank_Transfer,1,3381.16,0.18,608.61,2772.55,1,11,1,6,1,1
LGS1ORD0004654,C000735,2026-01-04 13:00:00,Female,38,Bronze,Web,Chonburi,1477,Home_Appliance,CleanMate,True,4.1,Clearance,0.25,Lazada,Credit_Card,2,1242.45,0.28,695.77,1789.12,1,13,1,6,1,0
LGS1ORD0004655,C001022,2026-01-04 15:00:00,Female,43,Silver,Lazada,Bangkok,1407,Electronics,NovaTech,True,3.46,Clearance,0.2,Lazada,COD,1,7129.91,0.25,1782.48,5347.44,5,15,1,6,1,1
LGS1ORD0004656,C000941,2026-01-04 17:00:00,Female,55,Gold,TV,Bangkok,693,Home_Appliance,PureAir,False,4.11,No Promotion,0.0,TV_Show,PromptPay,1,5684.15,0.08,454.73,5229.42,4,17,1,6,1,0
LGS1ORD0004657,C000861,2026-01-04 19:00:00,Female,52,Bronze,Lazada,Bangkok,1435,Electronics,NovaTech,False,3.81,Campaign,0.05,TV_Show,COD,2,10536.23,0.08,1685.8,19386.66,3,19,1,6,1,0
LGS1ORD0004658,C000399,2026-01-04 21:00:00,Female,50,Gold,TV,Nakhon Ratchasima,1149,Home_Appliance,CleanMate,True,4.24,Campaign,0.05,Lazada,COD,1,7121.76,0.13,925.83,6195.93,4,21,1,6,1,0
LGS1ORD0004659,C000428,2026-01-04 23:00:00,Female,35,Silver,Shopee,Chiang Mai,529,Fashion,FitStyle,False,3.59,Campaign,0.1,CallCenter,COD,2,453.44,0.15,136.03,770.84,1,23,1,6,1,1
LGS1ORD0004660,C000268,2026-01-05 01:00:00,Female,36,Silver,Shopee,Khon Kaen,1354,Cosmetics,SunSafe,False,4.47,Clearance,0.25,Shopee,COD,2,1141.22,0.3,684.73,1597.7,3,1,1,0,0,1
LGS1ORD0004661,C000368,2026-01-05 03:00:00,Male,54,Silver,CallCenter,Chonburi,1020,Cosmetics,Beauty Lab,False,3.94,Campaign,0.15,Shopee,Bank_Transfer,4,1665.13,0.2,1332.1,5328.41,3,3,1,0,0,0
LGS1ORD0004662,C000024,2026-01-05 04:00:00,Male,26,Bronze,Shopee,Songkhla,638,Health,MediCare,False,3.79,Campaign,0.05,Web,Credit_Card,2,334.2,0.08,53.47,614.94,5,4,1,0,0,0
LGS1ORD0004663,C001092,2026-01-05 06:00:00,Female,46,Silver,TV,Songkhla,858,Electronics,ShieldCase,False,3.96,Campaign,0.15,Lazada,PromptPay,3,3161.78,0.2,1897.07,7588.26,5,6,1,0,0,0
LGS1ORD0004664,C000570,2026-01-05 08:00:00,Other,49,Bronze,Shopee,Chonburi,1272,Fashion,UrbanWear,False,3.69,No Promotion,0.0,Web,COD,1,2267.67,0.03,68.03,2199.64,1,8,1,0,0,0
LGS1ORD0004665,C000044,2026-01-05 10:00:00,Female,36,Gold,TV,Phuket,1371,Electronics,ShieldCase,False,3.7,Campaign,0.15,TV_Show,PromptPay,1,11710.42,0.2299999999999999,2693.4,9017.02,3,10,1,0,0,0
LGS1ORD0004666,C000072,2026-01-05 12:00:00,Male,44,Bronze,Web,Nakhon Ratchasima,1547,Electronics,GadgetWorld,False,3.57,Campaign,0.15,Shopee,PromptPay,4,609.18,0.18,438.61,1998.11,1,12,1,0,0,1
LGS1ORD0004667,C000586,2026-01-05 14:00:00,Male,51,Bronze,TV,Phuket,672,Cosmetics,SunSafe,False,4.28,Campaign,0.15,Web,COD,2,1273.13,0.18,458.33,2087.93,1,14,1,0,0,0
LGS1ORD0004668,C000821,2026-01-05 16:00:00,Male,56,Bronze,Lazada,Remote_Area,999,Electronics,NovaTech,False,3.6,Campaign,0.15,TV_Show,Credit_Card,1,8541.96,0.18,1537.55,7004.41,4,16,1,0,0,1
LGS1ORD0004669,C001001,2026-01-05 18:00:00,Male,40,Silver,TV,Songkhla,901,Cosmetics,Beauty Lab,False,3.82,Campaign,0.15,Shopee,COD,1,1799.69,0.2,359.94,1439.75,3,18,1,0,0,1
LGS1ORD0004670,C000936,2026-01-05 20:00:00,Male,36,Bronze,CallCenter,Chonburi,1255,Fashion,UrbanWear,True,3.77,Campaign,0.15,TV_Show,Bank_Transfer,1,1818.21,0.18,327.28,1490.93,3,20,1,0,0,1
LGS1ORD0004671,C000869,2026-01-05 22:00:00,Female,46,Gold,Shopee,Bangkok,383,Health,VitaLife,True,3.9,Campaign,0.15,Lazada,PromptPay,1,836.25,0.2299999999999999,192.34,643.91,3,22,1,0,0,0
LGS1ORD0004672,C000194,2026-01-05 23:00:00,Other,30,Silver,Web,Nakhon Ratchasima,1493,Fashion,SilkTouch,False,3.47,Clearance,0.2,TV_Show,Bank_Transfer,2,1792.02,0.25,896.01,2688.03,5,23,1,0,0,1
LGS1ORD0004673,C000561,2026-01-06 01:00:00,Male,41,Bronze,TV,Nakhon Ratchasima,971,Kitchen,CookEasy,False,4.05,No Promotion,0.0,Web,Credit_Card,2,2256.48,0.03,135.39,4377.58,5,1,1,1,0,0
LGS1ORD0004674,C001032,2026-01-06 03:00:00,Male,48,Silver,TV,Chonburi,1255,Cosmetics,SunSafe,True,3.66,Campaign,0.15,TV_Show,Bank_Transfer,1,1260.7,0.2,252.14,1008.56,5,3,1,1,0,0
LGS1ORD0004675,C000009,2026-01-06 05:00:00,Male,51,Silver,TV,Chiang Mai,1090,Kitchen,CookEasy,True,3.86,Campaign,0.15,Web,COD,2,1686.59,0.2,674.64,2698.54,1,5,1,1,0,1
LGS1ORD0004676,C000336,2026-01-06 07:00:00,Female,18,Platinum,Lazada,Khon Kaen,1805,Home_Appliance,PureAir,False,3.96,Campaign,0.15,Shopee,COD,1,3755.29,0.25,938.82,2816.47,1,7,1,1,0,0
LGS1ORD0004677,C000302,2026-01-06 09:00:00,Female,46,Gold,TV,Songkhla,1168,Home_Appliance,HomePro,False,4.29,Campaign,0.05,Shopee,COD,2,1399.58,0.13,363.89,2435.27,1,9,1,1,0,0
LGS1ORD0004678,C001031,2026-01-06 11:00:00,Male,52,Bronze,TV,Remote_Area,784,Cosmetics,Beauty Lab,False,3.79,Clearance,0.2,Web,COD,3,1473.97,0.23,1017.04,3404.87,4,11,1,1,0,1
LGS1ORD0004679,C000313,2026-01-06 13:00:00,Female,25,Gold,Web,Chiang Mai,561,Electronics,NovaTech,False,3.38,No Promotion,0.0,TV_Show,Credit_Card,1,8783.26,0.08,702.66,8080.6,1,13,1,1,0,0
LGS1ORD0004680,C000604,2026-01-06 15:00:00,Male,49,Bronze,Shopee,Remote_Area,785,Health,VitaLife,False,4.26,Campaign,0.15,Web,Credit_Card,1,427.55,0.18,76.96,350.59,1,15,1,1,0,0
LGS1ORD0004681,C000759,2026-01-06 17:00:00,Male,26,Silver,Web,Bangkok,407,Health,VitaLife,True,3.9,Campaign,0.15,Shopee,Credit_Card,1,843.41,0.2,168.68,674.73,5,17,1,1,0,0
LGS1ORD0004682,C000443,2026-01-06 18:00:00,Male,23,Silver,Web,Bangkok,1040,Fashion,FitStyle,False,3.44,Clearance,0.2,CallCenter,Credit_Card,1,812.07,0.25,203.02,609.05,5,18,1,1,0,0
LGS1ORD0004683,C000637,2026-01-06 20:00:00,Female,57,Bronze,Lazada,Nakhon Ratchasima,914,Home_Appliance,PureAir,False,4.02,No Promotion,0.0,Lazada,COD,1,13375.86,0.03,401.28,12974.58,3,20,1,1,0,0
LGS1ORD0004684,C000935,2026-01-06 22:00:00,Male,18,Platinum,Lazada,Bangkok,1216,Electronics,ShieldCase,False,4.03,Clearance,0.25,TV_Show,Credit_Card,1,11119.13,0.35,3891.7,7227.43,3,22,1,1,0,1
LGS1ORD0004685,C001011,2026-01-07 00:00:00,Male,63,Bronze,Web,Bangkok,1140,Fashion,FitStyle,False,3.59,Campaign,0.05,Lazada,COD,1,432.75,0.08,34.62,398.13,3,0,1,2,0,1
LGS1ORD0004686,C000405,2026-01-07 02:00:00,Female,48,Bronze,Shopee,Nakhon Ratchasima,1827,Electronics,GadgetWorld,False,3.89,Campaign,0.15,CallCenter,COD,1,3205.49,0.18,576.99,2628.51,5,2,1,2,0,1
LGS1ORD0004687,C000818,2026-01-07 04:00:00,Female,59,Bronze,Web,Chonburi,1110,Fashion,FitStyle,False,3.18,Clearance,0.25,CallCenter,Credit_Card,1,541.22,0.28,151.54,389.68,3,4,1,2,0,0
LGS1ORD0004688,C000419,2026-01-07 06:00:00,Male,38,Silver,Shopee,Bangkok,1532,Kitchen,ChefHome,False,4.32,Campaign,0.15,CallCenter,COD,1,4833.78,0.2,966.76,3867.02,1,6,1,2,0,0
LGS1ORD0004689,C000193,2026-01-07 08:00:00,Female,40,Silver,CallCenter,Chonburi,1128,Home_Appliance,PureAir,False,4.2,No Promotion,0.0,Shopee,Credit_Card,2,14223.32,0.05,1422.33,27024.3,3,8,1,2,0,0
LGS1ORD0004690,C000528,2026-01-07 10:00:00,Female,33,Gold,Shopee,Bangkok,1426,Fashion,FitStyle,False,3.55,Campaign,0.15,Lazada,COD,2,876.54,0.2299999999999999,403.21,1349.87,3,10,1,2,0,1
LGS1ORD0004691,C000940,2026-01-07 12:00:00,Female,52,Silver,TV,Chonburi,1747,Cosmetics,Beauty Lab,False,3.76,No Promotion,0.0,Lazada,Credit_Card,3,1660.36,0.05,249.05,4732.03,1,12,1,2,0,0
LGS1ORD0004692,C001079,2026-01-07 13:00:00,Male,37,Bronze,TV,Nakhon Ratchasima,1762,Kitchen,ChefHome,False,4.34,No Promotion,0.0,TV_Show,COD,1,2772.39,0.03,83.17,2689.21,1,13,1,2,0,0
LGS1ORD0004693,C000188,2026-01-07 15:00:00,Male,57,Bronze,TV,Chonburi,1386,Fashion,SilkTouch,False,3.5,Clearance,0.2,TV_Show,Bank_Transfer,1,1943.93,0.23,447.1,1496.82,5,15,1,2,0,1
LGS1ORD0004694,C000578,2026-01-07 17:00:00,Male,42,Gold,TV,Songkhla,562,Kitchen,ChefHome,False,3.9,No Promotion,0.0,TV_Show,PromptPay,2,3211.98,0.08,513.92,5910.05,3,17,1,2,0,1
LGS1ORD0004695,C000903,2026-01-07 19:00:00,Female,31,Silver,TV,Chiang Mai,1824,Fashion,SilkTouch,False,3.73,Clearance,0.2,Web,Bank_Transfer,2,657.51,0.25,328.75,986.26,1,19,1,2,0,0
LGS1ORD0004696,C000456,2026-01-07 21:00:00,Female,32,Silver,TV,Bangkok,540,Electronics,NovaTech,False,4.12,Campaign,0.05,CallCenter,PromptPay,2,10656.54,0.1,2131.31,19181.78,3,21,1,2,0,1
LGS1ORD0004697,C000149,2026-01-07 23:00:00,Female,33,Silver,Shopee,Nakhon Ratchasima,1348,Electronics,NovaTech,False,3.81,Campaign,0.05,Lazada,PromptPay,1,10010.33,0.1,1001.03,9009.3,3,23,1,2,0,0
LGS1ORD0004698,C001072,2026-01-08 01:00:00,Male,29,Gold,TV,Chonburi,596,Cosmetics,FreshLook,False,4.22,Campaign,0.15,TV_Show,Credit_Card,1,1524.45,0.2299999999999999,350.62,1173.82,1,1,1,3,0,0
LGS1ORD0004699,C000001,2026-01-08 03:00:00,Male,51,Bronze,Lazada,Bangkok,1588,Home_Appliance,HomePro,True,4.16,Campaign,0.15,Web,COD,1,8617.08,0.18,1551.07,7066.0,5,3,1,3,0,0
LGS1ORD0004700,C000003,2026-01-08 05:00:00,Male,32,Platinum,TV,Phuket,716,Cosmetics,Beauty Lab,False,3.94,Campaign,0.15,Web,COD,1,1745.65,0.25,436.41,1309.24,1,5,1,3,0,1
LGS1ORD0004701,C001089,2026-01-08 07:00:00,Male,52,Bronze,TV,Phuket,1193,Electronics,GadgetWorld,False,3.57,Campaign,0.15,TV_Show,PromptPay,1,579.22,0.18,104.26,474.96,5,7,1,3,0,1
LGS1ORD0004702,C000069,2026-01-08 09:00:00,Female,26,Bronze,Lazada,Khon Kaen,1114,Electronics,ShieldCase,True,3.63,Campaign,0.05,Web,Credit_Card,2,3576.96,0.08,572.31,6581.61,3,9,1,3,0,1
LGS1ORD0004703,C000251,2026-01-08 10:00:00,Female,37,Platinum,Web,Bangkok,1269,Health,VitaLife,False,4.44,Campaign,0.15,Web,COD,1,1507.53,0.25,376.88,1130.65,3,10,1,3,0,0
LGS1ORD0004704,C000606,2026-01-08 12:00:00,Female,42,Silver,Web,Bangkok,735,Health,MediCare,True,4.26,Clearance,0.2,CallCenter,Bank_Transfer,1,4821.89,0.25,1205.47,3616.42,1,12,1,3,0,0
LGS1ORD0004705,C000196,2026-01-08 14:00:00,Male,25,Silver,Lazada,Bangkok,1481,Fashion,FitStyle,False,3.72,Campaign,0.15,Lazada,Credit_Card,1,2131.87,0.2,426.37,1705.5,3,14,1,3,0,0
LGS1ORD0004706,C000797,2026-01-08 16:00:00,Male,25,Gold,Web,Songkhla,1581,Health,VitaLife,True,4.31,Campaign,0.05,CallCenter,PromptPay,2,3261.92,0.13,848.1,5675.74,1,16,1,3,0,0
LGS1ORD0004707,C001165,2026-01-08 18:00:00,Male,72,Bronze,TV,Remote_Area,1618,Cosmetics,FreshLook,False,4.16,Clearance,0.25,Web,Credit_Card,2,2006.13,0.28,1123.43,2888.83,4,18,1,3,0,0
LGS1ORD0004708,C000397,2026-01-08 20:00:00,Male,47,Silver,CallCenter,Nakhon Ratchasima,1575,Home_Appliance,CleanMate,True,4.0,No Promotion,0.0,Lazada,COD,1,10249.5,0.05,512.48,9737.03,3,20,1,3,0,0
LGS1ORD0004709,C000036,2026-01-08 22:00:00,Male,47,Bronze,Shopee,Chiang Mai,798,Home_Appliance,CleanMate,True,4.32,No Promotion,0.0,CallCenter,COD,2,3736.44,0.03,224.19,7248.69,1,22,1,3,0,0
LGS1ORD0004710,C000017,2026-01-09 00:00:00,Female,42,Silver,Shopee,Nakhon Ratchasima,1328,Kitchen,ChefHome,True,3.95,No Promotion,0.0,Shopee,COD,1,1218.81,0.05,60.94,1157.87,3,0,1,4,0,0
LGS1ORD0004711,C000885,2026-01-09 02:00:00,Male,38,Bronze,Shopee,Remote_Area,919,Fashion,FitStyle,False,3.6,Campaign,0.15,CallCenter,Credit_Card,2,2597.26,0.18,935.01,4259.5,1,2,1,4,0,0
LGS1ORD0004712,C000974,2026-01-09 04:00:00,Female,35,Bronze,TV,Remote_Area,1400,Health,MediCare,False,4.62,Campaign,0.15,Shopee,Credit_Card,2,3098.77,0.18,1115.56,5081.99,1,4,1,4,0,0
LGS1ORD0004713,C000492,2026-01-09 05:00:00,Female,43,Silver,Lazada,Nakhon Ratchasima,830,Electronics,ShieldCase,False,3.63,Campaign,0.15,Web,COD,3,5662.48,0.2,3397.49,13589.96,3,5,1,4,0,1
LGS1ORD0004714,C000692,2026-01-09 07:00:00,Female,58,Bronze,TV,Chonburi,1111,Cosmetics,FreshLook,False,4.22,No Promotion,0.0,Shopee,Credit_Card,1,1526.39,0.03,45.79,1480.6,3,7,1,4,0,0
LGS1ORD0004715,C000807,2026-01-09 09:00:00,Female,57,Bronze,TV,Remote_Area,1043,Electronics,NovaTech,False,3.89,No Promotion,0.0,Lazada,Credit_Card,1,6922.7,0.03,207.68,6715.02,3,9,1,4,0,0
LGS1ORD0004716,C000604,2026-01-09 11:00:00,Male,49,Bronze,Shopee,Remote_Area,788,Cosmetics,FreshLook,False,4.07,Clearance,0.2,TV_Show,COD,2,1749.46,0.23,804.75,2694.16,1,11,1,4,0,1
LGS1ORD0004717,C000054,2026-01-09 13:00:00,Male,49,Bronze,CallCenter,Bangkok,1329,Kitchen,ChefHome,False,3.9,Clearance,0.2,TV_Show,COD,1,2882.03,0.23,662.87,2219.16,5,13,1,4,0,1
LGS1ORD0004718,C000193,2026-01-09 15:00:00,Female,40,Silver,CallCenter,Chonburi,1130,Fashion,SilkTouch,False,3.65,Clearance,0.25,Lazada,COD,1,1898.25,0.3,569.47,1328.77,5,15,1,4,0,0
LGS1ORD0004719,C000455,2026-01-09 17:00:00,Male,39,Bronze,TV,Phuket,461,Home_Appliance,CleanMate,True,3.73,Clearance,0.2,CallCenter,COD,1,2017.11,0.23,463.94,1553.18,5,17,1,4,0,1
LGS1ORD0004720,C000455,2026-01-09 19:00:00,Male,39,Bronze,TV,Phuket,461,Health,VitaLife,False,4.47,Campaign,0.05,Shopee,Credit_Card,3,1014.54,0.08,243.49,2800.12,5,19,1,4,0,0
LGS1ORD0004721,C000773,2026-01-09 21:00:00,Female,51,Bronze,Shopee,Khon Kaen,1086,Fashion,FitStyle,False,3.44,Clearance,0.2,Web,COD,3,898.42,0.23,619.91,2075.35,3,21,1,4,0,1
LGS1ORD0004722,C000228,2026-01-09 23:00:00,Female,50,Bronze,CallCenter,Phuket,1580,Electronics,NovaTech,False,4.03,No Promotion,0.0,Lazada,COD,1,8928.76,0.03,267.86,8660.9,5,23,1,4,0,0
LGS1ORD0004723,C000860,2026-01-10 00:00:00,Female,45,Silver,Lazada,Bangkok,392,Electronics,GadgetWorld,True,3.81,Campaign,0.1,TV_Show,COD,2,8813.38,0.15,2644.01,14982.75,5,0,1,5,1,0
LGS1ORD0004724,C000459,2026-01-10 02:00:00,Female,46,Platinum,Web,Phuket,1040,Home_Appliance,PureAir,True,4.11,Campaign,0.1,Web,PromptPay,4,3517.83,0.2,2814.26,11257.05,5,2,1,5,1,0
LGS1ORD0004725,C000288,2026-01-10 04:00:00,Male,42,Bronze,Shopee,Khon Kaen,1508,Cosmetics,FreshLook,False,4.21,No Promotion,0.0,TV_Show,COD,1,875.55,0.03,26.27,849.29,5,4,1,5,1,0
LGS1ORD0004726,C000797,2026-01-10 06:00:00,Male,25,Gold,Web,Songkhla,1583,Electronics,ShieldCase,True,3.63,Clearance,0.2,TV_Show,COD,1,3733.4,0.28,1045.35,2688.05,5,6,1,5,1,0
LGS1ORD0004727,C000289,2026-01-10 08:00:00,Male,66,Gold,Web,Remote_Area,1177,Electronics,NovaTech,False,3.6,Campaign,0.05,TV_Show,COD,4,8610.12,0.13,4477.26,29963.23,4,8,1,5,1,1
LGS1ORD0004728,C001056,2026-01-10 10:00:00,Female,42,Silver,TV,Bangkok,1165,Electronics,NovaTech,True,3.94,Campaign,0.05,Shopee,COD,1,1007.17,0.1,100.72,906.45,4,10,1,5,1,0
LGS1ORD0004729,C000013,2026-01-10 12:00:00,Female,31,Silver,Shopee,Remote_Area,1572,Cosmetics,Beauty Lab,False,3.79,No Promotion,0.0,CallCenter,PromptPay,3,1389.2,0.05,208.38,3959.21,1,12,1,5,1,0
LGS1ORD0004730,C000529,2026-01-10 14:00:00,Female,44,Bronze,TV,Remote_Area,1397,Kitchen,KitchenMax,False,4.0,Campaign,0.05,Web,COD,1,5181.5,0.08,414.52,4766.98,4,14,1,5,1,1
LGS1ORD0004731,C000134,2026-01-10 16:00:00,Female,39,Bronze,Shopee,Bangkok,1594,Kitchen,CookEasy,False,4.09,Campaign,0.15,TV_Show,Bank_Transfer,3,5658.44,0.18,3055.56,13919.75,3,16,1,5,1,0
LGS1ORD0004732,C000920,2026-01-10 18:00:00,Female,41,Bronze,TV,Songkhla,476,Fashion,FitStyle,False,3.48,Campaign,0.15,CallCenter,Credit_Card,1,1937.63,0.18,348.77,1588.86,3,18,1,5,1,1
LGS1ORD0004733,C000140,2026-01-10 19:00:00,Female,59,Gold,TV,Songkhla,777,Fashion,SilkTouch,False,3.65,No Promotion,0.0,Web,COD,2,1853.08,0.08,296.49,3409.67,1,19,1,5,1,0
LGS1ORD0004734,C000102,2026-01-10 21:00:00,Male,26,Bronze,TV,Chonburi,1616,Fashion,FitStyle,False,4.0,Campaign,0.05,Lazada,COD,2,2572.1,0.08,411.54,4732.67,1,21,1,5,1,0
LGS1ORD0004735,C000562,2026-01-10 23:00:00,Male,54,Bronze,Lazada,Bangkok,1417,Cosmetics,SunSafe,False,3.9,Clearance,0.25,Shopee,PromptPay,1,1950.78,0.28,546.22,1404.56,3,23,1,5,1,0
LGS1ORD0004736,C000404,2026-01-11 01:00:00,Male,27,Bronze,TV,Remote_Area,505,Home_Appliance,HomePro,True,3.82,Campaign,0.15,TV_Show,COD,1,2163.03,0.18,389.35,1773.69,5,1,1,6,1,1
LGS1ORD0004737,C000328,2026-01-11 03:00:00,Female,40,Bronze,TV,Bangkok,1507,Home_Appliance,PureAir,True,4.14,No Promotion,0.0,TV_Show,Bank_Transfer,2,3860.79,0.03,231.65,7489.93,4,3,1,6,1,0
LGS1ORD0004738,C000928,2026-01-11 05:00:00,Male,31,Gold,Shopee,Bangkok,1766,Kitchen,KitchenMax,False,4.07,No Promotion,0.0,Shopee,COD,1,3447.1,0.08,275.77,3171.33,4,5,1,6,1,0
LGS1ORD0004739,C000247,2026-01-11 07:00:00,Female,44,Bronze,TV,Chonburi,1217,Home_Appliance,CleanMate,False,3.89,No Promotion,0.0,Lazada,Bank_Transfer,2,11274.6,0.03,676.48,21872.72,1,7,1,6,1,0
LGS1ORD0004740,C000702,2026-01-11 09:00:00,Male,36,Silver,TV,Bangkok,1146,Home_Appliance,PureAir,True,3.7,No Promotion,0.0,Lazada,COD,2,3169.8,0.05,316.98,6022.62,1,9,1,6,1,0
LGS1ORD0004741,C000866,2026-01-11 11:00:00,Female,42,Silver,TV,Chiang Mai,1281,Cosmetics,FreshLook,False,4.05,Campaign,0.15,Lazada,Credit_Card,1,687.56,0.2,137.51,550.05,3,11,1,6,1,1
LGS1ORD0004742,C000426,2026-01-11 13:00:00,Male,45,Silver,Web,Nakhon Ratchasima,800,Electronics,NovaTech,False,3.66,Clearance,0.2,Lazada,COD,1,10680.31,0.25,2670.08,8010.23,3,13,1,6,1,1
LGS1ORD0004743,C000432,2026-01-11 14:00:00,Female,45,Bronze,Web,Songkhla,787,Home_Appliance,PureAir,False,4.11,No Promotion,0.0,Shopee,COD,2,6147.86,0.03,368.87,11926.85,3,14,1,6,1,1
LGS1ORD0004744,C000764,2026-01-11 16:00:00,Male,69,Silver,TV,Songkhla,470,Home_Appliance,CleanMate,False,3.82,Clearance,0.2,Web,COD,1,2139.6,0.25,534.9,1604.7,3,16,1,6,1,1
LGS1ORD0004745,C000431,2026-01-11 18:00:00,Male,56,Silver,CallCenter,Songkhla,1229,Electronics,ShieldCase,False,3.64,Campaign,0.15,Lazada,Credit_Card,2,1139.96,0.2,455.98,1823.93,5,18,1,6,1,1
LGS1ORD0004746,C000266,2026-01-11 20:00:00,Female,44,Bronze,CallCenter,Khon Kaen,1284,Cosmetics,Beauty Lab,False,3.79,No Promotion,0.0,TV_Show,COD,1,1465.27,0.03,43.96,1421.31,3,20,1,6,1,1
LGS1ORD0004747,C000924,2026-01-11 22:00:00,Male,32,Silver,TV,Khon Kaen,1553,Cosmetics,Beauty Lab,True,4.13,Campaign,0.15,Lazada,Credit_Card,1,1724.23,0.2,344.85,1379.38,3,22,1,6,1,0
LGS1ORD0004748,C000591,2026-01-12 00:00:00,Female,43,Bronze,Lazada,Bangkok,1260,Electronics,ShieldCase,False,3.9,Campaign,0.1,TV_Show,COD,4,2138.09,0.13,1111.81,7440.56,3,0,1,0,0,0
LGS1ORD0004749,C001132,2026-01-12 02:00:00,Male,45,Gold,TV,Chiang Mai,1040,Cosmetics,FreshLook,True,3.9,Campaign,0.05,TV_Show,COD,3,1161.89,0.13,453.14,3032.54,4,2,1,0,0,0
LGS1ORD0004750,C000590,2026-01-12 04:00:00,Female,46,Bronze,Shopee,Nakhon Ratchasima,1510,Cosmetics,FreshLook,True,4.1,Campaign,0.05,Lazada,Bank_Transfer,1,1046.81,0.08,83.74,963.07,3,4,1,0,0,0
LGS1ORD0004751,C000998,2026-01-12 06:00:00,Male,44,Bronze,Shopee,Bangkok,1575,Kitchen,ChefHome,False,4.34,Campaign,0.1,TV_Show,Credit_Card,2,2775.12,0.13,721.53,4828.7,1,6,1,0,0,0
LGS1ORD0004752,C000923,2026-01-12 08:00:00,Male,61,Silver,Lazada,Bangkok,506,Electronics,ShieldCase,True,3.86,Campaign,0.1,TV_Show,Credit_Card,2,4343.23,0.15,1302.97,7383.49,1,8,1,0,0,0
LGS1ORD0004753,C000706,2026-01-12 09:00:00,Female,49,Bronze,Lazada,Khon Kaen,1348,Electronics,ShieldCase,False,3.69,Campaign,0.15,Shopee,PromptPay,3,6918.68,0.18,3736.09,17019.94,1,9,1,0,0,0
LGS1ORD0004754,C000431,2026-01-12 11:00:00,Male,56,Silver,CallCenter,Songkhla,1230,Health,WellPlus,False,4.37,Campaign,0.15,TV_Show,COD,3,3767.49,0.2,2260.5,9041.98,4,11,1,0,0,0
LGS1ORD0004755,C000677,2026-01-12 13:00:00,Female,52,Gold,Lazada,Bangkok,1140,Electronics,NovaTech,True,3.64,Campaign,0.15,TV_Show,Credit_Card,1,1653.96,0.2299999999999999,380.41,1273.55,5,13,1,0,0,0
LGS1ORD0004756,C000409,2026-01-12 15:00:00,Female,34,Silver,Web,Bangkok,1189,Kitchen,KitchenMax,True,4.03,Clearance,0.2,TV_Show,COD,2,5118.56,0.25,2559.28,7677.84,3,15,1,0,0,0
LGS1ORD0004757,C000174,2026-01-12 17:00:00,Female,51,Gold,Shopee,Khon Kaen,846,Fashion,UrbanWear,False,3.49,Campaign,0.15,CallCenter,COD,1,551.65,0.2299999999999999,126.88,424.77,5,17,1,0,0,1
LGS1ORD0004758,C000148,2026-01-12 19:00:00,Female,28,Silver,Web,Chiang Mai,1200,Home_Appliance,CleanMate,True,4.06,No Promotion,0.0,Shopee,PromptPay,2,4905.71,0.05,490.57,9320.86,3,19,1,0,0,0
LGS1ORD0004759,C000199,2026-01-12 21:00:00,Female,63,Platinum,Shopee,Chonburi,1061,Home_Appliance,PureAir,False,4.0,Clearance,0.25,TV_Show,COD,1,9914.63,0.35,3470.12,6444.51,5,21,1,0,0,0
LGS1ORD0004760,C000597,2026-01-12 23:00:00,Male,54,Bronze,TV,Chonburi,623,Cosmetics,SunSafe,True,3.96,Campaign,0.1,TV_Show,Credit_Card,2,294.38,0.13,76.54,512.22,3,23,1,0,0,0
LGS1ORD0004761,C001096,2026-01-13 01:00:00,Male,54,Silver,Shopee,Nakhon Ratchasima,791,Fashion,UrbanWear,False,3.51,Campaign,0.05,Shopee,Credit_Card,1,469.54,0.1,46.95,422.58,3,1,1,1,0,0
LGS1ORD0004762,C000529,2026-01-13 03:00:00,Female,44,Bronze,TV,Remote_Area,1400,Fashion,FitStyle,False,3.59,Clearance,0.25,CallCenter,PromptPay,1,1817.71,0.28,508.96,1308.75,1,3,1,1,0,1
LGS1ORD0004763,C001088,2026-01-13 04:00:00,Male,44,Platinum,Lazada,Chonburi,1300,Electronics,GadgetWorld,False,3.78,Campaign,0.1,TV_Show,Bank_Transfer,1,5576.67,0.2,1115.33,4461.34,3,4,1,1,0,0
LGS1ORD0004764,C000421,2026-01-13 06:00:00,Male,50,Bronze,TV,Khon Kaen,1311,Cosmetics,FreshLook,False,4.05,No Promotion,0.0,Lazada,Bank_Transfer,3,758.28,0.03,68.25,2206.59,1,6,1,1,0,0
LGS1ORD0004765,C000665,2026-01-13 08:00:00,Male,39,Silver,TV,Khon Kaen,994,Kitchen,ChefHome,False,3.91,Campaign,0.15,Shopee,COD,1,4189.81,0.2,837.96,3351.85,5,8,1,1,0,0
LGS1ORD0004766,C000596,2026-01-13 10:00:00,Male,55,Silver,TV,Bangkok,1347,Cosmetics,FreshLook,False,4.0,No Promotion,0.0,Lazada,COD,3,369.99,0.05,55.5,1054.47,5,10,1,1,0,0
LGS1ORD0004767,C001066,2026-01-13 12:00:00,Female,50,Silver,Shopee,Songkhla,890,Electronics,NovaTech,True,3.46,Campaign,0.15,Shopee,COD,1,7270.97,0.2,1454.19,5816.77,4,12,1,1,0,1
LGS1ORD0004768,C000543,2026-01-13 14:00:00,Female,47,Bronze,Shopee,Phuket,508,Home_Appliance,CleanMate,False,4.47,Campaign,0.15,Web,Credit_Card,2,15169.95,0.18,5461.18,24878.72,1,14,1,1,0,0
LGS1ORD0004769,C000131,2026-01-13 16:00:00,Male,51,Bronze,TV,Bangkok,1253,Kitchen,ChefHome,False,3.83,Campaign,0.1,TV_Show,Credit_Card,1,2286.9,0.13,297.3,1989.61,1,16,1,1,0,0
LGS1ORD0004770,C000695,2026-01-13 18:00:00,Male,40,Silver,Web,Chiang Mai,493,Electronics,NovaTech,False,3.38,No Promotion,0.0,Lazada,Bank_Transfer,3,8930.99,0.05,1339.65,25453.32,3,18,1,1,0,0
LGS1ORD0004771,C000437,2026-01-13 20:00:00,Female,44,Bronze,CallCenter,Khon Kaen,1601,Fashion,SilkTouch,False,3.87,No Promotion,0.0,Web,Credit_Card,1,2325.48,0.03,69.76,2255.71,1,20,1,1,0,0
LGS1ORD0004772,C000427,2026-01-13 22:00:00,Male,40,Silver,Shopee,Chonburi,1503,Health,MediCare,False,4.77,Clearance,0.2,Web,PromptPay,1,267.55,0.25,66.89,200.66,3,22,1,1,0,0
LGS1ORD0004773,C000499,2026-01-13 23:00:00,Female,45,Silver,TV,Songkhla,484,Health,VitaLife,False,4.26,Campaign,0.05,Web,Credit_Card,1,431.69,0.1,43.17,388.52,5,23,1,1,0,0
LGS1ORD0004774,C000492,2026-01-14 01:00:00,Female,43,Silver,Lazada,Nakhon Ratchasima,835,Kitchen,ChefHome,True,4.23,No Promotion,0.0,Lazada,Credit_Card,2,1833.29,0.05,183.33,3483.25,3,1,1,2,0,0
LGS1ORD0004775,C001063,2026-01-14 03:00:00,Male,58,Bronze,Shopee,Songkhla,822,Kitchen,ChefHome,False,4.27,Campaign,0.05,TV_Show,COD,3,4387.67,0.08,1053.04,12109.97,5,3,1,2,0,0
LGS1ORD0004776,C000057,2026-01-14 05:00:00,Male,61,Bronze,TV,Bangkok,1511,Fashion,SilkTouch,False,3.75,Clearance,0.2,Lazada,COD,1,1500.43,0.23,345.1,1155.33,3,5,1,2,0,1
LGS1ORD0004777,C000128,2026-01-14 07:00:00,Female,33,Gold,TV,Chonburi,1671,Health,VitaLife,False,3.95,No Promotion,0.0,CallCenter,COD,1,1781.77,0.08,142.54,1639.23,5,7,1,2,0,0
LGS1ORD0004778,C000013,2026-01-14 09:00:00,Female,31,Silver,Shopee,Remote_Area,1576,Cosmetics,FreshLook,False,4.05,Campaign,0.15,TV_Show,Credit_Card,3,757.72,0.2,454.63,1818.54,1,9,1,2,0,0
LGS1ORD0004779,C001042,2026-01-14 11:00:00,Female,63,Gold,Lazada,Khon Kaen,749,Fashion,UrbanWear,False,3.29,No Promotion,0.0,TV_Show,Credit_Card,1,1026.92,0.08,82.15,944.76,3,11,1,2,0,1
LGS1ORD0004780,C000140,2026-01-14 13:00:00,Female,59,Gold,TV,Songkhla,781,Cosmetics,SunSafe,False,4.53,No Promotion,0.0,TV_Show,COD,2,812.55,0.08,130.01,1495.1,3,13,1,2,0,0
LGS1ORD0004781,C000167,2026-01-14 15:00:00,Female,53,Bronze,TV,Remote_Area,1018,Home_Appliance,CleanMate,True,4.08,Campaign,0.15,TV_Show,COD,1,12619.07,0.18,2271.43,10347.64,1,15,1,2,0,1
LGS1ORD0004782,C000577,2026-01-14 17:00:00,Male,38,Bronze,TV,Chiang Mai,1154,Health,WellPlus,False,4.37,Campaign,0.05,TV_Show,COD,2,3743.12,0.08,598.9,6887.34,5,17,1,2,0,0
LGS1ORD0004783,C000788,2026-01-14 18:00:00,Female,72,Platinum,Lazada,Nakhon Ratchasima,808,Health,WellPlus,False,4.29,No Promotion,0.0,TV_Show,COD,1,2480.76,0.1,248.08,2232.68,5,18,1,2,0,1
LGS1ORD0004784,C000508,2026-01-14 20:00:00,Female,51,Silver,TV,Bangkok,678,Cosmetics,SunSafe,False,4.53,Clearance,0.2,Lazada,Credit_Card,2,813.3,0.25,406.65,1219.94,5,20,1,2,0,1
LGS1ORD0004785,C001170,2026-01-14 22:00:00,Male,44,Bronze,Web,Chiang Mai,1572,Fashion,SilkTouch,False,3.9,Clearance,0.2,Web,Credit_Card,3,665.03,0.23,458.87,1536.21,3,22,1,2,0,1
LGS1ORD0004786,C000012,2026-01-15 00:00:00,Female,44,Platinum,Lazada,Songkhla,589,Fashion,FitStyle,False,3.48,Campaign,0.15,Shopee,Credit_Card,1,1756.89,0.25,439.22,1317.66,1,0,1,3,0,0
LGS1ORD0004787,C000243,2026-01-15 02:00:00,Female,35,Bronze,Lazada,Bangkok,1425,Cosmetics,Beauty Lab,False,4.11,Clearance,0.25,Lazada,COD,1,1705.89,0.28,477.65,1228.24,4,2,1,3,0,0
LGS1ORD0004788,C000230,2026-01-15 04:00:00,Male,29,Bronze,Lazada,Nakhon Ratchasima,1523,Cosmetics,Beauty Lab,False,4.21,Campaign,0.05,TV_Show,Credit_Card,1,2203.79,0.08,176.3,2027.49,3,4,1,3,0,0
LGS1ORD0004789,C001111,2026-01-15 06:00:00,Male,29,Silver,TV,Bangkok,765,Fashion,SilkTouch,False,3.21,Clearance,0.2,Shopee,COD,3,2026.25,0.25,1519.69,4559.06,1,6,1,3,0,1
LGS1ORD0004790,C000945,2026-01-15 08:00:00,Female,28,Silver,Shopee,Khon Kaen,1585,Kitchen,ChefHome,False,4.18,Campaign,0.1,Shopee,Credit_Card,1,3831.26,0.15,574.69,3256.57,3,8,1,3,0,0
LGS1ORD0004791,C001156,2026-01-15 10:00:00,Female,42,Silver,Web,Chiang Mai,865,Kitchen,ChefHome,True,3.63,No Promotion,0.0,Shopee,COD,4,352.03,0.05,70.41,1337.73,1,10,1,3,0,0
LGS1ORD0004792,C001050,2026-01-15 12:00:00,Male,49,Bronze,Lazada,Chonburi,1483,Electronics,ShieldCase,False,3.82,Campaign,0.1,CallCenter,PromptPay,1,7270.47,0.13,945.16,6325.31,3,12,1,3,0,0
LGS1ORD0004793,C000675,2026-01-15 13:00:00,Male,54,Bronze,Lazada,Chonburi,554,Kitchen,KitchenMax,True,3.76,Campaign,0.15,Shopee,PromptPay,3,3496.06,0.18,1887.87,8600.3,5,13,1,3,0,0
LGS1ORD0004794,C000185,2026-01-15 15:00:00,Male,45,Platinum,Web,Khon Kaen,896,Kitchen,ChefHome,False,3.83,No Promotion,0.0,CallCenter,COD,2,2188.16,0.1,437.63,3938.69,5,15,1,3,0,0
LGS1ORD0004795,C001138,2026-01-15 17:00:00,Male,26,Gold,Lazada,Khon Kaen,988,Kitchen,ChefHome,False,4.38,Campaign,0.15,Shopee,COD,2,5052.43,0.2299999999999999,2324.12,7780.74,3,17,1,3,0,0
LGS1ORD0004796,C000243,2026-01-15 19:00:00,Female,35,Bronze,Lazada,Bangkok,1425,Electronics,ShieldCase,False,3.64,Campaign,0.1,TV_Show,COD,1,1185.55,0.13,154.12,1031.43,5,19,1,3,0,1
LGS1ORD0004797,C000890,2026-01-15 21:00:00,Female,34,Platinum,Lazada,Chonburi,1087,Electronics,ShieldCase,False,3.7,Campaign,0.05,Lazada,COD,3,12279.35,0.15,5525.71,31312.33,4,21,1,3,0,0
LGS1ORD0004798,C000013,2026-01-15 23:00:00,Female,31,Silver,Shopee,Remote_Area,1577,Fashion,UrbanWear,False,3.45,Clearance,0.2,Web,COD,1,925.34,0.25,231.33,694.0,1,23,1,3,0,1
LGS1ORD0004799,C000285,2026-01-16 01:00:00,Female,65,Bronze,Shopee,Chiang Mai,1513,Home_Appliance,HomePro,True,4.07,Clearance,0.2,Web,PromptPay,1,1210.98,0.23,278.53,932.46,1,1,1,4,0,0
LGS1ORD0004800,C000664,2026-01-16 03:00:00,Female,38,Bronze,Lazada,Bangkok,594,Fashion,UrbanWear,False,3.69,Clearance,0.25,TV_Show,PromptPay,3,466.67,0.28,392.0,1008.01,3,3,1,4,0,0
LGS1ORD0004801,C001039,2026-01-16 05:00:00,Male,43,Platinum,Shopee,Bangkok,798,Home_Appliance,PureAir,False,4.15,Campaign,0.05,TV_Show,COD,4,6741.47,0.15,4044.88,22921.01,4,5,1,4,0,0
LGS1ORD0004802,C000253,2026-01-16 07:00:00,Female,60,Bronze,Shopee,Phuket,1727,Electronics,GadgetWorld,False,3.81,Clearance,0.25,Shopee,Credit_Card,2,507.59,0.28,284.25,730.93,1,7,1,4,0,0
LGS1ORD0004803,C000463,2026-01-16 09:00:00,Male,45,Gold,Web,Songkhla,476,Fashion,SilkTouch,True,3.72,Campaign,0.15,Shopee,Credit_Card,2,970.64,0.2299999999999999,446.49,1494.78,1,9,1,4,0,1
LGS1ORD0004804,C000961,2026-01-16 10:00:00,Female,58,Silver,Lazada,Chiang Mai,423,Kitchen,CookEasy,False,4.05,Campaign,0.15,TV_Show,PromptPay,2,2125.08,0.2,850.03,3400.13,5,10,1,4,0,0
LGS1ORD0004805,C000879,2026-01-16 12:00:00,Male,30,Bronze,TV,Phuket,916,Home_Appliance,CleanMate,True,4.11,Clearance,0.25,TV_Show,Bank_Transfer,1,7697.95,0.28,2155.43,5542.52,3,12,1,4,0,0
LGS1ORD0004806,C001191,2026-01-16 14:00:00,Female,33,Gold,CallCenter,Chonburi,816,Fashion,FitStyle,False,3.62,Clearance,0.2,TV_Show,Credit_Card,1,2295.95,0.28,642.87,1653.09,3,14,1,4,0,1
LGS1ORD0004807,C000301,2026-01-16 16:00:00,Male,31,Silver,TV,Khon Kaen,1674,Fashion,SilkTouch,False,3.5,No Promotion,0.0,Web,COD,4,1960.94,0.05,392.19,7451.55,5,16,1,4,0,0
LGS1ORD0004808,C000978,2026-01-16 18:00:00,Female,18,Gold,Shopee,Bangkok,1756,Kitchen,KitchenMax,True,4.03,No Promotion,0.0,Shopee,COD,3,5450.19,0.08,1308.04,15042.51,1,18,1,4,0,0
LGS1ORD0004809,C000236,2026-01-16 20:00:00,Male,53,Gold,Lazada,Bangkok,1371,Kitchen,CookEasy,True,4.09,Clearance,0.2,Web,COD,1,4389.21,0.28,1228.98,3160.23,1,20,1,4,0,0
LGS1ORD0004810,C001101,2026-01-16 22:00:00,Male,29,Gold,Lazada,Khon Kaen,991,Fashion,FitStyle,False,4.0,Campaign,0.1,TV_Show,PromptPay,1,2492.79,0.18,448.7,2044.09,1,22,1,4,0,0
LGS1ORD0004811,C000309,2026-01-17 00:00:00,Male,58,Gold,TV,Bangkok,1610,Health,VitaLife,False,4.35,No Promotion,0.0,Shopee,PromptPay,1,1594.27,0.08,127.54,1466.73,3,0,1,5,1,0
LGS1ORD0004812,C000193,2026-01-17 02:00:00,Female,40,Silver,CallCenter,Chonburi,1138,Electronics,ShieldCase,False,4.03,Campaign,0.1,Shopee,COD,2,9512.17,0.15,2853.65,16170.69,1,2,1,5,1,0
LGS1ORD0004813,C000086,2026-01-17 04:00:00,Male,63,Bronze,TV,Phuket,1738,Home_Appliance,CleanMate,True,4.06,Campaign,0.05,Shopee,PromptPay,2,5147.17,0.08,823.55,9470.79,5,4,1,5,1,0
LGS1ORD0004814,C001139,2026-01-17 05:00:00,Female,66,Bronze,CallCenter,Bangkok,433,Home_Appliance,CleanMate,True,4.24,No Promotion,0.0,Lazada,COD,1,7075.3,0.03,212.26,6863.04,1,5,1,5,1,0
LGS1ORD0004815,C001111,2026-01-17 07:00:00,Male,29,Silver,TV,Bangkok,767,Health,WellPlus,False,4.15,No Promotion,0.0,TV_Show,Credit_Card,1,2381.14,0.05,119.06,2262.08,4,7,1,5,1,0
LGS1ORD0004816,C000896,2026-01-17 09:00:00,Female,37,Bronze,TV,Remote_Area,1817,Kitchen,ChefHome,False,4.13,Campaign,0.1,Lazada,Credit_Card,1,4941.59,0.13,642.41,4299.18,3,9,1,5,1,0
LGS1ORD0004817,C000355,2026-01-17 11:00:00,Male,23,Silver,TV,Chiang Mai,1633,Home_Appliance,PureAir,True,4.0,Campaign,0.05,TV_Show,Credit_Card,1,15315.2,0.1,1531.52,13783.68,3,11,1,5,1,0
LGS1ORD0004818,C000272,2026-01-17 13:00:00,Female,43,Platinum,CallCenter,Chonburi,1681,Electronics,NovaTech,False,3.81,Clearance,0.25,CallCenter,COD,1,10023.44,0.35,3508.2,6515.23,5,13,1,5,1,1
LGS1ORD0004819,C000921,2026-01-17 15:00:00,Female,61,Bronze,TV,Remote_Area,1110,Health,WellPlus,False,4.29,Campaign,0.15,TV_Show,COD,1,2807.85,0.18,505.41,2302.43,5,15,1,5,1,0
LGS1ORD0004820,C001093,2026-01-17 17:00:00,Male,63,Silver,Shopee,Songkhla,1380,Home_Appliance,PureAir,True,4.2,Campaign,0.15,Lazada,Credit_Card,2,11749.27,0.2,4699.71,18798.84,4,17,1,5,1,0
LGS1ORD0004821,C001028,2026-01-17 19:00:00,Female,41,Gold,Web,Remote_Area,1710,Health,WellPlus,False,4.38,Clearance,0.2,TV_Show,COD,2,961.62,0.28,538.51,1384.73,4,19,1,5,1,1
LGS1ORD0004822,C000979,2026-01-17 21:00:00,Male,51,Bronze,TV,Khon Kaen,1117,Electronics,ShieldCase,True,3.63,Campaign,0.15,Lazada,COD,1,3398.97,0.18,611.81,2787.15,3,21,1,5,1,1
LGS1ORD0004823,C000437,2026-01-17 23:00:00,Female,44,Bronze,CallCenter,Khon Kaen,1605,Health,MediCare,False,4.38,No Promotion,0.0,CallCenter,COD,1,2094.68,0.03,62.84,2031.84,1,23,1,5,1,1
LGS1ORD0004824,C000044,2026-01-18 00:00:00,Female,36,Gold,TV,Phuket,1384,Fashion,FitStyle,False,3.62,Campaign,0.15,CallCenter,COD,4,2417.7,0.2299999999999999,2224.29,7446.53,3,0,1,6,1,1
LGS1ORD0004825,C000709,2026-01-18 02:00:00,Female,31,Bronze,Web,Bangkok,979,Cosmetics,SunSafe,False,4.24,No Promotion,0.0,Web,Bank_Transfer,1,1868.78,0.03,56.06,1812.72,1,2,1,6,1,0
LGS1ORD0004826,C000306,2026-01-18 04:00:00,Female,60,Bronze,TV,Phuket,559,Home_Appliance,PureAir,True,3.98,No Promotion,0.0,TV_Show,COD,1,14487.35,0.03,434.62,14052.73,4,4,1,6,1,0
LGS1ORD0004827,C000317,2026-01-18 06:00:00,Female,40,Bronze,TV,Bangkok,1629,Cosmetics,Beauty Lab,True,4.08,Clearance,0.2,TV_Show,COD,1,553.47,0.23,127.3,426.17,3,6,1,6,1,0
LGS1ORD0004828,C000146,2026-01-18 08:00:00,Female,53,Silver,TV,Remote_Area,606,Kitchen,ChefHome,False,4.32,Campaign,0.15,Web,PromptPay,1,4676.33,0.2,935.27,3741.07,5,8,1,6,1,0
LGS1ORD0004829,C000128,2026-01-18 10:00:00,Female,33,Gold,TV,Chonburi,1675,Health,MediCare,True,4.26,Campaign,0.15,TV_Show,COD,1,4526.79,0.2299999999999999,1041.16,3485.63,4,10,1,6,1,0
LGS1ORD0004830,C001139,2026-01-18 12:00:00,Female,66,Bronze,CallCenter,Bangkok,434,Health,MediCare,False,4.15,Campaign,0.15,Shopee,COD,2,4372.74,0.18,1574.19,7171.3,4,12,1,6,1,0
LGS1ORD0004831,C000107,2026-01-18 14:00:00,Female,51,Bronze,TV,Chiang Mai,1394,Kitchen,KitchenMax,False,3.83,No Promotion,0.0,Shopee,COD,1,3816.1,0.03,114.48,3701.62,1,14,1,6,1,0
LGS1ORD0004832,C000628,2026-01-18 16:00:00,Male,43,Bronze,CallCenter,Bangkok,1186,Home_Appliance,HomePro,True,3.97,Clearance,0.2,TV_Show,COD,1,8403.47,0.23,1932.8,6470.67,1,16,1,6,1,0
LGS1ORD0004833,C001092,2026-01-18 18:00:00,Female,46,Silver,TV,Songkhla,871,Home_Appliance,PureAir,False,3.96,Campaign,0.1,Shopee,Credit_Card,1,3859.54,0.15,578.93,3280.61,4,18,1,6,1,0
LGS1ORD0004834,C000096,2026-01-18 19:00:00,Female,42,Silver,TV,Chonburi,1555,Health,VitaLife,False,4.36,Campaign,0.15,Lazada,Credit_Card,2,372.62,0.2,149.05,596.18,4,19,1,6,1,0
LGS1ORD0004835,C000774,2026-01-18 21:00:00,Female,43,Bronze,Web,Chiang Mai,823,Cosmetics,FreshLook,False,3.86,Clearance,0.2,Shopee,COD,2,2167.13,0.23,996.88,3337.37,3,21,1,6,1,1
LGS1ORD0004836,C000269,2026-01-18 23:00:00,Male,43,Silver,Web,Nakhon Ratchasima,1282,Health,VitaLife,False,4.44,Campaign,0.15,CallCenter,Bank_Transfer,1,1518.36,0.2,303.67,1214.69,5,23,1,6,1,0
LGS1ORD0004837,C000865,2026-01-19 01:00:00,Female,49,Gold,TV,Bangkok,851,Cosmetics,Beauty Lab,False,4.21,Campaign,0.1,Shopee,Credit_Card,1,2236.11,0.18,402.5,1833.61,1,1,1,0,0,0
LGS1ORD0004838,C001012,2026-01-19 03:00:00,Male,44,Gold,CallCenter,Remote_Area,1379,Health,VitaLife,False,4.19,Campaign,0.05,CallCenter,Credit_Card,2,3628.57,0.13,943.43,6313.71,1,3,1,0,0,0
LGS1ORD0004839,C000425,2026-01-19 05:00:00,Male,24,Silver,Shopee,Nakhon Ratchasima,1492,Cosmetics,SunSafe,False,4.28,Campaign,0.05,CallCenter,COD,3,1352.25,0.1,405.67,3651.07,1,5,1,0,0,0
LGS1ORD0004840,C000948,2026-01-19 07:00:00,Male,31,Bronze,Web,Chonburi,1263,Fashion,UrbanWear,True,3.61,Campaign,0.1,CallCenter,Bank_Transfer,1,1130.43,0.13,146.96,983.47,3,7,1,0,0,0
LGS1ORD0004841,C000661,2026-01-19 09:00:00,Female,36,Platinum,Lazada,Bangkok,1641,Home_Appliance,PureAir,True,3.92,Campaign,0.15,TV_Show,Credit_Card,3,3210.03,0.25,2407.52,7222.57,4,9,1,0,0,0
LGS1ORD0004842,C000814,2026-01-19 11:00:00,Male,44,Gold,TV,Chonburi,437,Fashion,FitStyle,False,3.41,Campaign,0.1,Web,COD,2,596.01,0.18,214.56,977.46,5,11,1,0,0,0
LGS1ORD0004843,C000809,2026-01-19 13:00:00,Male,49,Bronze,TV,Chonburi,1504,Home_Appliance,CleanMate,True,4.11,Campaign,0.15,Web,COD,1,7807.99,0.18,1405.44,6402.55,5,13,1,0,0,0
LGS1ORD0004844,C000407,2026-01-19 14:00:00,Female,19,Bronze,Shopee,Remote_Area,617,Electronics,GadgetWorld,False,4.07,Campaign,0.15,TV_Show,COD,1,1160.64,0.18,208.92,951.73,3,14,1,0,0,1
LGS1ORD0004845,C000600,2026-01-19 16:00:00,Male,42,Platinum,Web,Khon Kaen,1299,Electronics,NovaTech,True,3.71,Campaign,0.05,TV_Show,PromptPay,1,2076.35,0.15,311.45,1764.9,3,16,1,0,0,0
LGS1ORD0004846,C000010,2026-01-19 18:00:00,Female,42,Bronze,Lazada,Songkhla,1669,Cosmetics,FreshLook,False,4.16,Campaign,0.15,Shopee,COD,1,2219.94,0.18,399.59,1820.35,3,18,1,0,0,1
LGS1ORD0004847,C000255,2026-01-19 20:00:00,Male,68,Bronze,CallCenter,Chonburi,619,Kitchen,CookEasy,False,3.81,No Promotion,0.0,Lazada,Credit_Card,2,1540.53,0.03,92.43,2988.63,1,20,1,0,0,0
LGS1ORD0004848,C000597,2026-01-19 22:00:00,Male,54,Bronze,TV,Chonburi,630,Home_Appliance,CleanMate,True,3.73,Campaign,0.15,Lazada,COD,2,2036.16,0.18,733.02,3339.31,3,22,1,0,0,1
LGS1ORD0004849,C001159,2026-01-20 00:00:00,Female,43,Bronze,TV,Chiang Mai,538,Fashion,UrbanWear,False,3.75,Campaign,0.1,TV_Show,Credit_Card,2,732.82,0.13,190.53,1275.11,3,0,1,1,0,0
LGS1ORD0004850,C000871,2026-01-20 02:00:00,Female,46,Bronze,Web,Chiang Mai,722,Fashion,FitStyle,False,3.69,Campaign,0.15,CallCenter,PromptPay,1,796.96,0.18,143.45,653.51,3,2,1,1,0,0
LGS1ORD0004851,C000807,2026-01-20 04:00:00,Female,57,Bronze,TV,Remote_Area,1054,Health,MediCare,True,4.26,Campaign,0.15,TV_Show,COD,3,4505.4,0.18,2432.92,11083.28,1,4,1,1,0,0
LGS1ORD0004852,C000764,2026-01-20 06:00:00,Male,69,Silver,TV,Songkhla,479,Cosmetics,Beauty Lab,True,4.13,Campaign,0.05,Web,COD,1,1702.65,0.1,170.27,1532.39,3,6,1,1,0,0
LGS1ORD0004853,C000998,2026-01-20 08:00:00,Male,44,Bronze,Shopee,Bangkok,1583,Health,WellPlus,False,4.32,Campaign,0.05,Lazada,Credit_Card,1,3102.07,0.08,248.17,2853.91,1,8,1,1,0,0
LGS1ORD0004854,C001038,2026-01-20 09:00:00,Female,26,Bronze,Web,Chonburi,413,Home_Appliance,HomePro,False,4.04,Campaign,0.1,TV_Show,COD,2,6587.74,0.13,1712.81,11462.67,3,9,1,1,0,0
LGS1ORD0004855,C000912,2026-01-20 11:00:00,Male,30,Silver,Web,Bangkok,398,Kitchen,ChefHome,False,4.15,No Promotion,0.0,TV_Show,PromptPay,1,4410.34,0.05,220.52,4189.82,1,11,1,1,0,0
LGS1ORD0004856,C000762,2026-01-20 13:00:00,Male,51,Platinum,Shopee,Bangkok,1526,Cosmetics,FreshLook,False,4.21,Campaign,0.15,Shopee,Credit_Card,1,1004.52,0.25,251.13,753.39,3,13,1,1,0,0
LGS1ORD0004857,C000502,2026-01-20 15:00:00,Female,53,Platinum,TV,Bangkok,905,Electronics,ShieldCase,False,3.54,Campaign,0.15,Web,COD,2,4960.24,0.25,2480.12,7440.37,3,15,1,1,0,0
LGS1ORD0004858,C001153,2026-01-20 17:00:00,Female,54,Bronze,Web,Chiang Mai,753,Electronics,GadgetWorld,True,3.81,Clearance,0.2,Shopee,Credit_Card,4,9901.62,0.23,9109.49,30496.98,4,17,1,1,0,0
LGS1ORD0004859,C001004,2026-01-20 19:00:00,Male,57,Silver,Web,Bangkok,1039,Fashion,SilkTouch,False,3.87,No Promotion,0.0,TV_Show,PromptPay,1,2422.49,0.05,121.12,2301.36,4,19,1,1,0,1
LGS1ORD0004860,C000555,2026-01-20 21:00:00,Female,30,Silver,TV,Chonburi,1419,Electronics,NovaTech,True,3.46,Campaign,0.15,Lazada,COD,1,8082.8,0.2,1616.56,6466.24,1,21,1,1,0,1
LGS1ORD0004861,C000159,2026-01-20 23:00:00,Female,42,Bronze,CallCenter,Songkhla,1758,Cosmetics,SunSafe,True,4.02,Campaign,0.05,Lazada,COD,1,1096.86,0.08,87.75,1009.11,5,23,1,1,0,0
LGS1ORD0004862,C000483,2026-01-21 01:00:00,Male,49,Bronze,Lazada,Songkhla,1221,Home_Appliance,PureAir,False,4.19,Campaign,0.15,Lazada,PromptPay,1,5631.52,0.18,1013.67,4617.85,5,1,1,2,0,0
LGS1ORD0004863,C001183,2026-01-21 03:00:00,Male,49,Bronze,Shopee,Nakhon Ratchasima,1339,Fashion,UrbanWear,True,3.61,Campaign,0.15,TV_Show,Credit_Card,3,1112.88,0.18,600.95,2737.68,1,3,1,2,0,0
LGS1ORD0004864,C000552,2026-01-21 04:00:00,Female,34,Silver,TV,Khon Kaen,1679,Cosmetics,SunSafe,False,4.06,Campaign,0.05,Shopee,Credit_Card,1,617.84,0.1,61.78,556.06,3,4,1,2,0,0
LGS1ORD0004865,C000442,2026-01-21 06:00:00,Male,51,Bronze,Shopee,Bangkok,1046,Home_Appliance,PureAir,False,4.02,Clearance,0.2,TV_Show,COD,3,12286.08,0.23,8477.39,28380.84,1,6,1,2,0,0
LGS1ORD0004866,C000285,2026-01-21 08:00:00,Female,65,Bronze,Shopee,Chiang Mai,1518,Electronics,ShieldCase,True,3.43,Campaign,0.15,TV_Show,COD,3,5573.38,0.18,3009.63,13710.52,3,8,1,2,0,1
LGS1ORD0004867,C001165,2026-01-21 10:00:00,Male,72,Bronze,TV,Remote_Area,1631,Home_Appliance,PureAir,True,4.08,Campaign,0.1,Lazada,Bank_Transfer,1,1488.91,0.13,193.56,1295.35,1,10,1,2,0,0
LGS1ORD0004868,C000588,2026-01-21 12:00:00,Female,27,Gold,Web,Bangkok,1706,Electronics,ShieldCase,True,3.79,No Promotion,0.0,Web,COD,1,7111.77,0.08,568.94,6542.83,1,12,1,2,0,0
LGS1ORD0004869,C000463,2026-01-21 14:00:00,Male,45,Gold,Web,Songkhla,481,Fashion,UrbanWear,True,3.71,Clearance,0.25,Shopee,COD,2,688.31,0.33,454.28,922.33,3,14,1,2,0,1
LGS1ORD0004870,C000388,2026-01-21 16:00:00,Male,34,Gold,Shopee,Songkhla,1445,Fashion,FitStyle,False,3.59,Clearance,0.2,Web,PromptPay,1,1832.35,0.28,513.06,1319.29,5,16,1,2,0,0
LGS1ORD0004871,C001058,2026-01-21 18:00:00,Female,45,Bronze,Web,Khon Kaen,521,Fashion,FitStyle,False,3.4,Campaign,0.15,Shopee,COD,3,2242.13,0.18,1210.75,5515.63,1,18,1,2,0,1
LGS1ORD0004872,C000542,2026-01-21 20:00:00,Male,53,Platinum,TV,Nakhon Ratchasima,1222,Home_Appliance,CleanMate,True,4.11,No Promotion,0.0,Shopee,Bank_Transfer,1,7520.68,0.1,752.07,6768.61,5,20,1,2,0,1
LGS1ORD0004873,C000301,2026-01-21 22:00:00,Male,31,Silver,TV,Khon Kaen,1679,Electronics,ShieldCase,False,3.96,Clearance,0.2,Shopee,COD,2,3110.98,0.25,1555.49,4666.46,3,22,1,2,0,0
LGS1ORD0004874,C000275,2026-01-21 23:00:00,Male,41,Gold,Shopee,Chiang Mai,584,Kitchen,KitchenMax,True,3.89,Campaign,0.1,Web,Bank_Transfer,1,3868.65,0.18,696.36,3172.29,4,23,1,2,0,0
LGS1ORD0004875,C000932,2026-01-22 01:00:00,Other,54,Bronze,Lazada,Chiang Mai,1393,Home_Appliance,CleanMate,True,3.85,No Promotion,0.0,Lazada,Credit_Card,1,5261.68,0.03,157.85,5103.83,4,1,1,3,0,0
LGS1ORD0004876,C000876,2026-01-22 03:00:00,Male,41,Bronze,CallCenter,Remote_Area,1546,Electronics,GadgetWorld,False,3.61,Clearance,0.2,Lazada,COD,2,5182.87,0.23,2384.12,7981.62,3,3,1,3,0,1
LGS1ORD0004877,C000221,2026-01-22 05:00:00,Female,42,Gold,Lazada,Chonburi,1670,Cosmetics,Beauty Lab,False,3.79,No Promotion,0.0,Lazada,Credit_Card,3,1481.83,0.08,355.64,4089.85,1,5,1,3,0,0
LGS1ORD0004878,C000947,2026-01-22 07:00:00,Male,53,Silver,Web,Songkhla,603,Health,WellPlus,False,4.15,Campaign,0.15,TV_Show,PromptPay,1,2486.63,0.2,497.33,1989.3,1,7,1,3,0,0
LGS1ORD0004879,C001041,2026-01-22 09:00:00,Female,38,Silver,CallCenter,Bangkok,1770,Home_Appliance,PureAir,True,4.08,Campaign,0.05,CallCenter,COD,1,1477.2,0.1,147.72,1329.48,3,9,1,3,0,0
LGS1ORD0004880,C000561,2026-01-22 11:00:00,Male,41,Bronze,TV,Nakhon Ratchasima,987,Cosmetics,Beauty Lab,False,3.76,Campaign,0.15,Lazada,Credit_Card,1,1852.41,0.18,333.43,1518.98,5,11,1,3,0,1
LGS1ORD0004881,C000589,2026-01-22 13:00:00,Female,45,Platinum,Web,Chiang Mai,1627,Electronics,ShieldCase,False,3.97,No Promotion,0.0,Web,COD,1,2927.66,0.1,292.77,2634.9,3,13,1,3,0,1
LGS1ORD0004882,C000761,2026-01-22 15:00:00,Female,51,Platinum,Web,Khon Kaen,915,Electronics,NovaTech,False,3.87,Clearance,0.2,CallCenter,Credit_Card,3,2000.65,0.3,1800.58,4201.36,1,15,1,3,0,0
LGS1ORD0004883,C001000,2026-01-22 17:00:00,Male,33,Bronze,CallCenter,Bangkok,1561,Cosmetics,SunSafe,True,4.7,No Promotion,0.0,Web,Credit_Card,1,1790.75,0.03,53.72,1737.03,3,17,1,3,0,1
LGS1ORD0004884,C000586,2026-01-22 18:00:00,Male,51,Bronze,TV,Phuket,689,Home_Appliance,PureAir,False,4.2,Campaign,0.15,Lazada,COD,2,15105.56,0.18,5438.0,24773.12,1,18,1,3,0,0
LGS1ORD0004885,C000745,2026-01-22 20:00:00,Male,53,Silver,Shopee,Nakhon Ratchasima,1613,Home_Appliance,CleanMate,True,3.75,No Promotion,0.0,Web,COD,2,5059.62,0.05,505.96,9613.28,1,20,1,3,0,1
LGS1ORD0004886,C001199,2026-01-22 22:00:00,Male,72,Bronze,Web,Khon Kaen,1022,Home_Appliance,CleanMate,False,4.07,Campaign,0.05,Lazada,COD,1,7846.63,0.08,627.73,7218.9,5,22,1,3,0,0
LGS1ORD0004887,C000580,2026-01-23 00:00:00,Female,51,Silver,Shopee,Phuket,1197,Electronics,NovaTech,False,4.03,Campaign,0.05,Lazada,COD,3,9727.14,0.1,2918.14,26263.28,3,0,1,4,0,1
LGS1ORD0004888,C000360,2026-01-23 02:00:00,Female,50,Platinum,Shopee,Songkhla,516,Home_Appliance,PureAir,False,4.15,Campaign,0.1,Lazada,COD,4,7043.95,0.2,5635.16,22540.63,1,2,1,4,0,0
LGS1ORD0004889,C000866,2026-01-23 04:00:00,Female,42,Silver,TV,Chiang Mai,1293,Fashion,FitStyle,False,3.62,Campaign,0.15,TV_Show,COD,3,2264.84,0.2,1358.91,5435.62,1,4,1,4,0,1
LGS1ORD0004890,C000003,2026-01-23 06:00:00,Male,32,Platinum,TV,Phuket,731,Fashion,SilkTouch,False,3.73,Clearance,0.2,Web,COD,1,623.65,0.3,187.09,436.55,5,6,1,4,0,1
LGS1ORD0004891,C000349,2026-01-23 08:00:00,Male,39,Gold,Lazada,Bangkok,1736,Health,MediCare,False,4.38,Campaign,0.05,Lazada,COD,1,2229.58,0.13,289.85,1939.74,1,8,1,4,0,1
LGS1ORD0004892,C000887,2026-01-23 10:00:00,Male,36,Bronze,CallCenter,Bangkok,1591,Home_Appliance,HomePro,True,4.1,Campaign,0.15,TV_Show,COD,1,3236.43,0.18,582.56,2653.87,1,10,1,4,0,0
LGS1ORD0004893,C001001,2026-01-23 12:00:00,Male,40,Silver,TV,Songkhla,919,Kitchen,ChefHome,False,3.96,Clearance,0.25,Web,COD,4,4761.71,0.3,5714.06,13332.8,5,12,1,4,0,0
LGS1ORD0004894,C001160,2026-01-23 13:00:00,Female,18,Silver,Shopee,Bangkok,939,Cosmetics,SunSafe,False,4.28,Clearance,0.2,Web,PromptPay,3,1362.26,0.25,1021.69,3065.08,5,13,1,4,0,0
LGS1ORD0004895,C000164,2026-01-23 15:00:00,Female,48,Bronze,TV,Remote_Area,1125,Home_Appliance,HomePro,False,4.05,Campaign,0.05,Lazada,Credit_Card,1,5997.78,0.08,479.82,5517.96,5,15,1,4,0,1
LGS1ORD0004896,C000796,2026-01-23 17:00:00,Female,52,Gold,TV,Chiang Mai,1288,Electronics,ShieldCase,True,3.63,Clearance,0.25,Web,COD,2,3439.62,0.33,2270.15,4609.08,1,17,1,4,0,1
LGS1ORD0004897,C000817,2026-01-23 19:00:00,Male,39,Gold,TV,Bangkok,1423,Home_Appliance,CleanMate,False,4.05,Clearance,0.2,Shopee,COD,1,8445.27,0.28,2364.67,6080.59,5,19,1,4,0,0
LGS1ORD0004898,C000846,2026-01-23 21:00:00,Male,56,Silver,Lazada,Songkhla,1232,Cosmetics,Beauty Lab,False,4.18,Campaign,0.05,Web,Credit_Card,2,543.51,0.1,108.7,978.31,4,21,1,4,0,0
LGS1ORD0004899,C000573,2026-01-23 23:00:00,Female,39,Silver,Web,Bangkok,1737,Electronics,GadgetWorld,False,4.07,No Promotion,0.0,TV_Show,COD,1,1157.47,0.05,57.87,1099.6,4,23,1,4,0,0
LGS1ORD0004900,C000827,2026-01-24 01:00:00,Male,42,Platinum,Lazada,Phuket,1025,Cosmetics,FreshLook,False,4.26,Campaign,0.15,Web,COD,3,2028.05,0.25,1521.04,4563.12,3,1,1,5,1,0
LGS1ORD0004901,C000174,2026-01-24 03:00:00,Female,51,Gold,Shopee,Khon Kaen,858,Cosmetics,Beauty Lab,False,4.03,Campaign,0.1,Lazada,Credit_Card,2,1773.91,0.18,638.61,2909.21,3,3,1,5,1,0
LGS1ORD0004902,C000059,2026-01-24 05:00:00,Male,27,Bronze,Lazada,Chiang Mai,1076,Home_Appliance,PureAir,True,4.2,No Promotion,0.0,Web,COD,1,10627.28,0.03,318.82,10308.46,3,5,1,5,1,0
LGS1ORD0004903,C000392,2026-01-24 07:00:00,Female,34,Gold,Web,Khon Kaen,1001,Health,WellPlus,False,4.14,Campaign,0.05,TV_Show,PromptPay,1,764.96,0.13,99.45,665.52,1,7,1,5,1,0
LGS1ORD0004904,C000706,2026-01-24 09:00:00,Female,49,Bronze,Lazada,Khon Kaen,1360,Kitchen,CookEasy,False,3.81,Campaign,0.15,Shopee,COD,3,1578.03,0.18,852.13,3881.95,5,9,1,5,1,0
LGS1ORD0004905,C000348,2026-01-24 10:00:00,Male,59,Bronze,TV,Khon Kaen,820,Fashion,SilkTouch,False,3.73,Campaign,0.15,TV_Show,Credit_Card,2,680.49,0.18,244.98,1116.0,5,10,1,5,1,1
LGS1ORD0004906,C000127,2026-01-24 12:00:00,Male,53,Bronze,Web,Nakhon Ratchasima,1395,Fashion,FitStyle,False,3.46,No Promotion,0.0,Shopee,COD,2,1449.89,0.03,86.99,2812.79,1,12,1,5,1,1
LGS1ORD0004907,C000851,2026-01-24 14:00:00,Male,18,Bronze,Lazada,Chiang Mai,1389,Fashion,SilkTouch,False,3.47,Campaign,0.15,Web,COD,1,1897.86,0.18,341.61,1556.24,5,14,1,5,1,1
LGS1ORD0004908,C000198,2026-01-24 16:00:00,Male,20,Bronze,TV,Songkhla,473,Cosmetics,SunSafe,True,3.96,Campaign,0.05,TV_Show,Credit_Card,1,284.4,0.08,22.75,261.65,1,16,1,5,1,0
LGS1ORD0004909,C001120,2026-01-24 18:00:00,Female,18,Bronze,TV,Khon Kaen,483,Electronics,NovaTech,False,3.77,Campaign,0.15,TV_Show,COD,1,6146.8,0.18,1106.42,5040.38,1,18,1,5,1,0
LGS1ORD0004910,C000587,2026-01-24 20:00:00,Female,55,Bronze,Shopee,Remote_Area,1659,Cosmetics,FreshLook,True,3.9,No Promotion,0.0,Web,Bank_Transfer,1,1175.41,0.03,35.26,1140.15,3,20,1,5,1,0
LGS1ORD0004911,C000368,2026-01-24 22:00:00,Male,54,Silver,CallCenter,Chonburi,1039,Fashion,SilkTouch,False,3.86,No Promotion,0.0,CallCenter,COD,1,2098.23,0.05,104.91,1993.32,1,22,1,5,1,0
LGS1ORD0004912,C000573,2026-01-25 00:00:00,Female,39,Silver,Web,Bangkok,1739,Home_Appliance,HomePro,False,4.09,Campaign,0.1,CallCenter,Credit_Card,1,14576.63,0.15,2186.49,12390.13,1,0,1,6,1,0
LGS1ORD0004913,C001033,2026-01-25 02:00:00,Female,37,Bronze,Shopee,Remote_Area,594,Fashion,FitStyle,False,3.51,Clearance,0.2,Lazada,COD,2,893.72,0.23,411.11,1376.33,5,2,1,6,1,1
LGS1ORD0004914,C000756,2026-01-25 04:00:00,Female,34,Bronze,TV,Remote_Area,1091,Cosmetics,FreshLook,False,3.89,No Promotion,0.0,Web,PromptPay,1,439.36,0.03,13.18,426.18,4,4,1,6,1,0
LGS1ORD0004915,C001056,2026-01-25 05:00:00,Female,42,Silver,TV,Bangkok,1180,Electronics,ShieldCase,True,3.43,Campaign,0.15,TV_Show,COD,1,5296.07,0.2,1059.21,4236.85,3,5,1,6,1,1
LGS1ORD0004916,C000415,2026-01-25 07:00:00,Female,47,Gold,Lazada,Phuket,1404,Fashion,UrbanWear,False,3.6,Clearance,0.2,Web,Credit_Card,1,808.82,0.28,226.47,582.35,3,7,1,6,1,1
LGS1ORD0004917,C000249,2026-01-25 09:00:00,Male,54,Bronze,TV,Bangkok,935,Kitchen,ChefHome,False,4.15,No Promotion,0.0,CallCenter,Bank_Transfer,2,4293.27,0.03,257.6,8328.95,5,9,1,6,1,0
LGS1ORD0004918,C000781,2026-01-25 11:00:00,Female,49,Bronze,Web,Khon Kaen,1403,Electronics,GadgetWorld,False,3.83,Campaign,0.05,Shopee,COD,4,2369.07,0.08,758.1,8718.19,3,11,1,6,1,0
LGS1ORD0004919,C000884,2026-01-25 13:00:00,Male,27,Bronze,Shopee,Chonburi,1629,Electronics,ShieldCase,False,3.69,Clearance,0.2,Lazada,PromptPay,1,6949.75,0.23,1598.44,5351.31,1,13,1,6,1,0
LGS1ORD0004920,C000356,2026-01-25 15:00:00,Male,32,Silver,Web,Chonburi,1715,Electronics,ShieldCase,False,3.82,No Promotion,0.0,Lazada,COD,1,7100.41,0.05,355.02,6745.39,3,15,1,6,1,1
LGS1ORD0004921,C000089,2026-01-25 17:00:00,Male,39,Bronze,TV,Khon Kaen,1572,Fashion,FitStyle,True,3.85,No Promotion,0.0,Lazada,COD,1,1064.85,0.03,31.95,1032.9,1,17,1,6,1,0
LGS1ORD0004922,C000674,2026-01-25 19:00:00,Female,34,Bronze,Shopee,Khon Kaen,648,Fashion,FitStyle,False,3.59,Campaign,0.1,Shopee,Bank_Transfer,2,1689.07,0.13,439.16,2938.98,1,19,1,6,1,0
LGS1ORD0004923,C000741,2026-01-25 21:00:00,Female,69,Bronze,TV,Chiang Mai,736,Fashion,FitStyle,False,3.53,Clearance,0.2,CallCenter,Credit_Card,4,1832.52,0.23,1685.91,5644.15,3,21,1,6,1,0
LGS1ORD0004924,C001006,2026-01-25 23:00:00,Male,45,Bronze,Lazada,Chiang Mai,728,Electronics,GadgetWorld,False,4.05,Campaign,0.05,Lazada,Credit_Card,3,4012.8,0.08,963.07,11075.32,3,23,1,6,1,0
LGS1ORD0004925,C000794,2026-01-26 00:00:00,Female,49,Bronze,Web,Bangkok,1390,Electronics,GadgetWorld,True,3.92,No Promotion,0.0,TV_Show,Credit_Card,1,7162.25,0.03,214.87,6947.38,4,0,1,0,0,0
LGS1ORD0004926,C000335,2026-01-26 02:00:00,Male,19,Gold,Web,Bangkok,1788,Health,VitaLife,True,4.05,Campaign,0.1,Lazada,PromptPay,1,3813.86,0.18,686.49,3127.37,5,2,1,0,0,1
LGS1ORD0004927,C000340,2026-01-26 04:00:00,Female,28,Gold,Lazada,Songkhla,582,Fashion,FitStyle,False,3.53,Campaign,0.15,Web,COD,1,1953.88,0.2299999999999999,449.39,1504.49,5,4,1,0,0,1
LGS1ORD0004928,C000726,2026-01-26 06:00:00,Female,43,Silver,Shopee,Nakhon Ratchasima,1412,Fashion,UrbanWear,False,3.49,Clearance,0.25,CallCenter,COD,1,496.59,0.3,148.98,347.61,3,6,1,0,0,1
LGS1ORD0004929,C000754,2026-01-26 08:00:00,Female,32,Gold,Web,Bangkok,552,Cosmetics,Beauty Lab,False,4.5,No Promotion,0.0,Shopee,Bank_Transfer,1,1187.13,0.08,94.97,1092.16,3,8,1,0,0,0
LGS1ORD0004930,C000932,2026-01-26 10:00:00,Other,54,Bronze,Lazada,Chiang Mai,1397,Home_Appliance,PureAir,True,4.2,Campaign,0.05,Shopee,COD,1,10193.8,0.08,815.5,9378.3,3,10,1,0,0,0
LGS1ORD0004931,C000220,2026-01-26 12:00:00,Female,50,Gold,TV,Chiang Mai,402,Cosmetics,FreshLook,False,4.22,No Promotion,0.0,Web,Credit_Card,1,1608.42,0.08,128.67,1479.75,3,12,1,0,0,0
LGS1ORD0004932,C000036,2026-01-26 14:00:00,Male,47,Bronze,Shopee,Chiang Mai,816,Kitchen,ChefHome,True,4.23,No Promotion,0.0,TV_Show,COD,1,1925.81,0.03,57.77,1868.04,1,14,1,0,0,0
LGS1ORD0004933,C000473,2026-01-26 16:00:00,Female,71,Gold,Lazada,Bangkok,1746,Cosmetics,FreshLook,False,3.93,No Promotion,0.0,Web,COD,2,1491.86,0.08,238.7,2745.03,3,16,1,0,0,0
LGS1ORD0004934,C000562,2026-01-26 18:00:00,Male,54,Bronze,Lazada,Bangkok,1433,Fashion,FitStyle,False,3.41,Clearance,0.25,TV_Show,COD,1,574.13,0.28,160.76,413.37,3,18,1,0,0,1
LGS1ORD0004935,C000911,2026-01-26 19:00:00,Female,55,Gold,CallCenter,Bangkok,1516,Electronics,GadgetWorld,False,3.66,No Promotion,0.0,CallCenter,COD,2,6531.61,0.08,1045.06,12018.16,3,19,1,0,0,0
LGS1ORD0004936,C001074,2026-01-26 21:00:00,Female,30,Bronze,Web,Bangkok,779,Home_Appliance,PureAir,False,3.58,Clearance,0.2,Shopee,Bank_Transfer,1,8409.05,0.23,1934.08,6474.97,1,21,1,0,0,1
LGS1ORD0004937,C001038,2026-01-26 23:00:00,Female,26,Bronze,Web,Chonburi,419,Electronics,GadgetWorld,False,3.71,Clearance,0.25,Shopee,PromptPay,1,7797.91,0.28,2183.41,5614.49,4,23,1,0,0,0
LGS1ORD0004938,C000316,2026-01-27 01:00:00,Female,27,Silver,TV,Chiang Mai,696,Fashion,UrbanWear,False,3.22,Clearance,0.2,TV_Show,COD,1,881.02,0.25,220.26,660.77,1,1,1,1,0,1
LGS1ORD0004939,C000573,2026-01-27 03:00:00,Female,39,Silver,Web,Bangkok,1741,Electronics,NovaTech,False,3.75,No Promotion,0.0,TV_Show,Bank_Transfer,2,10200.59,0.05,1020.06,19381.12,5,3,1,1,0,0
LGS1ORD0004940,C000356,2026-01-27 05:00:00,Male,32,Silver,Web,Chonburi,1717,Fashion,UrbanWear,False,3.72,Campaign,0.15,CallCenter,PromptPay,2,2349.79,0.2,939.92,3759.66,3,5,1,1,0,0
LGS1ORD0004941,C001085,2026-01-27 07:00:00,Male,48,Bronze,CallCenter,Phuket,1057,Health,MediCare,False,4.51,No Promotion,0.0,Web,COD,1,3160.4,0.03,94.81,3065.58,5,7,1,1,0,0
LGS1ORD0004942,C000602,2026-01-27 09:00:00,Male,55,Gold,Web,Chiang Mai,1654,Kitchen,CookEasy,True,3.86,No Promotion,0.0,CallCenter,COD,1,1701.83,0.08,136.15,1565.68,1,9,1,1,0,0
LGS1ORD0004943,C000556,2026-01-27 11:00:00,Female,54,Silver,Shopee,Khon Kaen,726,Electronics,ShieldCase,False,3.69,Campaign,0.05,CallCenter,COD,2,6476.9,0.1,1295.38,11658.42,3,11,1,1,0,0
LGS1ORD0004944,C000066,2026-01-27 13:00:00,Male,61,Bronze,Shopee,Nakhon Ratchasima,1116,Health,WellPlus,True,4.22,Clearance,0.2,Lazada,COD,1,4320.3,0.23,993.67,3326.63,3,13,1,1,0,0
LGS1ORD0004945,C000436,2026-01-27 14:00:00,Female,70,Bronze,Web,Phuket,1684,Electronics,NovaTech,False,3.77,No Promotion,0.0,TV_Show,COD,2,5673.15,0.03,340.39,11005.92,5,14,1,1,0,0
LGS1ORD0004946,C001054,2026-01-27 16:00:00,Male,44,Silver,Web,Chiang Mai,949,Cosmetics,Beauty Lab,False,4.18,Clearance,0.2,Shopee,PromptPay,1,581.29,0.25,145.32,435.97,4,16,1,1,0,0
LGS1ORD0004947,C000445,2026-01-27 18:00:00,Female,30,Platinum,Shopee,Songkhla,1108,Home_Appliance,PureAir,True,3.92,Campaign,0.1,Lazada,Bank_Transfer,1,3168.19,0.2,633.64,2534.55,3,18,1,1,0,0
LGS1ORD0004948,C000359,2026-01-27 20:00:00,Female,43,Silver,TV,Bangkok,1161,Cosmetics,FreshLook,False,4.0,Campaign,0.15,Shopee,COD,1,2078.54,0.2,415.71,1662.84,4,20,1,1,0,0
LGS1ORD0004949,C000731,2026-01-27 22:00:00,Male,40,Silver,Web,Bangkok,550,Health,VitaLife,False,4.36,No Promotion,0.0,Web,Bank_Transfer,1,379.5,0.05,18.97,360.52,1,22,1,1,0,0
LGS1ORD0004950,C000926,2026-01-28 00:00:00,Male,56,Bronze,TV,Songkhla,822,Fashion,SilkTouch,False,3.86,No Promotion,0.0,TV_Show,Credit_Card,1,2081.21,0.03,62.44,2018.78,3,0,1,2,0,1
LGS1ORD0004951,C001178,2026-01-28 02:00:00,Female,36,Bronze,Lazada,Khon Kaen,656,Home_Appliance,HomePro,True,3.97,Campaign,0.15,Lazada,COD,1,9621.91,0.18,1731.94,7889.96,5,2,1,2,0,0
LGS1ORD0004952,C000803,2026-01-28 04:00:00,Female,26,Gold,TV,Bangkok,1450,Health,VitaLife,False,4.44,Campaign,0.05,Shopee,COD,1,1504.64,0.13,195.6,1309.04,1,4,1,2,0,1
LGS1ORD0004953,C000624,2026-01-28 06:00:00,Female,30,Silver,Lazada,Chonburi,1693,Cosmetics,FreshLook,False,4.05,Campaign,0.05,Lazada,PromptPay,2,710.51,0.1,142.1,1278.92,4,6,1,2,0,0
LGS1ORD0004954,C000918,2026-01-28 08:00:00,Male,59,Silver,Web,Bangkok,822,Cosmetics,Beauty Lab,True,4.21,No Promotion,0.0,Lazada,COD,1,2056.73,0.05,102.84,1953.89,3,8,1,2,0,0
LGS1ORD0004955,C000827,2026-01-28 09:00:00,Male,42,Platinum,Lazada,Phuket,1029,Fashion,FitStyle,False,3.41,Clearance,0.25,TV_Show,COD,1,547.25,0.35,191.54,355.72,3,9,1,2,0,1
LGS1ORD0004956,C000020,2026-01-28 11:00:00,Female,18,Bronze,Web,Chonburi,1138,Cosmetics,FreshLook,False,4.12,Campaign,0.15,Shopee,COD,1,169.46,0.18,30.5,138.95,3,11,1,2,0,1
LGS1ORD0004957,C001010,2026-01-28 13:00:00,Male,29,Bronze,Lazada,Remote_Area,1555,Fashion,FitStyle,False,3.55,No Promotion,0.0,Web,PromptPay,2,853.02,0.03,51.18,1654.87,5,13,1,2,0,0
LGS1ORD0004958,C000909,2026-01-28 15:00:00,Male,43,Gold,Shopee,Chonburi,1664,Electronics,GadgetWorld,False,3.66,No Promotion,0.0,CallCenter,Credit_Card,2,6629.81,0.08,1060.77,12198.85,1,15,1,2,0,0
LGS1ORD0004959,C000822,2026-01-28 17:00:00,Female,44,Silver,TV,Bangkok,1850,Home_Appliance,CleanMate,False,3.82,Campaign,0.15,Web,COD,2,2067.92,0.2,827.17,3308.67,4,17,1,2,0,1
LGS1ORD0004960,C000597,2026-01-28 19:00:00,Male,54,Bronze,TV,Chonburi,639,Home_Appliance,HomePro,True,4.33,Campaign,0.15,Lazada,COD,1,10252.95,0.18,1845.53,8407.42,5,19,1,2,0,0
LGS1ORD0004961,C000081,2026-01-28 21:00:00,Male,45,Bronze,CallCenter,Remote_Area,593,Electronics,NovaTech,False,3.7,Clearance,0.2,Shopee,PromptPay,2,6473.22,0.23,2977.68,9968.76,1,21,1,2,0,1
LGS1ORD0004962,C000897,2026-01-28 23:00:00,Male,42,Silver,Web,Nakhon Ratchasima,1616,Fashion,UrbanWear,False,3.6,No Promotion,0.0,TV_Show,COD,2,2377.86,0.05,237.79,4517.94,1,23,1,2,0,1
LGS1ORD0004963,C000599,2026-01-29 01:00:00,Male,56,Bronze,TV,Remote_Area,1637,Home_Appliance,HomePro,False,4.09,No Promotion,0.0,TV_Show,Credit_Card,2,14012.11,0.03,840.73,27183.49,5,1,1,3,0,0
LGS1ORD0004964,C000716,2026-01-29 03:00:00,Female,29,Silver,Web,Chiang Mai,1844,Fashion,SilkTouch,True,3.72,Clearance,0.2,Web,Bank_Transfer,2,940.5,0.25,470.25,1410.75,4,3,1,3,0,0
LGS1ORD0004965,C000257,2026-01-29 04:00:00,Male,46,Gold,Web,Bangkok,1560,Home_Appliance,CleanMate,True,4.11,Campaign,0.1,CallCenter,COD,1,7775.77,0.18,1399.64,6376.13,1,4,1,3,0,0
LGS1ORD0004966,C000743,2026-01-29 06:00:00,Male,48,Bronze,Lazada,Khon Kaen,1110,Fashion,FitStyle,True,3.85,No Promotion,0.0,TV_Show,COD,1,1142.37,0.03,34.27,1108.1,3,6,1,3,0,1
LGS1ORD0004967,C000111,2026-01-29 08:00:00,Male,43,Silver,TV,Chonburi,1200,Electronics,ShieldCase,False,3.82,Campaign,0.15,Web,PromptPay,1,7203.14,0.2,1440.63,5762.51,4,8,1,3,0,0
LGS1ORD0004968,C000092,2026-01-29 10:00:00,Female,52,Gold,TV,Khon Kaen,552,Fashion,FitStyle,False,3.53,No Promotion,0.0,TV_Show,COD,1,1692.12,0.08,135.37,1556.75,4,10,1,3,0,0
LGS1ORD0004969,C000120,2026-01-29 12:00:00,Male,48,Platinum,Web,Songkhla,1173,Fashion,FitStyle,False,3.44,Clearance,0.25,Lazada,COD,2,805.92,0.35,564.15,1047.7,1,12,1,3,0,1
LGS1ORD0004970,C000896,2026-01-29 14:00:00,Female,37,Bronze,TV,Remote_Area,1829,Cosmetics,SunSafe,True,3.98,No Promotion,0.0,TV_Show,Bank_Transfer,1,2017.96,0.03,60.54,1957.42,5,14,1,3,0,0
LGS1ORD0004971,C000722,2026-01-29 16:00:00,Male,40,Bronze,TV,Songkhla,1076,Home_Appliance,PureAir,True,4.2,No Promotion,0.0,TV_Show,Credit_Card,2,11445.8,0.03,686.75,22204.86,5,16,1,3,0,0
LGS1ORD0004972,C000997,2026-01-29 18:00:00,Male,42,Silver,TV,Phuket,1341,Cosmetics,Beauty Lab,False,4.15,No Promotion,0.0,TV_Show,PromptPay,1,1144.2,0.05,57.21,1086.99,5,18,1,3,0,0
LGS1ORD0004973,C000971,2026-01-29 20:00:00,Male,40,Bronze,Web,Chonburi,641,Fashion,FitStyle,False,3.7,Campaign,0.05,Shopee,Credit_Card,1,2232.51,0.08,178.6,2053.91,1,20,1,3,0,0
LGS1ORD0004974,C001125,2026-01-29 22:00:00,Male,57,Bronze,TV,Phuket,1343,Electronics,NovaTech,True,4.02,Campaign,0.1,Shopee,COD,2,9780.72,0.13,2542.99,17018.45,1,22,1,3,0,1
LGS1ORD0004975,C000661,2026-01-29 23:00:00,Female,36,Platinum,Lazada,Bangkok,1651,Health,MediCare,False,4.37,Clearance,0.25,Shopee,PromptPay,1,3747.98,0.35,1311.79,2436.19,4,23,1,3,0,0
LGS1ORD0004976,C000884,2026-01-30 01:00:00,Male,27,Bronze,Shopee,Chonburi,1634,Cosmetics,SunSafe,False,4.06,No Promotion,0.0,Web,Credit_Card,2,620.35,0.03,37.22,1203.49,5,1,1,4,0,0
LGS1ORD0004977,C000671,2026-01-30 03:00:00,Female,22,Gold,Shopee,Bangkok,1379,Kitchen,ChefHome,True,4.18,Campaign,0.1,TV_Show,Credit_Card,2,2434.26,0.18,876.33,3992.18,5,3,1,4,0,0
LGS1ORD0004978,C000322,2026-01-30 05:00:00,Female,37,Gold,Web,Bangkok,1275,Electronics,GadgetWorld,False,3.78,No Promotion,0.0,CallCenter,COD,1,5376.97,0.08,430.16,4946.81,3,5,1,4,0,0
LGS1ORD0004979,C000873,2026-01-30 07:00:00,Male,49,Gold,Lazada,Khon Kaen,908,Cosmetics,SunSafe,False,4.28,No Promotion,0.0,CallCenter,COD,3,1371.77,0.08,329.22,3786.08,1,7,1,4,0,0
LGS1ORD0004980,C001132,2026-01-30 09:00:00,Male,45,Gold,TV,Chiang Mai,1058,Kitchen,ChefHome,False,4.34,Clearance,0.2,CallCenter,Bank_Transfer,3,5102.66,0.28,4286.23,11021.74,1,9,1,4,0,0
LGS1ORD0004981,C000070,2026-01-30 11:00:00,Female,53,Gold,TV,Nakhon Ratchasima,1512,Electronics,ShieldCase,False,4.03,No Promotion,0.0,Shopee,COD,1,10612.4,0.08,848.99,9763.41,5,11,1,4,0,0
LGS1ORD0004982,C000340,2026-01-30 13:00:00,Female,28,Gold,Lazada,Songkhla,586,Home_Appliance,CleanMate,True,4.1,Clearance,0.2,Lazada,COD,2,1298.65,0.28,727.24,1870.05,3,13,1,4,0,0
LGS1ORD0004983,C000313,2026-01-30 15:00:00,Female,25,Gold,Web,Chiang Mai,585,Fashion,FitStyle,False,3.46,No Promotion,0.0,Shopee,COD,1,1335.84,0.08,106.87,1228.98,1,15,1,4,0,0
LGS1ORD0004984,C000961,2026-01-30 17:00:00,Female,58,Silver,Lazada,Chiang Mai,437,Electronics,GadgetWorld,False,3.81,Clearance,0.25,Web,COD,1,523.93,0.3,157.18,366.75,4,17,1,4,0,0
LGS1ORD0004985,C000075,2026-01-30 18:00:00,Female,31,Bronze,CallCenter,Chonburi,1045,Fashion,UrbanWear,False,3.75,Campaign,0.15,CallCenter,PromptPay,2,818.78,0.18,294.76,1342.81,4,18,1,4,0,1
LGS1ORD0004986,C000177,2026-01-30 20:00:00,Female,42,Gold,Shopee,Chonburi,1237,Kitchen,KitchenMax,True,3.89,Campaign,0.05,Lazada,Credit_Card,2,3916.71,0.13,1018.34,6815.07,5,20,1,4,0,0
LGS1ORD0004987,C000114,2026-01-30 22:00:00,Female,57,Platinum,Lazada,Phuket,1040,Home_Appliance,PureAir,True,4.06,Clearance,0.25,TV_Show,COD,1,4241.71,0.35,1484.6,2757.11,1,22,1,4,0,1
LGS1ORD0004988,C000314,2026-01-31 00:00:00,Female,53,Bronze,TV,Chiang Mai,999,Fashion,SilkTouch,True,3.91,Campaign,0.05,TV_Show,COD,3,646.64,0.08,155.19,1784.74,1,0,1,5,1,1
LGS1ORD0004989,C000045,2026-01-31 02:00:00,Male,37,Gold,Web,Chonburi,1783,Health,MediCare,False,3.83,Clearance,0.25,TV_Show,COD,1,3718.94,0.33,1227.25,2491.69,5,2,1,5,1,0
LGS1ORD0004990,C000877,2026-01-31 04:00:00,Female,29,Bronze,TV,Songkhla,726,Fashion,SilkTouch,False,3.47,Campaign,0.15,Web,COD,1,1811.21,0.18,326.02,1485.2,5,4,1,5,1,1
LGS1ORD0004991,C001065,2026-01-31 06:00:00,Female,30,Bronze,TV,Chiang Mai,1616,Home_Appliance,HomePro,True,3.73,Campaign,0.15,Shopee,COD,1,9710.72,0.18,1747.93,7962.79,3,6,1,5,1,1
LGS1ORD0004992,C000858,2026-01-31 08:00:00,Female,38,Bronze,TV,Chiang Mai,459,Cosmetics,SunSafe,True,4.7,Clearance,0.2,CallCenter,Credit_Card,1,1896.21,0.23,436.13,1460.08,1,8,1,5,1,0
LGS1ORD0004993,C000338,2026-01-31 10:00:00,Male,54,Bronze,Shopee,Khon Kaen,1003,Electronics,NovaTech,False,3.89,Campaign,0.05,TV_Show,Credit_Card,1,7009.93,0.08,560.79,6449.13,4,10,1,5,1,0
LGS1ORD0004994,C001079,2026-01-31 12:00:00,Male,37,Bronze,TV,Nakhon Ratchasima,1786,Health,VitaLife,False,4.35,Campaign,0.1,TV_Show,Credit_Card,1,1579.19,0.13,205.29,1373.89,1,12,1,5,1,0
LGS1ORD0004995,C000105,2026-01-31 13:00:00,Male,46,Silver,TV,Khon Kaen,888,Electronics,GadgetWorld,True,4.0,Clearance,0.2,TV_Show,COD,1,2579.38,0.25,644.85,1934.54,1,13,1,5,1,0
LGS1ORD0004996,C000880,2026-01-31 15:00:00,Female,26,Gold,Shopee,Chonburi,836,Health,WellPlus,False,4.29,Campaign,0.15,Web,COD,1,2605.36,0.2299999999999999,599.23,2006.13,4,15,1,5,1,0
LGS1ORD0004997,C000857,2026-01-31 17:00:00,Female,56,Bronze,Shopee,Songkhla,1557,Electronics,GadgetWorld,False,3.98,No Promotion,0.0,Web,Bank_Transfer,1,3255.83,0.03,97.67,3158.15,3,17,1,5,1,0
LGS1ORD0004998,C000694,2026-01-31 19:00:00,Female,39,Gold,Shopee,Chiang Mai,1340,Kitchen,KitchenMax,False,4.09,Clearance,0.2,Shopee,Credit_Card,2,1262.72,0.28,707.12,1818.32,4,19,1,5,1,1
LGS1ORD0004999,C000388,2026-01-31 21:00:00,Male,34,Gold,Shopee,Songkhla,1455,Home_Appliance,PureAir,False,3.96,Campaign,0.1,Lazada,PromptPay,1,3809.97,0.18,685.79,3124.18,3,21,1,5,1,0
LGS1ORD0005000,C000302,2026-01-31 23:00:00,Female,46,Gold,TV,Songkhla,1193,Electronics,NovaTech,False,3.6,Campaign,0.05,Shopee,COD,1,8540.02,0.13,1110.2,7429.82,1,23,1,5,1,0
