channel_type,rows,return_count,return_rate,avg_amount,return_rate_pct,lift_vs_average
TikTok,12729,4148,0.3258700604917904,2042.0547175740435,32.59,1.114
Shopee,12587,3732,0.29649638515929133,2034.5148168745532,29.65,1.014
TV_Show,12438,3574,0.2873452323524682,2058.7621402154687,28.73,0.983
Mobile_App,12246,3166,0.2585333986607872,2067.4546382492244,25.85,0.884
