category,rows,return_count,return_rate,avg_amount,return_rate_pct,lift_vs_average
Electronics,9828,3458,0.35185185185185186,1982.9004375254376,35.19,1.203
Home_Appliance,9895,3427,0.34633653360282973,3149.723597776655,34.63,1.184
Fashion,9609,3045,0.31689041523571654,1871.8338536788428,31.69,1.084
Cosmetics,10523,2706,0.25715100256580825,1722.645633374513,25.72,0.879
Supplement,10145,1984,0.19556431739773286,1553.3142927550518,19.56,0.669
