rating_band,rows,return_count,return_rate,avg_amount,return_rate_pct,lift_vs_average
<=3.8,7291,2934,0.40241393498834177,1923.2665615141955,40.24,1.376
3.8-4.2,14986,4798,0.3201654877886027,1890.3330108100895,32.02,1.095
>4.6,10168,2894,0.284618410700236,2874.770407159717,28.46,0.973
4.2-4.6,17555,3994,0.2275135289091427,1762.7429792082028,22.75,0.778
