payment_method,rows,return_count,return_rate,avg_amount,return_rate_pct,lift_vs_average
COD,16991,6698,0.3942086987228533,2046.7310046495204,39.42,1.348
Credit_Card,16199,3903,0.24094079881474165,2043.154392246435,24.09,0.824
Bank_Transfer,16810,4019,0.23908387864366448,2061.4884592504463,23.91,0.818
