membership_tier,rows,return_count,return_rate,avg_amount,return_rate_pct,lift_vs_average
Gold,8301,4109,0.49500060233706783,1916.970365016263,49.5,1.693
Platinum,2214,1067,0.48193315266486,1772.2314814814815,48.19,1.648
Bronze,22689,5871,0.2587597514213936,2139.0621226144826,25.88,0.885
Silver,16796,3573,0.21272922124315313,2033.639765420338,21.27,0.728
