discount_band,rows,return_count,return_rate,avg_amount,return_rate_pct,lift_vs_average
10-15%,8755,4161,0.4752712735579669,1933.1223300970873,47.53,1.625
>25%,359,170,0.4735376044568245,1452.0612813370474,47.35,1.619
15-25%,4173,1727,0.41385094656122695,1773.83345315121,41.39,1.415
<=5%,20753,5317,0.2562039223244832,2160.4514287091024,25.62,0.876
5-10%,15960,3245,0.20332080200501254,2057.822932330827,20.33,0.695
