history_band,rows,return_count,return_rate,avg_amount,return_rate_pct,lift_vs_average
75-100%,3757,3440,0.9156241682193239,2038.8433590630823,91.56,3.131
50-75%,2997,2583,0.8618618618618619,1993.8843843843845,86.19,2.948
25-50%,5675,3217,0.5668722466960352,2049.8707488986784,56.69,1.939
0-25%,6686,2045,0.30586299730780736,2090.371597367634,30.59,1.046
0,30885,3335,0.107981220657277,2048.9505747126436,10.8,0.369
