province,rows,return_count,return_rate,avg_amount,return_rate_pct,lift_vs_average
Remote_Area,8003,4624,0.577783331250781,2020.456516306385,57.78,1.976
Songkhla,6198,2094,0.3378509196515005,2039.503146176186,33.79,1.155
Phuket,6678,1950,0.2920035938903863,2075.5935160227614,29.2,0.999
Khon Kaen,6309,1504,0.23838960215565067,2049.3409415121255,23.84,0.815
Chonburi,6310,1386,0.2196513470681458,2062.67852614897,21.97,0.751
Chiang Mai,6013,1281,0.21303841676367868,2040.8307833028439,21.3,0.729
Nonthaburi,5548,1033,0.18619322278298486,2034.5109949531363,18.62,0.637
Bangkok,4941,748,0.15138635903663225,2095.029751062538,15.14,0.518
