scenario,threshold,accuracy,precision,recall,f1,cost_thb,tn,fp,fn,tp
default_0_50,0.5,0.6786666666666666,0.4627831715210356,0.6559633027522935,0.5426944971537002,19550.0,366.0,166.0,75.0,143.0
highest_accuracy,0.68,0.7413333333333333,0.6395348837209303,0.25229357798165136,0.3618421052631579,26000.0,501.0,31.0,163.0,55.0
balanced_accuracy_recall,0.63,0.7306666666666667,0.5493827160493827,0.40825688073394495,0.46842105263157896,23000.0,459.0,73.0,129.0,89.0
lowest_cost,0.4,0.616,0.41784037558685444,0.8165137614678899,0.5527950310559007,18400.0,284.0,248.0,40.0,178.0
best_f1,0.47,0.668,0.4553314121037464,0.7247706422018348,0.5592920353982301,18450.0,343.0,189.0,60.0,158.0
