{
  "candidate": "v2_xgboost_safe_plus_rolling",
  "production_safe": true,
  "raw_feature_count": 60,
  "encoded_feature_count": 60,
  "selected_threshold": 0.49,
  "accuracy": 0.7106666666666667,
  "precision": 0.5020242914979757,
  "recall": 0.5688073394495413,
  "f1": 0.5333333333333333,
  "auc": 0.7146737255983997,
  "avg_precision": 0.4722520271264352,
  "cost": 20250,
  "tn": 409,
  "fp": 123,
  "fn": 94,
  "tp": 124,
  "performance_rating": "B",
  "selection_score_val": 0.5919411621656033,
  "accuracy_threshold": 0.66,
  "accuracy_at_accuracy_threshold": 0.7213333333333334,
  "recall_at_accuracy_threshold": 0.24770642201834864,
  "f1_at_accuracy_threshold": 0.34069400630914826,
  "cost_at_accuracy_threshold": 26850,
  "f1_threshold": 0.39,
  "f1_at_f1_threshold": 0.5380530973451327,
  "recall_at_f1_threshold": 0.6972477064220184,
  "cost_threshold": 0.39,
  "cost_at_cost_threshold": 19650,
  "feature_policy": "V2 order-time-safe features plus customer rolling history windows."
}