scenario,threshold,accuracy,precision,recall,f1,auc,cost,tn,fp,fn,tp
default_threshold_0_50,0.5,0.6786666666666666,0.4627831715210356,0.6559633027522935,0.5426944971537002,0.736583431054701,19550,366,166,75,143
optimal_cost_threshold,0.4,0.616,0.41784037558685444,0.8165137614678899,0.5527950310559007,0.736583431054701,18400,284,248,40,178
